osm_key,nppes_key,osm_source,osm_record_id,osm_name,osm_other_names,osm_address,osm_postal_code,osm_phone,nppes_source,nppes_record_id,nppes_name,nppes_other_names,nppes_address,nppes_postal_code,nppes_phone,distance_m
osm:node/10134443644,nppes:1225696925,osm,node/10134443644,Park Dental Brookpark,,6437 Brooklyn Boulevard,,+1-763-531-7177,nppes,1225696925,"MINNESOTA DENTAL PROFESSIONALS, P.C.",DENTAL CARE OF BROOKLYN PARK,5901 94TH AVE N STE 105,55443,763-703-2512,
osm:node/10134443644,nppes:1518033695,osm,node/10134443644,Park Dental Brookpark,,6437 Brooklyn Boulevard,,+1-763-531-7177,nppes,1518033695,"PDG,P.A.",PARK DENTAL,6437 BROOKLYN BLVD,55429,763-531-7177,26
osm:node/10134443644,nppes:1578606778,osm,node/10134443644,Park Dental Brookpark,,6437 Brooklyn Boulevard,,+1-763-531-7177,nppes,1578606778,"DENTAL SPECIALISTS OF MINNESOTA, PLLC",THE DENTAL SPECIALISTS,6437 BROOKLYN BLVD,55429,952-926-3128,26
osm:node/10134443644,nppes:1689732133,osm,node/10134443644,Park Dental Brookpark,,6437 Brooklyn Boulevard,,+1-763-531-7177,nppes,1689732133,"PDG,P.A.",PARK DENTAL,"4670 PARK NICOLLET AVE SE, SUITE 100",55372,952-447-7606,
osm:node/10134443644,nppes:1710001284,osm,node/10134443644,Park Dental Brookpark,,6437 Brooklyn Boulevard,,+1-763-531-7177,nppes,1710001284,ORTHODONTIC CARE GROUP,ORTHODONTIC CARE SPECIALISTS,6437 BROOKLYN BLVD,55429,763-535-6010,26
osm:node/10245351037,nppes:1356854442-pl4,osm,node/10245351037,Minneapolis Dentistry Company,,,,+1 612-256-4333,nppes,1356854442-pl4,SMILE ORTHODONTICS STILLWATER LLC,SMILE ORTHODONTICS|SM:)E ORTHO,3007 LYNDALE AVE S,55408,651-351-7777,131
osm:node/10245351037,nppes:1609718311,osm,node/10245351037,Minneapolis Dentistry Company,,,,+1 612-256-4333,nppes,1609718311,"PA K. YANG, DDS PPLC",,2936 ALDRICH AVE S,55408,612-256-4333,74
osm:node/10245351037,nppes:1821493396,osm,node/10245351037,Minneapolis Dentistry Company,,,,+1 612-256-4333,nppes,1821493396,"FIANT DENTAL, PLLC",,2937 LYNDALE AVE S,55408,612-827-7400,141
osm:node/10597376675,nppes:1255870531,osm,node/10597376675,Eden Prairie Dental Care,,,,,nppes,1255870531,"DENTISTS OF EDEN PRAIRIE, PC",DENTISTS OF EDEN PRAIRIE,"13000 TECHNOLOGY DR, SUITE 110",55344,952-562-1463,1021
osm:node/10597376675,nppes:1457969636,osm,node/10597376675,Eden Prairie Dental Care,,,,,nppes,1457969636,EDEN PRAIRIE ORTHODONTIC ASSOC,,8200 COMMONWEALTH DR # 100,55344,952-829-0686,104
osm:node/10597376675,nppes:1700534138,osm,node/10597376675,Eden Prairie Dental Care,,,,,nppes,1700534138,"NORTHLAND DENTAL PARTNERS, PLLC",METRO DENTALCARE EDEN PRAIRIE,8353 CRYSTAL VIEW RD STE 105,55344,952-252-4000,168
osm:node/10597376685,nppes:1073727293,osm,node/10597376685,Pediatric Dentistry,,,,,nppes,1073727293,FLORENA LLC,DR. ANGELA WANDERA AND ASSOCIATES,8785 COLUMBINE RD,55344,952-941-7393,71
osm:node/10597376689,nppes:1073727293,osm,node/10597376689,Anderson Lakes Dental,,8775 Columbine Road,55344,,nppes,1073727293,FLORENA LLC,DR. ANGELA WANDERA AND ASSOCIATES,8785 COLUMBINE RD,55344,952-941-7393,99
osm:node/10604807800,nppes:1316913411,osm,node/10604807800,Metro Dentalcare,,,,,nppes,1316913411,"METRO DENTALCARE, PLC",,17597 CEDAR AVE,55044,952-431-6600,
osm:node/10604807800,nppes:1497403810,osm,node/10604807800,Metro Dentalcare,,,,,nppes,1497403810,"NORTHLAND DENTAL PARTNERS, PLLC",METRO DENTALCARE BROOKLYN CENTER,512 66TH AVE N,55430,763-560-3334,
osm:node/10604807800,nppes:1689324311,osm,node/10604807800,Metro Dentalcare,,,,,nppes,1689324311,"NORTHLAND DENTAL PARTNERS, PLLC",METRO DENTALCARE MAPLE GROVE GROVE CIRCLE,9630 GROVE CIR N STE 102,55369,763-420-5484,
osm:node/10604807800,nppes:1881841021,osm,node/10604807800,Metro Dentalcare,,,,,nppes,1881841021,NORTHLAND DENTAL PARTNERS PLLC,METRO DENTALCARE,4670 PARK NICOLLET AVE SE,55372,952-447-7606,
osm:node/10604807800,nppes:1891443263,osm,node/10604807800,Metro Dentalcare,,,,,nppes,1891443263,"NORTHLAND DENTAL PARTNERS, PLLC",METRO DENTALCARE WOODBURY,429 COMMERCE DR STE 400,55125,651-731-2342,
osm:node/10652451249,nppes:1255490389,osm,node/10652451249,Lakes Dental Clinic,,,,,nppes,1255490389,LAKES DENTAL ASSOC PA,LAKES DENTAL CLINIC,956 WEST BROADWAY,55025,651-464-7277,33
osm:node/10652451249,nppes:1619451192,osm,node/10652451249,Lakes Dental Clinic,,,,,nppes,1619451192,"MINNESOTA DENTAL PROFESSIONALS, P.C.",SOUTHWEST DENTAL CARE,107 12TH ST SW STE 2,55025,612-261-4998,232
osm:node/10681831525,nppes:1023681152,osm,node/10681831525,Minnesota Orthodontics,,,,,nppes,1023681152,"ORTHODONTIC PARTNERS OF MINNESOTA, PLLC",DUNN ORTHODONTICS,650 COMMERCE DR STE 170,55125,651-738-3866,
osm:node/10681831525,nppes:1043715204,osm,node/10681831525,Minnesota Orthodontics,,,,,nppes,1043715204,"MINNESOTA DENTAL PROFESSIONALS, P.C.",PILOT KNOB DENTAL CARE,16138 PILOT KNOB RD,55044,952-679-7779,53
osm:node/10681831525,nppes:1043715204-pl1,osm,node/10681831525,Minnesota Orthodontics,,,,,nppes,1043715204-pl1,"MINNESOTA DENTAL PROFESSIONALS, P.C.",PILOT KNOB DENTAL CARE,16138 PILOT KNOB RD,55044,612-354-8875,53
osm:node/10681831525,nppes:1578505152-pl2,osm,node/10681831525,Minnesota Orthodontics,,,,,nppes,1578505152-pl2,MINNESOTA ORTHODONTICS,NORTHFIELD ORTHODONTICS,14643 MERCANTILE DR N STE 113,55038,651-450-7273,
osm:node/10681831525,nppes:1578505152-pl4,osm,node/10681831525,Minnesota Orthodontics,,,,,nppes,1578505152-pl4,MINNESOTA ORTHODONTICS,NORTHFIELD ORTHODONTICS,14643 MERCANTILE DR N STE 113,55038,651-450-7273,
osm:node/10681831525,nppes:1578505152-pl6,osm,node/10681831525,Minnesota Orthodontics,,,,,nppes,1578505152-pl6,MINNESOTA ORTHODONTICS,NORTHFIELD ORTHODONTICS,16106 PILOT KNOB RD STE 120,55044,651-450-7273,65
osm:node/10737423667,nppes:1124198635,osm,node/10737423667,Rogers Dental Center,,,,,nppes,1124198635,A GENTLE DENTAL CENTER OF ROGERS,,"14115 JAMES RD, SUITE 303",55374,763-428-2226,
osm:node/10737423667,nppes:1386715704,osm,node/10737423667,Rogers Dental Center,,,,,nppes,1386715704,ROGERS DENTAL CENTER P.A.,,21410 136TH AVE NORTH SUITE #109,55374,763-428-2217,
osm:node/10737423667,nppes:1619496700,osm,node/10737423667,Rogers Dental Center,,,,,nppes,1619496700,ROGERS MINNESOTA ORTHODONTICS PLLC,ROGERS MINNESOTA ORTHODONTICS,13690 ROGERS DR STE 100,55374,651-450-7273,87
osm:node/11007656046,nppes:1043365992,osm,node/11007656046,Park Dental Lakeville,,,,,nppes,1043365992,"ARNOLD ORTHODONTICS, PA","THOMAS G. ARNOLD, DDS, MS",10920 175TH CT W,55044,952-892-5300,92
osm:node/11007656046,nppes:1255442620,osm,node/11007656046,Park Dental Lakeville,,,,,nppes,1255442620,LAKEVILLE FAMILY DENTAL CENTRE PA,,16375 KENRICK AVE STE 200,55044,952-435-5905,1799
osm:node/11007656046,nppes:1386489318,osm,node/11007656046,Park Dental Lakeville,,,,,nppes,1386489318,"DENTALIGN, PA",TC ORTHODONTICS,10920 175TH COURT W,55044,952-892-5300,92
osm:node/11007656046,nppes:1689732133,osm,node/11007656046,Park Dental Lakeville,,,,,nppes,1689732133,"PDG,P.A.",PARK DENTAL,"4670 PARK NICOLLET AVE SE, SUITE 100",55372,952-447-7606,
osm:node/11104668358,nppes:1588899199,osm,node/11104668358,Plaza Dental,,,,,nppes,1588899199,COSMOPOLITAN ORTHODONTICS LLC,,17757 JUNIPER PATH,55044,951-469-3333,68
osm:node/11104668359,nppes:1588899199,osm,node/11104668359,Cosmopolitan Orthodontics,,,,,nppes,1588899199,COSMOPOLITAN ORTHODONTICS LLC,,17757 JUNIPER PATH,55044,951-469-3333,33
osm:node/11166194880,nppes:1497991798,osm,node/11166194880,North St. Paul Dentistry,,"2601 Centennial Drive, 102",55109,+1-651-777-6454,nppes,1497991798,NORTH ST. PAUL DENTAL,,2082 11TH AVE E,55109,651-770-6260,1726
osm:node/11166194880,nppes:1619287562,osm,node/11166194880,North St. Paul Dentistry,,"2601 Centennial Drive, 102",55109,+1-651-777-6454,nppes,1619287562,NORTHDALE DENTIST PA,,"2147, NORTHDALE BLVD NW.",55433,763-497-6977,
osm:node/11166194880,nppes:1871755991,osm,node/11166194880,North St. Paul Dentistry,,"2601 Centennial Drive, 102",55109,+1-651-777-6454,nppes,1871755991,PAUL E. NELSON D.D.S.,,2377 MARGARET ST N,55109,651-777-3009,272
osm:node/11215325078,nppes:1518125160,osm,node/11215325078,Health Sense Dental,,"6140 Lake Linden Drive, 235",55331,,nppes,1518125160,"KELLY BOSWORTH, DDS, INC",,"6140 LAKE LINDEN DR, SUITE 230",55331,952-474-4123,66
osm:node/11332270945,nppes:1679618326,osm,node/11332270945,Ekim Orthodontics- Prior Lake,,,,,nppes,1679618326,BASILE ORTHODONTICS PA,PRIOR LAKE ORTHODONTICS,"5116 GATEWAY STREET SE #103, SUITE #103",55372,952-447-6088,922
osm:node/11332270945,nppes:1952582702,osm,node/11332270945,Ekim Orthodontics- Prior Lake,,,,,nppes,1952582702,"LILAH SUZAN EKIM DDS, MS. PLLC",EKIM ORTHODONTICS,16190 ERIE AVE SE,55372,952-447-6077,73
osm:node/11332270946,nppes:1952582702,osm,node/11332270946,Belland Family Dentistry,,,,,nppes,1952582702,"LILAH SUZAN EKIM DDS, MS. PLLC",EKIM ORTHODONTICS,16190 ERIE AVE SE,55372,952-447-6077,91
osm:node/11472428069,nppes:1023664935,osm,node/11472428069,Lakes Orthodontics,,,,,nppes,1023664935,"ESTEE WANG, DMD MS, PLLC",LAKES ORTHODONTICS,1668 COPE AVE E,55109,651-777-7300,83
osm:node/11472428069,nppes:1023681152,osm,node/11472428069,Lakes Orthodontics,,,,,nppes,1023681152,"ORTHODONTIC PARTNERS OF MINNESOTA, PLLC",DUNN ORTHODONTICS,650 COMMERCE DR STE 170,55125,651-738-3866,
osm:node/11472428069,nppes:1154971380-pl1,osm,node/11472428069,Lakes Orthodontics,,,,,nppes,1154971380-pl1,GENTLE DENTISTRY OF BLOOMINGTON PLLC,,1714 COPE AVE E,55109,651-770-0055,148
osm:node/11472428069,nppes:1235429267,osm,node/11472428069,Lakes Orthodontics,,,,,nppes,1235429267,"FAMILY & COSMETIC GENTLE DENTISTRY, LTD",,1714 COPE AVE E,55109,651-770-0055,148
osm:node/11472428069,nppes:1245393230,osm,node/11472428069,Lakes Orthodontics,,,,,nppes,1245393230,"LAKES ORTHODONTIC ASSOCIATES, P.A.",,1668 COPE AVE E,55109,651-777-7300,83
osm:node/11472428069,nppes:1255974325-pl4,osm,node/11472428069,Lakes Orthodontics,,,,,nppes,1255974325-pl4,SMILE DOCTORS OF MINNESOTA PC,,1668 COPE AVE E,55109,651-777-7300,83
osm:node/11472428069,nppes:1508132663,osm,node/11472428069,Lakes Orthodontics,,,,,nppes,1508132663,LINH TRAN DDS LLC,QUALITY DENTISTRY,1736 COPE AVE E STE 2,55109,651-315-8868,240
osm:node/11472428069,nppes:1619065539,osm,node/11472428069,Lakes Orthodontics,,,,,nppes,1619065539,MAPLEWOOD DENTAL ASSOCIATES PA,,1736 EAST COPE AVE,55109,651-770-3831,240
osm:node/11472428069,nppes:1730782467,osm,node/11472428069,Lakes Orthodontics,,,,,nppes,1730782467,WHITE BEAR LAKE ORTHODONTICS,,4437 LAKE AVE S,55110,763-999-0055,
osm:node/11686430903,nppes:1932768157,osm,node/11686430903,Evergreen Dental,,7890 Mitchell Road,55344,,nppes,1932768157,"BRUCE MERRY DDS, PLLC",,7890 MITCHELL RD,55344,952-937-7677,59
osm:node/11711817393,nppes:1023681152,osm,node/11711817393,Ovation Orthodontics,,,,,nppes,1023681152,"ORTHODONTIC PARTNERS OF MINNESOTA, PLLC",DUNN ORTHODONTICS,650 COMMERCE DR STE 170,55125,651-738-3866,
osm:node/11711817393,nppes:1326796764,osm,node/11711817393,Ovation Orthodontics,,,,,nppes,1326796764,"NORTHLAND DENTAL PARTNERS, PLLC",METRO DENTALCARE MINNETONKA,6001 SHADY OAK RD S STE 300,55343,952-838-5530,207
osm:node/11777821189,nppes:1841417003,osm,node/11777821189,Town Dental - Chaska,,"1200 Chaska Creek Way, 150",55318,,nppes,1841417003,"TOWN DENTAL, PA",,407 CITY HALL PLZ,55318,952-448-3077,
osm:node/11780026077,nppes:1245315829,osm,node/11780026077,Town Dental - Excelsior,,425 2nd Street,55331,+1-952-295-1622,nppes,1245315829,EXCELSIOR FAMILY DENTAL,,"348 2ND ST, SUITE 200",55331,952-474-6515,112
osm:node/11780026077,nppes:1528997830,osm,node/11780026077,Town Dental - Excelsior,,425 2nd Street,55331,+1-952-295-1622,nppes,1528997830,LINDSAY BEVIS PLLC,,425 2ND ST,55331,952-474-6133,13
osm:node/11780026077,nppes:1639398886,osm,node/11780026077,Town Dental - Excelsior,,425 2nd Street,55331,+1-952-295-1622,nppes,1639398886,"TOWN DENTAL, PA",,425 2ND ST,55331,952-474-6133,13
osm:node/11780026077,nppes:1962460881,osm,node/11780026077,Town Dental - Excelsior,,425 2nd Street,55331,+1-952-295-1622,nppes,1962460881,"TOWN DENTAL, PA",,425 2ND ST,55331,952-474-6133,13
osm:node/11852879266,nppes:1114207362,osm,node/11852879266,Tranquility Dental,,"7415 Wayzata Boulevard, 201",55426,,nppes,1114207362,"TRANQUILITY DENTAL, P.A.",TRANQUILITY DENTAL,"7415 WAYZATA BLVD, STE 201",55426,952-334-3304,14
osm:node/1188081610,nppes:1245844588,osm,node/1188081610,Eden Lakes Dental,,,,,nppes,1245844588,DENNIS L KAIVO DDS PA,PRESERVE PARKWAY DENTAL,9613 ANDERSON LAKES PKWY,55344,952-947-0470,66
osm:node/11944869727,nppes:1053127852,osm,node/11944869727,Crescent Dental,,"2611 Innsbruck Drive, Suite A",55112,+1-763-571-4837,nppes,1053127852,RONALD H VESCIO DDS,,2677 INNSBRUCK DR STE B,55112,651-631-3777,60
osm:node/11944869727,nppes:1063887719,osm,node/11944869727,Crescent Dental,,"2611 Innsbruck Drive, Suite A",55112,+1-763-571-4837,nppes,1063887719,"PARKSIDE DENTAL, P.C.",,2677 INNSBRUCK DR STE B,55112,612-332-0559,60
osm:node/11944869727,nppes:1831963487,osm,node/11944869727,Crescent Dental,,"2611 Innsbruck Drive, Suite A",55112,+1-763-571-4837,nppes,1831963487,"SALMA HELAL, D.D.S., PLLC",,2611 INNSBRUCK DR STE A,55112,763-571-4837,25
osm:node/11968918163,nppes:1417447210,osm,node/11968918163,Hibernation Sleep MN,,"2233 Energy Park Drive, Suite 400",,,nppes,1417447210,HIBERNATION SLEEP MN LLC,,2233 ENERGY PARK DR STE 400,55108,651-888-4680,60
osm:node/11968918163,nppes:1417447210-pl1,osm,node/11968918163,Hibernation Sleep MN,,"2233 Energy Park Drive, Suite 400",,,nppes,1417447210-pl1,HIBERNATION SLEEP MN LLC,,2278 COMO AVE,55108,651-888-4680,794
osm:node/11988962361,nppes:1316913411,osm,node/11988962361,Metro Dentalcare Woodbury,,"429 Commerce Drive, 400",55125,,nppes,1316913411,"METRO DENTALCARE, PLC",,17597 CEDAR AVE,55044,952-431-6600,
osm:node/11988962361,nppes:1548659824,osm,node/11988962361,Metro Dentalcare Woodbury,,"429 Commerce Drive, 400",55125,,nppes,1548659824,"WOODBURY SMILES DENTISTRY, PC",WOODBURY SMILES DENTISTRY,"580 WOODBURY DR, SUITE 300",55125,651-731-1010,244
osm:node/11988962361,nppes:1881841021,osm,node/11988962361,Metro Dentalcare Woodbury,,"429 Commerce Drive, 400",55125,,nppes,1881841021,NORTHLAND DENTAL PARTNERS PLLC,METRO DENTALCARE,4670 PARK NICOLLET AVE SE,55372,952-447-7606,
osm:node/11988962361,nppes:1891443263,osm,node/11988962361,Metro Dentalcare Woodbury,,"429 Commerce Drive, 400",55125,,nppes,1891443263,"NORTHLAND DENTAL PARTNERS, PLLC",METRO DENTALCARE WOODBURY,429 COMMERCE DR STE 400,55125,651-731-2342,
osm:node/11988975533,nppes:1154989507,osm,node/11988975533,Red Oak Family Dentist,,"9931 Hudson Boulevard North, 107",,,nppes,1154989507,RED OAK FAMILY DENTAL,,9939 HUDSON BLVD N # 107,55042,651-300-2334,124
osm:node/12020737355,nppes:1255870531,osm,node/12020737355,Dentists of Eden Prairie,,"13000 Technology Drive, 110",55344,,nppes,1255870531,"DENTISTS OF EDEN PRAIRIE, PC",DENTISTS OF EDEN PRAIRIE,"13000 TECHNOLOGY DR, SUITE 110",55344,952-562-1463,276
osm:node/12029268611,nppes:1023681152,osm,node/12029268611,Dunn Orthodontics,,,,,nppes,1023681152,"ORTHODONTIC PARTNERS OF MINNESOTA, PLLC",DUNN ORTHODONTICS,650 COMMERCE DR STE 170,55125,651-738-3866,
osm:node/12029268611,nppes:1023681152-pl1,osm,node/12029268611,Dunn Orthodontics,,,,,nppes,1023681152-pl1,"ORTHODONTIC PARTNERS OF MINNESOTA, PLLC",DUNN ORTHODONTICS,6936 PINE ARBOR DR S STE 220,55016,651-738-3866,65
osm:node/12029268611,nppes:1114333986,osm,node/12029268611,Dunn Orthodontics,,,,,nppes,1114333986,"DRESEN RESTORATIVE DENTISTRY, PA",,"6936 PINE ARBOR DR S, SUITE 210",55016,651-735-1585,65
osm:node/12029268611,nppes:1215673454,osm,node/12029268611,Dunn Orthodontics,,,,,nppes,1215673454,PROPER SLEEP EAST METRO PLLC,,6936 PINE ARBOR DR S STE 210,55016,651-769-1000,65
osm:node/12029268611,nppes:1427623966,osm,node/12029268611,Dunn Orthodontics,,,,,nppes,1427623966,"MINNESOTA DENTAL PROFESSIONALS, P.C.",PINE ARBOR DENTAL CARE,6939 PINE ARBOR DR S STE 104,55016,651-459-3514,78
osm:node/12029268611,nppes:1720647589,osm,node/12029268611,Dunn Orthodontics,,,,,nppes,1720647589,LINDGREN DENTAL CARE PLLC,LINDGREN DENTAL CARE,6936 PINE ARBOR DR S STE 210,55016,651-769-1000,65
osm:node/12029268613,nppes:1023681152-pl1,osm,node/12029268613,Lindgren Dental Care,,,,,nppes,1023681152-pl1,"ORTHODONTIC PARTNERS OF MINNESOTA, PLLC",DUNN ORTHODONTICS,6936 PINE ARBOR DR S STE 220,55016,651-738-3866,63
osm:node/12029268613,nppes:1114333986,osm,node/12029268613,Lindgren Dental Care,,,,,nppes,1114333986,"DRESEN RESTORATIVE DENTISTRY, PA",,"6936 PINE ARBOR DR S, SUITE 210",55016,651-735-1585,63
osm:node/12029268613,nppes:1215673454,osm,node/12029268613,Lindgren Dental Care,,,,,nppes,1215673454,PROPER SLEEP EAST METRO PLLC,,6936 PINE ARBOR DR S STE 210,55016,651-769-1000,63
osm:node/12029268613,nppes:1427623966,osm,node/12029268613,Lindgren Dental Care,,,,,nppes,1427623966,"MINNESOTA DENTAL PROFESSIONALS, P.C.",PINE ARBOR DENTAL CARE,6939 PINE ARBOR DR S STE 104,55016,651-459-3514,76
osm:node/12029268613,nppes:1720647589,osm,node/12029268613,Lindgren Dental Care,,,,,nppes,1720647589,LINDGREN DENTAL CARE PLLC,LINDGREN DENTAL CARE,6936 PINE ARBOR DR S STE 210,55016,651-769-1000,63
osm:node/12030487427,nppes:1255491866,osm,node/12030487427,Periodontal Specialists,,,,,nppes,1255491866,"INTEGRITY DENTAL CARE, P.A.",,7500 80TH ST S,55016,651-459-3039,56
osm:node/12030487427,nppes:1447193297-pl1,osm,node/12030487427,Periodontal Specialists,,,,,nppes,1447193297-pl1,MCFARLAND PLLC,,7501 80TH ST S STE 110,55016,651-459-7888,99
osm:node/12030487427,nppes:1578211991,osm,node/12030487427,Periodontal Specialists,,,,,nppes,1578211991,"NORTHLAND DENTAL PARTNERS, PLLC",METRO DENTALCARE COTTAGE GROVE,7430 80TH ST S STE 201,55016,651-459-2232,138
osm:node/12030487427,nppes:1801068358,osm,node/12030487427,Periodontal Specialists,,,,,nppes,1801068358,AL M VIRGEN DMD PA,ALL SMILES DENTISTRY,"7501 80TH ST S, SUITE 2",55016,651-459-7888,99
osm:node/12032201393,nppes:1255491866,osm,node/12032201393,Metro Dentalcare,,,,,nppes,1255491866,"INTEGRITY DENTAL CARE, P.A.",,7500 80TH ST S,55016,651-459-3039,180
osm:node/12032201393,nppes:1316913411,osm,node/12032201393,Metro Dentalcare,,,,,nppes,1316913411,"METRO DENTALCARE, PLC",,17597 CEDAR AVE,55044,952-431-6600,
osm:node/12032201393,nppes:1447193297-pl1,osm,node/12032201393,Metro Dentalcare,,,,,nppes,1447193297-pl1,MCFARLAND PLLC,,7501 80TH ST S STE 110,55016,651-459-7888,220
osm:node/12032201393,nppes:1497403810,osm,node/12032201393,Metro Dentalcare,,,,,nppes,1497403810,"NORTHLAND DENTAL PARTNERS, PLLC",METRO DENTALCARE BROOKLYN CENTER,512 66TH AVE N,55430,763-560-3334,
osm:node/12032201393,nppes:1578211991,osm,node/12032201393,Metro Dentalcare,,,,,nppes,1578211991,"NORTHLAND DENTAL PARTNERS, PLLC",METRO DENTALCARE COTTAGE GROVE,7430 80TH ST S STE 201,55016,651-459-2232,54
osm:node/12032201393,nppes:1689324311,osm,node/12032201393,Metro Dentalcare,,,,,nppes,1689324311,"NORTHLAND DENTAL PARTNERS, PLLC",METRO DENTALCARE MAPLE GROVE GROVE CIRCLE,9630 GROVE CIR N STE 102,55369,763-420-5484,
osm:node/12032201393,nppes:1801068358,osm,node/12032201393,Metro Dentalcare,,,,,nppes,1801068358,AL M VIRGEN DMD PA,ALL SMILES DENTISTRY,"7501 80TH ST S, SUITE 2",55016,651-459-7888,220
osm:node/12032201393,nppes:1881841021,osm,node/12032201393,Metro Dentalcare,,,,,nppes,1881841021,NORTHLAND DENTAL PARTNERS PLLC,METRO DENTALCARE,4670 PARK NICOLLET AVE SE,55372,952-447-7606,
osm:node/12032201393,nppes:1891443263,osm,node/12032201393,Metro Dentalcare,,,,,nppes,1891443263,"NORTHLAND DENTAL PARTNERS, PLLC",METRO DENTALCARE WOODBURY,429 COMMERCE DR STE 400,55125,651-731-2342,
osm:node/12032201394,nppes:1255491866,osm,node/12032201394,Park Dental,,,,,nppes,1255491866,"INTEGRITY DENTAL CARE, P.A.",,7500 80TH ST S,55016,651-459-3039,157
osm:node/12032201394,nppes:1447193297-pl1,osm,node/12032201394,Park Dental,,,,,nppes,1447193297-pl1,MCFARLAND PLLC,,7501 80TH ST S STE 110,55016,651-459-7888,198
osm:node/12032201394,nppes:1578211991,osm,node/12032201394,Park Dental,,,,,nppes,1578211991,"NORTHLAND DENTAL PARTNERS, PLLC",METRO DENTALCARE COTTAGE GROVE,7430 80TH ST S STE 201,55016,651-459-2232,62
osm:node/12032201394,nppes:1689732133,osm,node/12032201394,Park Dental,,,,,nppes,1689732133,"PDG,P.A.",PARK DENTAL,"4670 PARK NICOLLET AVE SE, SUITE 100",55372,952-447-7606,
osm:node/12032201394,nppes:1801068358,osm,node/12032201394,Park Dental,,,,,nppes,1801068358,AL M VIRGEN DMD PA,ALL SMILES DENTISTRY,"7501 80TH ST S, SUITE 2",55016,651-459-7888,198
osm:node/12032201394,nppes:1841417003,osm,node/12032201394,Park Dental,,,,,nppes,1841417003,"TOWN DENTAL, PA",,407 CITY HALL PLZ,55318,952-448-3077,
osm:node/12032201395,nppes:1255491866,osm,node/12032201395,Woodgrove Dental,,,,,nppes,1255491866,"INTEGRITY DENTAL CARE, P.A.",,7500 80TH ST S,55016,651-459-3039,168
osm:node/12032201395,nppes:1447193297-pl1,osm,node/12032201395,Woodgrove Dental,,,,,nppes,1447193297-pl1,MCFARLAND PLLC,,7501 80TH ST S STE 110,55016,651-459-7888,209
osm:node/12032201395,nppes:1578211991,osm,node/12032201395,Woodgrove Dental,,,,,nppes,1578211991,"NORTHLAND DENTAL PARTNERS, PLLC",METRO DENTALCARE COTTAGE GROVE,7430 80TH ST S STE 201,55016,651-459-2232,57
osm:node/12032201395,nppes:1801068358,osm,node/12032201395,Woodgrove Dental,,,,,nppes,1801068358,AL M VIRGEN DMD PA,ALL SMILES DENTISTRY,"7501 80TH ST S, SUITE 2",55016,651-459-7888,209
osm:node/12099767280,nppes:1528182342,osm,node/12099767280,Bomstad Dental,,911 1st Street North,55343,+1 952-938-7746,nppes,1528182342,MAINSTREET DENTAL,,29 - 9TH AVENUE NORTH,55343,952-938-7341,130
osm:node/12099767280,nppes:1780764993,osm,node/12099767280,Bomstad Dental,,911 1st Street North,55343,+1 952-938-7746,nppes,1780764993,HATCHER AND BOMSTAD DDS LLC,,911 FIRST ST NORTH,55343,952-938-7746,72
osm:node/12124640947,nppes:1164758199,osm,node/12124640947,Boger Dental,,"2720 Annapolis Circle North, Suite A",55441,+1-763-546-7707,nppes,1164758199,"STEPHEN P. BOGER, DDS, PA",BOGER DENTAL,"2720 ANNAPOLIS CIRCLE, SUITE A",55441,763-546-7707,186
osm:node/12124640947,nppes:1750563227,osm,node/12124640947,Boger Dental,,"2720 Annapolis Circle North, Suite A",55441,+1-763-546-7707,nppes,1750563227,"FAMILY & COSMETIC GENTLE DENTISTRY, LTD",,13550 26TH AVE N STE 200,55441,763-557-0287,212
osm:node/12134351514,nppes:1023681152,osm,node/12134351514,Zirbel Orthodontics,,1480 Yankee Doodle Road,55121,+1 651-452-3333,nppes,1023681152,"ORTHODONTIC PARTNERS OF MINNESOTA, PLLC",DUNN ORTHODONTICS,650 COMMERCE DR STE 170,55125,651-738-3866,
osm:node/12134351514,nppes:1073376331,osm,node/12134351514,Zirbel Orthodontics,,1480 Yankee Doodle Road,55121,+1 651-452-3333,nppes,1073376331,GLASGOW FAMILY & COSMETIC DENTISTRY,,3440 FEDERAL DR STE 240,55122,651-994-8822,72
osm:node/12134351514,nppes:1790905966,osm,node/12134351514,Zirbel Orthodontics,,1480 Yankee Doodle Road,55121,+1 651-452-3333,nppes,1790905966,CASSANDRA L ZIRBEL DDS MS,ORTHODONTICS BY ZIRBEL,1480 YANKEE DOODLE RD,55121,651-452-3333,187
osm:node/12138867368,nppes:1083789929,osm,node/12138867368,50th and France Dental Care,,,,,nppes,1083789929,EDINA 5-O DENTAL PA,DREW F SPENCER DDS,"3948 W 50TH ST, SUITE 205",55424,952-922-8111,82
osm:node/12138867368,nppes:1194885491,osm,node/12138867368,50th and France Dental Care,,,,,nppes,1194885491,"50TH AND FRANCE DENTAL CARE, P.A.",,"3939 W 50TH ST, SUITE 210",55424,952-922-5561,81
osm:node/12138867368,nppes:1447506571,osm,node/12138867368,50th and France Dental Care,,,,,nppes,1447506571,GERALD D. CAVANAUGH & WILLIAM F. LILJEMARK,EDINA ORTHODONTIC ASSOCIATES,"3939 W. 50TH ST, SUITE #207",55424,952-926-2335,81
osm:node/12138867368,nppes:1548926876,osm,node/12138867368,50th and France Dental Care,,,,,nppes,1548926876,DR RICHARD J ANDERSON DDS PA,ANDERSON DENTALCARE,3925 W 50TH ST STE 104,55424,952-926-0284,93
osm:node/12138867368,nppes:1578858643,osm,node/12138867368,50th and France Dental Care,,,,,nppes,1578858643,"DAVID A. COOK, DDS, PA",SMILES AT FRANCE,"4999 FRANCE AVE S, SUITE 230",55410,612-824-7033,130
osm:node/12138867368,nppes:1821199852,osm,node/12138867368,50th and France Dental Care,,,,,nppes,1821199852,MICHAEL T KRATZ DDS PA,,"3939 W 50TH STREET, #208",55424,952-922-2214,81
osm:node/12138867368,nppes:1962127464,osm,node/12138867368,50th and France Dental Care,,,,,nppes,1962127464,EDINA ENDODONTICS PLLC,,"3939 WEST 50TH STREET, SUITE 201",55424,952-653-4500,81
osm:node/12138867368,nppes:1992706550,osm,node/12138867368,50th and France Dental Care,,,,,nppes,1992706550,HEIDI M BRANDENBURG DDS PA,,"3948 W 50TH ST, STE 201",55424,952-722-8787,82
osm:node/12138867396,nppes:1083789929,osm,node/12138867396,Anderson Dentalcare,,,,,nppes,1083789929,EDINA 5-O DENTAL PA,DREW F SPENCER DDS,"3948 W 50TH ST, SUITE 205",55424,952-922-8111,64
osm:node/12138867396,nppes:1194885491,osm,node/12138867396,Anderson Dentalcare,,,,,nppes,1194885491,"50TH AND FRANCE DENTAL CARE, P.A.",,"3939 W 50TH ST, SUITE 210",55424,952-922-5561,57
osm:node/12138867396,nppes:1447506571,osm,node/12138867396,Anderson Dentalcare,,,,,nppes,1447506571,GERALD D. CAVANAUGH & WILLIAM F. LILJEMARK,EDINA ORTHODONTIC ASSOCIATES,"3939 W. 50TH ST, SUITE #207",55424,952-926-2335,57
osm:node/12138867396,nppes:1548926876,osm,node/12138867396,Anderson Dentalcare,,,,,nppes,1548926876,DR RICHARD J ANDERSON DDS PA,ANDERSON DENTALCARE,3925 W 50TH ST STE 104,55424,952-926-0284,65
osm:node/12138867396,nppes:1578858643,osm,node/12138867396,Anderson Dentalcare,,,,,nppes,1578858643,"DAVID A. COOK, DDS, PA",SMILES AT FRANCE,"4999 FRANCE AVE S, SUITE 230",55410,612-824-7033,101
osm:node/12138867396,nppes:1821199852,osm,node/12138867396,Anderson Dentalcare,,,,,nppes,1821199852,MICHAEL T KRATZ DDS PA,,"3939 W 50TH STREET, #208",55424,952-922-2214,57
osm:node/12138867396,nppes:1962127464,osm,node/12138867396,Anderson Dentalcare,,,,,nppes,1962127464,EDINA ENDODONTICS PLLC,,"3939 WEST 50TH STREET, SUITE 201",55424,952-653-4500,57
osm:node/12138867396,nppes:1992706550,osm,node/12138867396,Anderson Dentalcare,,,,,nppes,1992706550,HEIDI M BRANDENBURG DDS PA,,"3948 W 50TH ST, STE 201",55424,952-722-8787,64
osm:node/12139088878,nppes:1083789929,osm,node/12139088878,Hälsa Edina Dental,,"3948 West 50th Street, Suite 205",55424,+1-952-922-8111,nppes,1083789929,EDINA 5-O DENTAL PA,DREW F SPENCER DDS,"3948 W 50TH ST, SUITE 205",55424,952-922-8111,132
osm:node/12139088878,nppes:1194885491,osm,node/12139088878,Hälsa Edina Dental,,"3948 West 50th Street, Suite 205",55424,+1-952-922-8111,nppes,1194885491,"50TH AND FRANCE DENTAL CARE, P.A.",,"3939 W 50TH ST, SUITE 210",55424,952-922-5561,145
osm:node/12139088878,nppes:1447506571,osm,node/12139088878,Hälsa Edina Dental,,"3948 West 50th Street, Suite 205",55424,+1-952-922-8111,nppes,1447506571,GERALD D. CAVANAUGH & WILLIAM F. LILJEMARK,EDINA ORTHODONTIC ASSOCIATES,"3939 W. 50TH ST, SUITE #207",55424,952-926-2335,145
osm:node/12139088878,nppes:1548926876,osm,node/12139088878,Hälsa Edina Dental,,"3948 West 50th Street, Suite 205",55424,+1-952-922-8111,nppes,1548926876,DR RICHARD J ANDERSON DDS PA,ANDERSON DENTALCARE,3925 W 50TH ST STE 104,55424,952-926-0284,158
osm:node/12139088878,nppes:1578858643,osm,node/12139088878,Hälsa Edina Dental,,"3948 West 50th Street, Suite 205",55424,+1-952-922-8111,nppes,1578858643,"DAVID A. COOK, DDS, PA",SMILES AT FRANCE,"4999 FRANCE AVE S, SUITE 230",55410,612-824-7033,190
osm:node/12139088878,nppes:1821199852,osm,node/12139088878,Hälsa Edina Dental,,"3948 West 50th Street, Suite 205",55424,+1-952-922-8111,nppes,1821199852,MICHAEL T KRATZ DDS PA,,"3939 W 50TH STREET, #208",55424,952-922-2214,145
osm:node/12139088878,nppes:1962127464,osm,node/12139088878,Hälsa Edina Dental,,"3948 West 50th Street, Suite 205",55424,+1-952-922-8111,nppes,1962127464,EDINA ENDODONTICS PLLC,,"3939 WEST 50TH STREET, SUITE 201",55424,952-653-4500,145
osm:node/12139088878,nppes:1992706550,osm,node/12139088878,Hälsa Edina Dental,,"3948 West 50th Street, Suite 205",55424,+1-952-922-8111,nppes,1992706550,HEIDI M BRANDENBURG DDS PA,,"3948 W 50TH ST, STE 201",55424,952-722-8787,132
osm:node/12139088880,nppes:1083789929,osm,node/12139088880,Edina Dental Care,,,,,nppes,1083789929,EDINA 5-O DENTAL PA,DREW F SPENCER DDS,"3948 W 50TH ST, SUITE 205",55424,952-922-8111,78
osm:node/12139088880,nppes:1194885491,osm,node/12139088880,Edina Dental Care,,,,,nppes,1194885491,"50TH AND FRANCE DENTAL CARE, P.A.",,"3939 W 50TH ST, SUITE 210",55424,952-922-5561,78
osm:node/12139088880,nppes:1447506571,osm,node/12139088880,Edina Dental Care,,,,,nppes,1447506571,GERALD D. CAVANAUGH & WILLIAM F. LILJEMARK,EDINA ORTHODONTIC ASSOCIATES,"3939 W. 50TH ST, SUITE #207",55424,952-926-2335,78
osm:node/12139088880,nppes:1548926876,osm,node/12139088880,Edina Dental Care,,,,,nppes,1548926876,DR RICHARD J ANDERSON DDS PA,ANDERSON DENTALCARE,3925 W 50TH ST STE 104,55424,952-926-0284,90
osm:node/12139088880,nppes:1578858643,osm,node/12139088880,Edina Dental Care,,,,,nppes,1578858643,"DAVID A. COOK, DDS, PA",SMILES AT FRANCE,"4999 FRANCE AVE S, SUITE 230",55410,612-824-7033,128
osm:node/12139088880,nppes:1821199852,osm,node/12139088880,Edina Dental Care,,,,,nppes,1821199852,MICHAEL T KRATZ DDS PA,,"3939 W 50TH STREET, #208",55424,952-922-2214,78
osm:node/12139088880,nppes:1962127464,osm,node/12139088880,Edina Dental Care,,,,,nppes,1962127464,EDINA ENDODONTICS PLLC,,"3939 WEST 50TH STREET, SUITE 201",55424,952-653-4500,78
osm:node/12139088880,nppes:1992706550,osm,node/12139088880,Edina Dental Care,,,,,nppes,1992706550,HEIDI M BRANDENBURG DDS PA,,"3948 W 50TH ST, STE 201",55424,952-722-8787,78
osm:node/12139088881,nppes:1083789929,osm,node/12139088881,Edina Endodontics,,,,,nppes,1083789929,EDINA 5-O DENTAL PA,DREW F SPENCER DDS,"3948 W 50TH ST, SUITE 205",55424,952-922-8111,74
osm:node/12139088881,nppes:1194885491,osm,node/12139088881,Edina Endodontics,,,,,nppes,1194885491,"50TH AND FRANCE DENTAL CARE, P.A.",,"3939 W 50TH ST, SUITE 210",55424,952-922-5561,73
osm:node/12139088881,nppes:1447506571,osm,node/12139088881,Edina Endodontics,,,,,nppes,1447506571,GERALD D. CAVANAUGH & WILLIAM F. LILJEMARK,EDINA ORTHODONTIC ASSOCIATES,"3939 W. 50TH ST, SUITE #207",55424,952-926-2335,73
osm:node/12139088881,nppes:1548926876,osm,node/12139088881,Edina Endodontics,,,,,nppes,1548926876,DR RICHARD J ANDERSON DDS PA,ANDERSON DENTALCARE,3925 W 50TH ST STE 104,55424,952-926-0284,85
osm:node/12139088881,nppes:1578858643,osm,node/12139088881,Edina Endodontics,,,,,nppes,1578858643,"DAVID A. COOK, DDS, PA",SMILES AT FRANCE,"4999 FRANCE AVE S, SUITE 230",55410,612-824-7033,123
osm:node/12139088881,nppes:1821199852,osm,node/12139088881,Edina Endodontics,,,,,nppes,1821199852,MICHAEL T KRATZ DDS PA,,"3939 W 50TH STREET, #208",55424,952-922-2214,73
osm:node/12139088881,nppes:1962127464,osm,node/12139088881,Edina Endodontics,,,,,nppes,1962127464,EDINA ENDODONTICS PLLC,,"3939 WEST 50TH STREET, SUITE 201",55424,952-653-4500,73
osm:node/12139088881,nppes:1992706550,osm,node/12139088881,Edina Endodontics,,,,,nppes,1992706550,HEIDI M BRANDENBURG DDS PA,,"3948 W 50TH ST, STE 201",55424,952-722-8787,74
osm:node/12139088883,nppes:1083789929,osm,node/12139088883,Edina Orthodontics - 50th & France,,,,,nppes,1083789929,EDINA 5-O DENTAL PA,DREW F SPENCER DDS,"3948 W 50TH ST, SUITE 205",55424,952-922-8111,74
osm:node/12139088883,nppes:1194885491,osm,node/12139088883,Edina Orthodontics - 50th & France,,,,,nppes,1194885491,"50TH AND FRANCE DENTAL CARE, P.A.",,"3939 W 50TH ST, SUITE 210",55424,952-922-5561,78
osm:node/12139088883,nppes:1447506571,osm,node/12139088883,Edina Orthodontics - 50th & France,,,,,nppes,1447506571,GERALD D. CAVANAUGH & WILLIAM F. LILJEMARK,EDINA ORTHODONTIC ASSOCIATES,"3939 W. 50TH ST, SUITE #207",55424,952-926-2335,78
osm:node/12139088883,nppes:1548926876,osm,node/12139088883,Edina Orthodontics - 50th & France,,,,,nppes,1548926876,DR RICHARD J ANDERSON DDS PA,ANDERSON DENTALCARE,3925 W 50TH ST STE 104,55424,952-926-0284,91
osm:node/12139088883,nppes:1578858643,osm,node/12139088883,Edina Orthodontics - 50th & France,,,,,nppes,1578858643,"DAVID A. COOK, DDS, PA",SMILES AT FRANCE,"4999 FRANCE AVE S, SUITE 230",55410,612-824-7033,129
osm:node/12139088883,nppes:1821199852,osm,node/12139088883,Edina Orthodontics - 50th & France,,,,,nppes,1821199852,MICHAEL T KRATZ DDS PA,,"3939 W 50TH STREET, #208",55424,952-922-2214,78
osm:node/12139088883,nppes:1962127464,osm,node/12139088883,Edina Orthodontics - 50th & France,,,,,nppes,1962127464,EDINA ENDODONTICS PLLC,,"3939 WEST 50TH STREET, SUITE 201",55424,952-653-4500,78
osm:node/12139088883,nppes:1992706550,osm,node/12139088883,Edina Orthodontics - 50th & France,,,,,nppes,1992706550,HEIDI M BRANDENBURG DDS PA,,"3948 W 50TH ST, STE 201",55424,952-722-8787,74
osm:node/12139088886,nppes:1083789929,osm,node/12139088886,Englander Dental,,3801 West 50th Street,55410,,nppes,1083789929,EDINA 5-O DENTAL PA,DREW F SPENCER DDS,"3948 W 50TH ST, SUITE 205",55424,952-922-8111,142
osm:node/12139088886,nppes:1194885491,osm,node/12139088886,Englander Dental,,3801 West 50th Street,55410,,nppes,1194885491,"50TH AND FRANCE DENTAL CARE, P.A.",,"3939 W 50TH ST, SUITE 210",55424,952-922-5561,131
osm:node/12139088886,nppes:1447506571,osm,node/12139088886,Englander Dental,,3801 West 50th Street,55410,,nppes,1447506571,GERALD D. CAVANAUGH & WILLIAM F. LILJEMARK,EDINA ORTHODONTIC ASSOCIATES,"3939 W. 50TH ST, SUITE #207",55424,952-926-2335,131
osm:node/12139088886,nppes:1548926876,osm,node/12139088886,Englander Dental,,3801 West 50th Street,55410,,nppes,1548926876,DR RICHARD J ANDERSON DDS PA,ANDERSON DENTALCARE,3925 W 50TH ST STE 104,55424,952-926-0284,118
osm:node/12139088886,nppes:1578858643,osm,node/12139088886,Englander Dental,,3801 West 50th Street,55410,,nppes,1578858643,"DAVID A. COOK, DDS, PA",SMILES AT FRANCE,"4999 FRANCE AVE S, SUITE 230",55410,612-824-7033,83
osm:node/12139088886,nppes:1821199852,osm,node/12139088886,Englander Dental,,3801 West 50th Street,55410,,nppes,1821199852,MICHAEL T KRATZ DDS PA,,"3939 W 50TH STREET, #208",55424,952-922-2214,131
osm:node/12139088886,nppes:1962127464,osm,node/12139088886,Englander Dental,,3801 West 50th Street,55410,,nppes,1962127464,EDINA ENDODONTICS PLLC,,"3939 WEST 50TH STREET, SUITE 201",55424,952-653-4500,131
osm:node/12139088886,nppes:1992706550,osm,node/12139088886,Englander Dental,,3801 West 50th Street,55410,,nppes,1992706550,HEIDI M BRANDENBURG DDS PA,,"3948 W 50TH ST, STE 201",55424,952-722-8787,142
osm:node/12139116012,nppes:1083789929,osm,node/12139116012,"Heidi Brandenburg, DDS",,"3948 West 50th Street, Suite 201",55424,+1-952-900-2077,nppes,1083789929,EDINA 5-O DENTAL PA,DREW F SPENCER DDS,"3948 W 50TH ST, SUITE 205",55424,952-922-8111,140
osm:node/12139116012,nppes:1194885491,osm,node/12139116012,"Heidi Brandenburg, DDS",,"3948 West 50th Street, Suite 201",55424,+1-952-900-2077,nppes,1194885491,"50TH AND FRANCE DENTAL CARE, P.A.",,"3939 W 50TH ST, SUITE 210",55424,952-922-5561,151
osm:node/12139116012,nppes:1447506571,osm,node/12139116012,"Heidi Brandenburg, DDS",,"3948 West 50th Street, Suite 201",55424,+1-952-900-2077,nppes,1447506571,GERALD D. CAVANAUGH & WILLIAM F. LILJEMARK,EDINA ORTHODONTIC ASSOCIATES,"3939 W. 50TH ST, SUITE #207",55424,952-926-2335,151
osm:node/12139116012,nppes:1548926876,osm,node/12139116012,"Heidi Brandenburg, DDS",,"3948 West 50th Street, Suite 201",55424,+1-952-900-2077,nppes,1548926876,DR RICHARD J ANDERSON DDS PA,ANDERSON DENTALCARE,3925 W 50TH ST STE 104,55424,952-926-0284,165
osm:node/12139116012,nppes:1578858643,osm,node/12139116012,"Heidi Brandenburg, DDS",,"3948 West 50th Street, Suite 201",55424,+1-952-900-2077,nppes,1578858643,"DAVID A. COOK, DDS, PA",SMILES AT FRANCE,"4999 FRANCE AVE S, SUITE 230",55410,612-824-7033,199
osm:node/12139116012,nppes:1821199852,osm,node/12139116012,"Heidi Brandenburg, DDS",,"3948 West 50th Street, Suite 201",55424,+1-952-900-2077,nppes,1821199852,MICHAEL T KRATZ DDS PA,,"3939 W 50TH STREET, #208",55424,952-922-2214,151
osm:node/12139116012,nppes:1962127464,osm,node/12139116012,"Heidi Brandenburg, DDS",,"3948 West 50th Street, Suite 201",55424,+1-952-900-2077,nppes,1962127464,EDINA ENDODONTICS PLLC,,"3939 WEST 50TH STREET, SUITE 201",55424,952-653-4500,151
osm:node/12139116012,nppes:1992706550,osm,node/12139116012,"Heidi Brandenburg, DDS",,"3948 West 50th Street, Suite 201",55424,+1-952-900-2077,nppes,1992706550,HEIDI M BRANDENBURG DDS PA,,"3948 W 50TH ST, STE 201",55424,952-722-8787,140
osm:node/12139116040,nppes:1083789929,osm,node/12139116040,Smiles At France,,"4999 France Avenue South, 230",55410,,nppes,1083789929,EDINA 5-O DENTAL PA,DREW F SPENCER DDS,"3948 W 50TH ST, SUITE 205",55424,952-922-8111,105
osm:node/12139116040,nppes:1194885491,osm,node/12139116040,Smiles At France,,"4999 France Avenue South, 230",55410,,nppes,1194885491,"50TH AND FRANCE DENTAL CARE, P.A.",,"3939 W 50TH ST, SUITE 210",55424,952-922-5561,110
osm:node/12139116040,nppes:1447506571,osm,node/12139116040,Smiles At France,,"4999 France Avenue South, 230",55410,,nppes,1447506571,GERALD D. CAVANAUGH & WILLIAM F. LILJEMARK,EDINA ORTHODONTIC ASSOCIATES,"3939 W. 50TH ST, SUITE #207",55424,952-926-2335,110
osm:node/12139116040,nppes:1548926876,osm,node/12139116040,Smiles At France,,"4999 France Avenue South, 230",55410,,nppes,1548926876,DR RICHARD J ANDERSON DDS PA,ANDERSON DENTALCARE,3925 W 50TH ST STE 104,55424,952-926-0284,103
osm:node/12139116040,nppes:1578858643,osm,node/12139116040,Smiles At France,,"4999 France Avenue South, 230",55410,,nppes,1578858643,"DAVID A. COOK, DDS, PA",SMILES AT FRANCE,"4999 FRANCE AVE S, SUITE 230",55410,612-824-7033,81
osm:node/12139116040,nppes:1821199852,osm,node/12139116040,Smiles At France,,"4999 France Avenue South, 230",55410,,nppes,1821199852,MICHAEL T KRATZ DDS PA,,"3939 W 50TH STREET, #208",55424,952-922-2214,110
osm:node/12139116040,nppes:1962127464,osm,node/12139116040,Smiles At France,,"4999 France Avenue South, 230",55410,,nppes,1962127464,EDINA ENDODONTICS PLLC,,"3939 WEST 50TH STREET, SUITE 201",55424,952-653-4500,110
osm:node/12139116040,nppes:1992706550,osm,node/12139116040,Smiles At France,,"4999 France Avenue South, 230",55410,,nppes,1992706550,HEIDI M BRANDENBURG DDS PA,,"3948 W 50TH ST, STE 201",55424,952-722-8787,105
osm:node/12167155731,nppes:1023681152,osm,node/12167155731,Mint Orthodontics,,,,,nppes,1023681152,"ORTHODONTIC PARTNERS OF MINNESOTA, PLLC",DUNN ORTHODONTICS,650 COMMERCE DR STE 170,55125,651-738-3866,
osm:node/12167155731,nppes:1578505152-pl2,osm,node/12167155731,Mint Orthodontics,,,,,nppes,1578505152-pl2,MINNESOTA ORTHODONTICS,NORTHFIELD ORTHODONTICS,14643 MERCANTILE DR N STE 113,55038,651-450-7273,
osm:node/12167155731,nppes:1578505152-pl4,osm,node/12167155731,Mint Orthodontics,,,,,nppes,1578505152-pl4,MINNESOTA ORTHODONTICS,NORTHFIELD ORTHODONTICS,14643 MERCANTILE DR N STE 113,55038,651-450-7273,
osm:node/12167155731,nppes:1730271081,osm,node/12167155731,Mint Orthodontics,,,,,nppes,1730271081,"LHD, PLLC",LINDEN HILLS DENTISTRY,4289 SHERIDAN AVE S,55410,612-922-6164,43
osm:node/12188536946,nppes:1184829509,osm,node/12188536946,Bucca Dental,,,,,nppes,1184829509,LAKE STREET DENTAL,,1508 E LAKE ST,55407,612-724-1717,22
osm:node/12188536946,nppes:1861587842,osm,node/12188536946,Bucca Dental,,,,,nppes,1861587842,BLOOMINGTON LAKE DENTAL CLINIC PA,,3042 BLOOMINGTON AVE,55407,612-729-2393,115
osm:node/12272163248,nppes:1174600621,osm,node/12272163248,Gentle Dentistry,,5107 Gus Young Lane,55436,,nppes,1174600621,INTERLACHEN DENTAL ASSOCIATES,,"5101 VERNON AVENUE, SUITE 1B",55436,952-920-9579,218
osm:node/12272163248,nppes:1356586804,osm,node/12272163248,Gentle Dentistry,,5107 Gus Young Lane,55436,,nppes,1356586804,"STANLEY P. WILLIAMSON, D.D.S., P.A.",WILLIAMSON ORTHODONTICS,5101 VERNON AVE S STE 502,55436,952-926-3747,218
osm:node/12272163248,nppes:1396089298,osm,node/12272163248,Gentle Dentistry,,5107 Gus Young Lane,55436,,nppes,1396089298,PAN ORTHODONTIC CLINICS,,"5101 VERNON AVE S, SUITE 502",55436,952-926-3747,218
osm:node/12272163248,nppes:1437847654,osm,node/12272163248,Gentle Dentistry,,5107 Gus Young Lane,55436,,nppes,1437847654,INTERLACHEN DENTAL ASSOCIATES,,"5101 VERNON AVE S, STE 1B",55436,952-920-9579,218
osm:node/12272163248,nppes:1760837041,osm,node/12272163248,Gentle Dentistry,,5107 Gus Young Lane,55436,,nppes,1760837041,FAMILY AND COSMETIC GENTLE DENTISTRY,FAMILY AND COSMETIC GENTLE DENTISTRY,5107 GUS YOUNG LN,55436,952-929-0641,54
osm:node/12272163248,nppes:1912303777,osm,node/12272163248,Gentle Dentistry,,5107 Gus Young Lane,55436,,nppes,1912303777,LICENSED DENTAL HYGIENE CARE,SENIOR MOBILE DENTAL MINNESOTA LTD,"5201 EDEN AVE, SUITE 50",55436,763-545-7545,261
osm:node/12272163248,nppes:1952399685,osm,node/12272163248,Gentle Dentistry,,5107 Gus Young Lane,55436,,nppes,1952399685,"FAMILY & COSMETIC GENTLE DENTISTRY, LTD.",,5100 EDEN AVE STE 209,55436,952-929-0641,179
osm:node/12335479796,nppes:1023681152,osm,node/12335479796,Pan Orthodontics,,,,+1 952 926 3747,nppes,1023681152,"ORTHODONTIC PARTNERS OF MINNESOTA, PLLC",DUNN ORTHODONTICS,650 COMMERCE DR STE 170,55125,651-738-3866,
osm:node/12335479796,nppes:1174600621,osm,node/12335479796,Pan Orthodontics,,,,+1 952 926 3747,nppes,1174600621,INTERLACHEN DENTAL ASSOCIATES,,"5101 VERNON AVENUE, SUITE 1B",55436,952-920-9579,49
osm:node/12335479796,nppes:1356586804,osm,node/12335479796,Pan Orthodontics,,,,+1 952 926 3747,nppes,1356586804,"STANLEY P. WILLIAMSON, D.D.S., P.A.",WILLIAMSON ORTHODONTICS,5101 VERNON AVE S STE 502,55436,952-926-3747,49
osm:node/12335479796,nppes:1396089298,osm,node/12335479796,Pan Orthodontics,,,,+1 952 926 3747,nppes,1396089298,PAN ORTHODONTIC CLINICS,,"5101 VERNON AVE S, SUITE 502",55436,952-926-3747,49
osm:node/12335479796,nppes:1437847654,osm,node/12335479796,Pan Orthodontics,,,,+1 952 926 3747,nppes,1437847654,INTERLACHEN DENTAL ASSOCIATES,,"5101 VERNON AVE S, STE 1B",55436,952-920-9579,49
osm:node/12335479796,nppes:1578505152-pl2,osm,node/12335479796,Pan Orthodontics,,,,+1 952 926 3747,nppes,1578505152-pl2,MINNESOTA ORTHODONTICS,NORTHFIELD ORTHODONTICS,14643 MERCANTILE DR N STE 113,55038,651-450-7273,
osm:node/12335479796,nppes:1578505152-pl4,osm,node/12335479796,Pan Orthodontics,,,,+1 952 926 3747,nppes,1578505152-pl4,MINNESOTA ORTHODONTICS,NORTHFIELD ORTHODONTICS,14643 MERCANTILE DR N STE 113,55038,651-450-7273,
osm:node/12335479796,nppes:1760837041,osm,node/12335479796,Pan Orthodontics,,,,+1 952 926 3747,nppes,1760837041,FAMILY AND COSMETIC GENTLE DENTISTRY,FAMILY AND COSMETIC GENTLE DENTISTRY,5107 GUS YOUNG LN,55436,952-929-0641,210
osm:node/12335479796,nppes:1912303777,osm,node/12335479796,Pan Orthodontics,,,,+1 952 926 3747,nppes,1912303777,LICENSED DENTAL HYGIENE CARE,SENIOR MOBILE DENTAL MINNESOTA LTD,"5201 EDEN AVE, SUITE 50",55436,763-545-7545,202
osm:node/12335479796,nppes:1952399685,osm,node/12335479796,Pan Orthodontics,,,,+1 952 926 3747,nppes,1952399685,"FAMILY & COSMETIC GENTLE DENTISTRY, LTD.",,5100 EDEN AVE STE 209,55436,952-929-0641,248
osm:node/12335504029,nppes:1174600621,osm,node/12335504029,Interlachen Dental Associates,,,,+1 952 920 9579,nppes,1174600621,INTERLACHEN DENTAL ASSOCIATES,,"5101 VERNON AVENUE, SUITE 1B",55436,952-920-9579,65
osm:node/12335504029,nppes:1356586804,osm,node/12335504029,Interlachen Dental Associates,,,,+1 952 920 9579,nppes,1356586804,"STANLEY P. WILLIAMSON, D.D.S., P.A.",WILLIAMSON ORTHODONTICS,5101 VERNON AVE S STE 502,55436,952-926-3747,65
osm:node/12335504029,nppes:1396089298,osm,node/12335504029,Interlachen Dental Associates,,,,+1 952 920 9579,nppes,1396089298,PAN ORTHODONTIC CLINICS,,"5101 VERNON AVE S, SUITE 502",55436,952-926-3747,65
osm:node/12335504029,nppes:1437847654,osm,node/12335504029,Interlachen Dental Associates,,,,+1 952 920 9579,nppes,1437847654,INTERLACHEN DENTAL ASSOCIATES,,"5101 VERNON AVE S, STE 1B",55436,952-920-9579,65
osm:node/12335504029,nppes:1760837041,osm,node/12335504029,Interlachen Dental Associates,,,,+1 952 920 9579,nppes,1760837041,FAMILY AND COSMETIC GENTLE DENTISTRY,FAMILY AND COSMETIC GENTLE DENTISTRY,5107 GUS YOUNG LN,55436,952-929-0641,190
osm:node/12335504029,nppes:1912303777,osm,node/12335504029,Interlachen Dental Associates,,,,+1 952 920 9579,nppes,1912303777,LICENSED DENTAL HYGIENE CARE,SENIOR MOBILE DENTAL MINNESOTA LTD,"5201 EDEN AVE, SUITE 50",55436,763-545-7545,221
osm:node/12335504029,nppes:1952399685,osm,node/12335504029,Interlachen Dental Associates,,,,+1 952 920 9579,nppes,1952399685,"FAMILY & COSMETIC GENTLE DENTISTRY, LTD.",,5100 EDEN AVE STE 209,55436,952-929-0641,250
osm:node/12353177688,nppes:1063512234,osm,node/12353177688,Clear Lakes Dental,,,,,nppes,1063512234,"FAMILY PERIODONTIC SPECIALISTS, PLC",METRO DENTALCARE SPECIALTY CENTER RICHFIELD - PERIODONTICS,6601 LYNDALE AVE S STE 220,55423,612-861-9123,132
osm:node/12353177688,nppes:1447350509,osm,node/12353177688,Clear Lakes Dental,,,,,nppes,1447350509,"FAMILY ORTHODONTIC SPECIALISTS, PLC",WOODLAKE ORTHODONTICS RICHFIELD,6601 LYNDALE AVE S STE 240,55423,612-861-9123,132
osm:node/12353177688,nppes:1518616614,osm,node/12353177688,Clear Lakes Dental,,,,,nppes,1518616614,"NORTHLAND DENTAL PARTNERS, PLLC",MN DENTALCARE,6601 LYNDALE AVE S STE 230,55423,612-866-1234,132
osm:node/12353177688,nppes:1598865651,osm,node/12353177688,Clear Lakes Dental,,,,,nppes,1598865651,FAMILY ORAL SURGERY SPECIALISTS PLC,METRO DENTALCARE SPECIALTY CENTER RICHFIELD - ORAL SURGERY,6601 LYNDALE AVE S STE 230,55423,612-861-9123,132
osm:node/12353177688,nppes:1639815434,osm,node/12353177688,Clear Lakes Dental,,,,,nppes,1639815434,FAMILY ORTHODONTIC SPECIALISTS PLC,WOODLAKE ORTHODONTICS RICHFIELD,6602 LYNDALE AVE S STE 230A,55423,612-869-8834,129
osm:node/12353177688,nppes:1679673867,osm,node/12353177688,Clear Lakes Dental,,,,,nppes,1679673867,FAMILY ENDODONTIC SPECIALISTS PLC,METRO DENTALCARE RICHFIELD,6601 LYNDALE AVE S STE 220A,55423,612-866-1234,132
osm:node/12353177688,nppes:1720188998,osm,node/12353177688,Clear Lakes Dental,,,,,nppes,1720188998,"METRO DENTALCARE, PLC",,"6601 LYNDALE AVE S, SUITE 220",55423,612-861-9123,132
osm:node/12353177688,nppes:1861140501,osm,node/12353177688,Clear Lakes Dental,,,,,nppes,1861140501,FAMILY ENDODONTIC SPECIALISTS PLC,METRO DENTALCARE SPECIALTY CENTER RICHFIELD - ENDODONTICS,6601 LYNDALE AVE S STE 230A,55423,612-638-1206,132
osm:node/12516572195,nppes:1053791319,osm,node/12516572195,Blaine Dentistry,,"1384 109th Avenue Northeast, 200",55434,,nppes,1053791319,LING FAMILY DENTISTRY,,10945 ULYSSES ST NE,55434,763-784-1993,186
osm:node/12516572195,nppes:1982007803,osm,node/12516572195,Blaine Dentistry,,"1384 109th Avenue Northeast, 200",55434,,nppes,1982007803,"BLAINE DENTISTRY, PC",BLAINE DENTISTRY,"1384 109TH AVE NE, SUITE 200",55434,763-757-6000,63
osm:node/12569712465,nppes:1033351457,osm,node/12569712465,J&D Dental,,"109 South 7th Street, 133",55402,+1-612-332-0592,nppes,1033351457,MINNEAPOLIS DENTAL,,150 S 5TH ST STE 1475,55402,612-332-1255,272
osm:node/12569712465,nppes:1043429970,osm,node/12569712465,J&D Dental,,"109 South 7th Street, 133",55402,+1-612-332-0592,nppes,1043429970,BIRCHWOOD DENTAL OF MINNEAPOLIS,,"825 NICOLLET MALL, 829 MEDICAL ARTS BLDG",55402,612-333-8677,215
osm:node/12569712465,nppes:1073063103,osm,node/12569712465,J&D Dental,,"109 South 7th Street, 133",55402,+1-612-332-0592,nppes,1073063103,"MINNESOTA DENTAL PROFESSIONALS, P.C.",DENTAL ARTS OF MINNEAPOLIS,"825 NICOLLET MALL, STE 425",55402,612-332-7675,215
osm:node/12569712465,nppes:1083676944,osm,node/12569712465,J&D Dental,,"109 South 7th Street, 133",55402,+1-612-332-0592,nppes,1083676944,DANIEL O ODEGAARD DDS PA,,"825 NICOLLET MALL, STE 1001",55402,612-332-2618,215
osm:node/12569712465,nppes:1104272939,osm,node/12569712465,J&D Dental,,"109 South 7th Street, 133",55402,+1-612-332-0592,nppes,1104272939,DONALD CLAUSEN DDS MS PA,,"825 NICOLLET MALL, STE 825",55402,612-338-5420,215
osm:node/12569712465,nppes:1124677133,osm,node/12569712465,J&D Dental,,"109 South 7th Street, 133",55402,+1-612-332-0592,nppes,1124677133,"SENIORWELL OF MINNESOTA, LLC","SENIORWELL OF MINNESOTA, LLC",100 S 5TH ST STE 1900,55402,844-882-3127,273
osm:node/12569712465,nppes:1164040457,osm,node/12569712465,J&D Dental,,"109 South 7th Street, 133",55402,+1-612-332-0592,nppes,1164040457,COLBY ORTHODONTICS LLC,,9TH ST. AND NICOLLET AVE. SUITE 531,55402,612-332-4344,291
osm:node/12569712465,nppes:1346649712,osm,node/12569712465,J&D Dental,,"109 South 7th Street, 133",55402,+1-612-332-0592,nppes,1346649712,IVORY DENTAL,,825 NICOLLET MALL STE 505,55402,612-338-8636,215
osm:node/12569712465,nppes:1447372859,osm,node/12569712465,J&D Dental,,"109 South 7th Street, 133",55402,+1-612-332-0592,nppes,1447372859,SCOTT R. KOIDAHL DDS PA,DOWNTOWN DENTAL ASSOCIATES,"825 NICOLLET MALL, SUITE 731",55402,612-339-5808,215
osm:node/12569712465,nppes:1477170108-pl4,osm,node/12569712465,J&D Dental,,"109 South 7th Street, 133",55402,+1-612-332-0592,nppes,1477170108-pl4,JESSE N VEIL DDS MS PA,VEIL & WILD ORTHODONTICS,40 S 7TH ST STE 220,55402,952-903-9484,265
osm:node/12569712465,nppes:1538830005,osm,node/12569712465,J&D Dental,,"109 South 7th Street, 133",55402,+1-612-332-0592,nppes,1538830005,DOWNTOWN DENTAL PROFESSIONALS LLC,,121 S 8TH ST STE 199,55402,612-339-5808,119
osm:node/12569712465,nppes:1649867334,osm,node/12569712465,J&D Dental,,"109 South 7th Street, 133",55402,+1-612-332-0592,nppes,1649867334,MSP ORTHODONTICS PLLC,,825 NICOLLET MALL STE 531,55402,612-332-4344,215
osm:node/12569712465,nppes:1659039444,osm,node/12569712465,J&D Dental,,"109 South 7th Street, 133",55402,+1-612-332-0592,nppes,1659039444,MINNEAPOLIS DENTAL PROFESSIONALS LLC,,825 NICOLLET MALL STE 939,55402,612-338-1255,215
osm:node/12569712465,nppes:1669199741,osm,node/12569712465,J&D Dental,,"109 South 7th Street, 133",55402,+1-612-332-0592,nppes,1669199741,METROPOLITAN PERIODONTISTS,,"825 NICOLLET MALL, STE. 210",55402,612-332-0869,215
osm:node/12569712465,nppes:1689741787,osm,node/12569712465,J&D Dental,,"109 South 7th Street, 133",55402,+1-612-332-0592,nppes,1689741787,SCOTT C. OSBORN D.D.S. AND ASSOCIATES PA,NICOLLET STATION DENTAL,"510 MARQUETTE AVE, SUITE 100",55402,612-338-5557,251
osm:node/12569712465,nppes:1821746249,osm,node/12569712465,J&D Dental,,"109 South 7th Street, 133",55402,+1-612-332-0592,nppes,1821746249,"NORTHLAND DENTAL PARTNERS, PLLC",METRO DENTALCARE DOWNTOWN MINNEAPOLIS,825 NICOLLET MALL STE 1025,55402,612-333-2879,215
osm:node/12569712465,nppes:1841656410,osm,node/12569712465,J&D Dental,,"109 South 7th Street, 133",55402,+1-612-332-0592,nppes,1841656410,CITYSCAPE DENTAL PA,,"825 NICOLLET MALL, SUITE# 1921",55402,612-332-5916,215
osm:node/12569712465,nppes:1861138133,osm,node/12569712465,J&D Dental,,"109 South 7th Street, 133",55402,+1-612-332-0592,nppes,1861138133,DOWNTOWN PERIODONTICS AND IMPLANT DENTISTRY,,"825 NICOLLET MALL, SUITE 725",55402,612-339-5593,215
osm:node/12569712465,nppes:1902978893,osm,node/12569712465,J&D Dental,,"109 South 7th Street, 133",55402,+1-612-332-0592,nppes,1902978893,J&D DENTAL DDS PA,,"109 S 7TH ST, SUITE 133",55402,612-332-0592,23
osm:node/12569712465,nppes:1982775235,osm,node/12569712465,J&D Dental,,"109 South 7th Street, 133",55402,+1-612-332-0592,nppes,1982775235,"METROPOLITAN PERIODONTISTS, P.A.",,"825 NICOLLET MALL, SUITE 210",55402,612-332-0869,215
osm:node/12704116116,nppes:1972748721,osm,node/12704116116,Centennial Lakes Dental Group,,"4800 Olson Memorial Highway, 110",55422,+1 763 544 0121,nppes,1972748721,CENTENNIAL LAKES DENTAL GROUP,,5851 DULUTH ST STE 218,55422,763-544-0121,1950
osm:node/12729435294,nppes:1952569220,osm,node/12729435294,Access Point Dental,,,,,nppes,1952569220,WILLIAM S JOHNSTON DDS PA,,1545 LIVINGTON AVE SUITE 101,55118,651-455-0505,216
osm:node/12730027395,nppes:1902465867,osm,node/12730027395,Apelgren Dental,,,,,nppes,1902465867,APELGREN DENTAL,,3938 CEDAR GROVE PKWY,55122,651-452-9660,123
osm:node/12793964545,nppes:1295859676,osm,node/12793964545,Mill City Dental,,"1026 Washington Avenue South, 100",55415,+1-612-877-8888,nppes,1295859676,ST CROIX VALLEY DENTAL PLLC,CITY WALK DENTAL,"10035 CITY WALK DR, STE A LAKE ELMO DENTAL",55042,651-714-5555,
osm:node/12818327001,nppes:1285350736,osm,node/12818327001,Shamblott Family Dentistry,,"400 Selby Avenue, Suite A",55102,,nppes,1285350736,SHAMBLOTT FAMILY DENTAL CENTER PLLC,DENTAL CARE ALLIANCE,400 SELBY AVE,55102,651-222-6880,168
osm:node/12896072225,nppes:1023681152,osm,node/12896072225,Village Orthodontics,,850 County Road D  West,,+1-612-788-9666,nppes,1023681152,"ORTHODONTIC PARTNERS OF MINNESOTA, PLLC",DUNN ORTHODONTICS,650 COMMERCE DR STE 170,55125,651-738-3866,
osm:node/12897274799,nppes:1518572916,osm,node/12897274799,Dentists of Highland Park,,,,,nppes,1518572916,SMILE ORTHODONTICS STILLWATER LLC,SMILE ORTHODONTICS,2008 FORD PKWY,55116,651-351-7777,300
osm:node/12897274799,nppes:1659881944,osm,node/12897274799,Dentists of Highland Park,,,,,nppes,1659881944,"DENTISTS OF HIGHLAND PARK, PC",,2096 FORD PKWY,55116,651-237-9913,41
osm:node/13063936043,nppes:1831665603,osm,node/13063936043,Lifesmiles Family Dentistry,,"8100 Penn Avenue South, 172",55431,,nppes,1831665603,WHITE SMILES FAMILY DENTISTRY PLLC,,1611 COUNTY HWY 10,55432,763-717-3989,
osm:node/13089392420,nppes:1295907202,osm,node/13089392420,Summit Dental Care,,10756 Butternut Street Northwest,55448,,nppes,1295907202,SUMMIT DENTAL P.A.,,10756 BUTTERNUT ST NW,55448,763-757-4170,76
osm:node/13143516544,nppes:1316913411,osm,node/13143516544,Metro Dentalcare,,,,+1-651-452-4828,nppes,1316913411,"METRO DENTALCARE, PLC",,17597 CEDAR AVE,55044,952-431-6600,
osm:node/13143516544,nppes:1497403810,osm,node/13143516544,Metro Dentalcare,,,,+1-651-452-4828,nppes,1497403810,"NORTHLAND DENTAL PARTNERS, PLLC",METRO DENTALCARE BROOKLYN CENTER,512 66TH AVE N,55430,763-560-3334,
osm:node/13143516544,nppes:1619625043,osm,node/13143516544,Metro Dentalcare,,,,+1-651-452-4828,nppes,1619625043,"NORTHLAND DENTAL PARTNERS, PLLC",METRO DENTALCARE EAGAN,1965 CLIFF LAKE RD STE 102,55122,651-452-4828,157
osm:node/13143516544,nppes:1689324311,osm,node/13143516544,Metro Dentalcare,,,,+1-651-452-4828,nppes,1689324311,"NORTHLAND DENTAL PARTNERS, PLLC",METRO DENTALCARE MAPLE GROVE GROVE CIRCLE,9630 GROVE CIR N STE 102,55369,763-420-5484,
osm:node/13143516544,nppes:1770730954,osm,node/13143516544,Metro Dentalcare,,,,+1-651-452-4828,nppes,1770730954,NORTHLAND DENTAL PARTNERS,METRO DENTALCARE,1905 PLAZA DR,55122,651-686-6678,834
osm:node/13143516544,nppes:1841368545,osm,node/13143516544,Metro Dentalcare,,,,+1-651-452-4828,nppes,1841368545,DR GERALD W RAUCHWARTER DDS LLC,DR GERALD W RAUCHWARTER DDS,"1960 CLIFF LAKE ROAD, #127",55122,651-681-1676,71
osm:node/13143516544,nppes:1881841021,osm,node/13143516544,Metro Dentalcare,,,,+1-651-452-4828,nppes,1881841021,NORTHLAND DENTAL PARTNERS PLLC,METRO DENTALCARE,4670 PARK NICOLLET AVE SE,55372,952-447-7606,
osm:node/13143516544,nppes:1891443263,osm,node/13143516544,Metro Dentalcare,,,,+1-651-452-4828,nppes,1891443263,"NORTHLAND DENTAL PARTNERS, PLLC",METRO DENTALCARE WOODBURY,429 COMMERCE DR STE 400,55125,651-731-2342,
osm:node/13156113098,nppes:1205069358,osm,node/13156113098,Mounds View Family Dental,,"2436 Mounds View Boulevard, 110",55112,,nppes,1205069358,MOUNDS VIEW FAMILY DENTAL,,5366 EDGEWOOD DR.,55112,347-481-6796,
osm:node/13185418506,nppes:1821907783,osm,node/13185418506,Imagine Smiles,,"10729 Town Square Drive Northeast, 150",55449,+1-763-269-8650,nppes,1821907783,"BLAINE LAKES DENTAL, P.L.L.C.",,10705 TOWN SQUARE DR NE STE 200,55449,763-757-1535,149
osm:node/13265552513,nppes:1043429970,osm,node/13265552513,Park Dental,,"800 LaSalle Ave S, Suite 100",55402,,nppes,1043429970,BIRCHWOOD DENTAL OF MINNEAPOLIS,,"825 NICOLLET MALL, 829 MEDICAL ARTS BLDG",55402,612-333-8677,161
osm:node/13265552513,nppes:1073063103,osm,node/13265552513,Park Dental,,"800 LaSalle Ave S, Suite 100",55402,,nppes,1073063103,"MINNESOTA DENTAL PROFESSIONALS, P.C.",DENTAL ARTS OF MINNEAPOLIS,"825 NICOLLET MALL, STE 425",55402,612-332-7675,161
osm:node/13265552513,nppes:1083676944,osm,node/13265552513,Park Dental,,"800 LaSalle Ave S, Suite 100",55402,,nppes,1083676944,DANIEL O ODEGAARD DDS PA,,"825 NICOLLET MALL, STE 1001",55402,612-332-2618,161
osm:node/13265552513,nppes:1104272939,osm,node/13265552513,Park Dental,,"800 LaSalle Ave S, Suite 100",55402,,nppes,1104272939,DONALD CLAUSEN DDS MS PA,,"825 NICOLLET MALL, STE 825",55402,612-338-5420,161
osm:node/13265552513,nppes:1164040457,osm,node/13265552513,Park Dental,,"800 LaSalle Ave S, Suite 100",55402,,nppes,1164040457,COLBY ORTHODONTICS LLC,,9TH ST. AND NICOLLET AVE. SUITE 531,55402,612-332-4344,177
osm:node/13265552513,nppes:1184782617,osm,node/13265552513,Park Dental,,"800 LaSalle Ave S, Suite 100",55402,,nppes,1184782617,"PDG, P.A.",PARK DENTAL,"800 LASALLE AVE, SUITE 100",55402,612-338-4546,39
osm:node/13265552513,nppes:1346649712,osm,node/13265552513,Park Dental,,"800 LaSalle Ave S, Suite 100",55402,,nppes,1346649712,IVORY DENTAL,,825 NICOLLET MALL STE 505,55402,612-338-8636,161
osm:node/13265552513,nppes:1447372859,osm,node/13265552513,Park Dental,,"800 LaSalle Ave S, Suite 100",55402,,nppes,1447372859,SCOTT R. KOIDAHL DDS PA,DOWNTOWN DENTAL ASSOCIATES,"825 NICOLLET MALL, SUITE 731",55402,612-339-5808,161
osm:node/13265552513,nppes:1477170108-pl4,osm,node/13265552513,Park Dental,,"800 LaSalle Ave S, Suite 100",55402,,nppes,1477170108-pl4,JESSE N VEIL DDS MS PA,VEIL & WILD ORTHODONTICS,40 S 7TH ST STE 220,55402,952-903-9484,184
osm:node/13265552513,nppes:1508476482,osm,node/13265552513,Park Dental,,"800 LaSalle Ave S, Suite 100",55402,,nppes,1508476482,SENSATIONAL SMILES,MUVE ORTHODONTICS,950 NICOLLET MALL STE 220,55403,612-271-0773,209
osm:node/13265552513,nppes:1649867334,osm,node/13265552513,Park Dental,,"800 LaSalle Ave S, Suite 100",55402,,nppes,1649867334,MSP ORTHODONTICS PLLC,,825 NICOLLET MALL STE 531,55402,612-332-4344,161
osm:node/13265552513,nppes:1659039444,osm,node/13265552513,Park Dental,,"800 LaSalle Ave S, Suite 100",55402,,nppes,1659039444,MINNEAPOLIS DENTAL PROFESSIONALS LLC,,825 NICOLLET MALL STE 939,55402,612-338-1255,161
osm:node/13265552513,nppes:1669199741,osm,node/13265552513,Park Dental,,"800 LaSalle Ave S, Suite 100",55402,,nppes,1669199741,METROPOLITAN PERIODONTISTS,,"825 NICOLLET MALL, STE. 210",55402,612-332-0869,161
osm:node/13265552513,nppes:1689732133,osm,node/13265552513,Park Dental,,"800 LaSalle Ave S, Suite 100",55402,,nppes,1689732133,"PDG,P.A.",PARK DENTAL,"4670 PARK NICOLLET AVE SE, SUITE 100",55372,952-447-7606,
osm:node/13265552513,nppes:1821746249,osm,node/13265552513,Park Dental,,"800 LaSalle Ave S, Suite 100",55402,,nppes,1821746249,"NORTHLAND DENTAL PARTNERS, PLLC",METRO DENTALCARE DOWNTOWN MINNEAPOLIS,825 NICOLLET MALL STE 1025,55402,612-333-2879,161
osm:node/13265552513,nppes:1841417003,osm,node/13265552513,Park Dental,,"800 LaSalle Ave S, Suite 100",55402,,nppes,1841417003,"TOWN DENTAL, PA",,407 CITY HALL PLZ,55318,952-448-3077,
osm:node/13265552513,nppes:1841656410,osm,node/13265552513,Park Dental,,"800 LaSalle Ave S, Suite 100",55402,,nppes,1841656410,CITYSCAPE DENTAL PA,,"825 NICOLLET MALL, SUITE# 1921",55402,612-332-5916,161
osm:node/13265552513,nppes:1861138133,osm,node/13265552513,Park Dental,,"800 LaSalle Ave S, Suite 100",55402,,nppes,1861138133,DOWNTOWN PERIODONTICS AND IMPLANT DENTISTRY,,"825 NICOLLET MALL, SUITE 725",55402,612-339-5593,161
osm:node/13265552513,nppes:1871100974,osm,node/13265552513,Park Dental,,"800 LaSalle Ave S, Suite 100",55402,,nppes,1871100974,"CANDID MINNESOTA, PLLC",,15 S 9TH ST STE 97,55402,860-481-7631,125
osm:node/13265552513,nppes:1982775235,osm,node/13265552513,Park Dental,,"800 LaSalle Ave S, Suite 100",55402,,nppes,1982775235,"METROPOLITAN PERIODONTISTS, P.A.",,"825 NICOLLET MALL, SUITE 210",55402,612-332-0869,161
osm:node/13448863362,nppes:1316913411,osm,node/13448863362,Metro Dentalcare,,9042,,,nppes,1316913411,"METRO DENTALCARE, PLC",,17597 CEDAR AVE,55044,952-431-6600,
osm:node/13448863362,nppes:1497403810,osm,node/13448863362,Metro Dentalcare,,9042,,,nppes,1497403810,"NORTHLAND DENTAL PARTNERS, PLLC",METRO DENTALCARE BROOKLYN CENTER,512 66TH AVE N,55430,763-560-3334,
osm:node/13448863362,nppes:1689324311,osm,node/13448863362,Metro Dentalcare,,9042,,,nppes,1689324311,"NORTHLAND DENTAL PARTNERS, PLLC",METRO DENTALCARE MAPLE GROVE GROVE CIRCLE,9630 GROVE CIR N STE 102,55369,763-420-5484,
osm:node/13448863362,nppes:1881841021,osm,node/13448863362,Metro Dentalcare,,9042,,,nppes,1881841021,NORTHLAND DENTAL PARTNERS PLLC,METRO DENTALCARE,4670 PARK NICOLLET AVE SE,55372,952-447-7606,
osm:node/13448863362,nppes:1891443263,osm,node/13448863362,Metro Dentalcare,,9042,,,nppes,1891443263,"NORTHLAND DENTAL PARTNERS, PLLC",METRO DENTALCARE WOODBURY,429 COMMERCE DR STE 400,55125,651-731-2342,
osm:node/13516981216,nppes:1194886630,osm,node/13516981216,Scandia Family Dental Clinic,,,,,nppes,1194886630,SCANDIA FAMILY DENTAL PA,,21080 OLINDA TRAIL N,55073,651-433-2655,65
osm:node/13610640653,nppes:1184093551,osm,node/13610640653,Eagan Dental Care,,,,,nppes,1184093551,"EAGAN SMILES DENTISTRY, PC",EAGAN SMILES DENTISTRY,"3405 PROMENADE AVE, SUITE 300",55123,651-236-7458,297
osm:node/13610640653,nppes:1891749362,osm,node/13610640653,Eagan Dental Care,,,,,nppes,1891749362,EAGAN DENTAL ASSOCIATES DBA NORTHWOOD DENTAL,,1227 NORTHWOOD PKWY,55121,651-687-0789,267
osm:node/13614655078,nppes:1093828261,osm,node/13614655078,Uptown Dental,,"1406 Lake Street West, 100",55408,,nppes,1093828261,LOWRY HILL DENTAL CLINIC PATRICK J PROCHASKA DDS ET.AL PARTNERS,LOWRY HILL DENTAL CLINIC,"1516 W LAKE ST, SUITE 302",55408,612-822-1484,287
osm:node/13614655078,nppes:1659458974,osm,node/13614655078,Uptown Dental,,"1406 Lake Street West, 100",55408,,nppes,1659458974,UPTOWN DENTAL ACQUISITION COMPANY,UPTOWN DENTAL,"1406 W LAKE ST, SUITE 100",55408,612-827-3736,51
osm:node/13614655078,nppes:1841417003,osm,node/13614655078,Uptown Dental,,"1406 Lake Street West, 100",55408,,nppes,1841417003,"TOWN DENTAL, PA",,407 CITY HALL PLZ,55318,952-448-3077,
osm:node/13614655078,nppes:1932206539,osm,node/13614655078,Uptown Dental,,"1406 Lake Street West, 100",55408,,nppes,1932206539,UPTOWN SMILE LLC,UPTOWN SMILE,"1516 W LAKE ST, SUITE 302",55408,612-822-4184,287
osm:node/13626360295,nppes:1679182687,osm,node/13626360295,Holger Dental Group,,120 North 1st Avenue,55402,,nppes,1679182687,DOWNTOWN DENTAL CENTER PLLC,HOLGER DENTAL GROUP,120 1ST AVE N STE 200,55401,612-333-8988,46
osm:node/13883833775,nppes:1558218537,osm,node/13883833775,York Dental,,,,,nppes,1558218537,WELLSPRING DENTAL HEALTH,,7701 YORK AVE S STE 140,55435,952-956-6700,106
osm:node/13883833775,nppes:1649497025,osm,node/13883833775,York Dental,,,,,nppes,1649497025,YORK DENTAL P.L.L.C.,,3205 W 76TH ST,55435,952-841-0122,29
osm:node/13883833775,nppes:1689732133,osm,node/13883833775,York Dental,,,,,nppes,1689732133,"PDG,P.A.",PARK DENTAL,"4670 PARK NICOLLET AVE SE, SUITE 100",55372,952-447-7606,
osm:node/13883833775,nppes:1770205064,osm,node/13883833775,York Dental,,,,,nppes,1770205064,TARA KAUR DDS PLLC,,"7701 YORK AVE SOUTH, SUITE 140",55435,952-956-6700,106
osm:node/13883833775,nppes:1932012630,osm,node/13883833775,York Dental,,,,,nppes,1932012630,SAM SAUZA DDS PC,STACKED SMILES EDINA,7701 YORK AVE S STE 240,55435,651-505-5900,106
osm:node/13942955984,nppes:1184093551,osm,node/13942955984,Eagan Smiles,,,,,nppes,1184093551,"EAGAN SMILES DENTISTRY, PC",EAGAN SMILES DENTISTRY,"3405 PROMENADE AVE, SUITE 300",55123,651-236-7458,67
osm:node/13965983641,nppes:1144307232,osm,node/13965983641,CityScape Dental,,"300 South 2nd Street, 3",,,nppes,1144307232,"SKYWAY DENTAL CLINIC, P.L.L.C.",SKYWAY DENTAL CLINIC|DR. FREDRICK R SCHILLING DDS PA,"250 2ND AVE S., SUITE 250",55401,612-338-4122,265
osm:node/13965983641,nppes:1841656410,osm,node/13965983641,CityScape Dental,,"300 South 2nd Street, 3",,,nppes,1841656410,CITYSCAPE DENTAL PA,,"825 NICOLLET MALL, SUITE# 1921",55402,612-332-5916,1018
osm:node/13967989885,nppes:1114781739,osm,node/13967989885,Blue Heron Dental Care,,601 Apollo Drive,55014,+17633733214,nppes,1114781739,"MINNESOTA DENTAL PROFESSIONALS, P.C.",BLUE HERON DENTAL CARE,601 APOLLO DR STE 110,55014,763-542-3765,
osm:node/13967989885,nppes:1417881707,osm,node/13967989885,Blue Heron Dental Care,,601 Apollo Drive,55014,+17633733214,nppes,1417881707,"DENTISTS OF LINO LAKES, PC",DENTISTS OF LINO LAKES,7705 LAKE DR,55014,651-727-8101,293
osm:node/14110804612,nppes:1023173531,osm,node/14110804612,Stillwater Dental,,,,,nppes,1023173531,OAKRIDGE DENTAL CENTER,,13481 60TH ST N,55082,651-430-9990,54
osm:node/14110804612,nppes:1629774138,osm,node/14110804612,Stillwater Dental,,,,,nppes,1629774138,STILLWATER MODERN DENTISTRY. PC,STILLWATER MODERN DENTISTRY,13331 60TH ST N,55082,651-352-4629,252
osm:node/14112398881,nppes:1023173531,osm,node/14112398881,Stillwater Modern Dentistry,,,,,nppes,1023173531,OAKRIDGE DENTAL CENTER,,13481 60TH ST N,55082,651-430-9990,214
osm:node/14112398881,nppes:1629774138,osm,node/14112398881,Stillwater Modern Dentistry,,,,,nppes,1629774138,STILLWATER MODERN DENTISTRY. PC,STILLWATER MODERN DENTISTRY,13331 60TH ST N,55082,651-352-4629,93
osm:node/14117084908,nppes:1629774138,osm,node/14117084908,Park Dental,,,,,nppes,1629774138,STILLWATER MODERN DENTISTRY. PC,STILLWATER MODERN DENTISTRY,13331 60TH ST N,55082,651-352-4629,200
osm:node/14117084908,nppes:1689732133,osm,node/14117084908,Park Dental,,,,,nppes,1689732133,"PDG,P.A.",PARK DENTAL,"4670 PARK NICOLLET AVE SE, SUITE 100",55372,952-447-7606,
osm:node/14117084908,nppes:1841417003,osm,node/14117084908,Park Dental,,,,,nppes,1841417003,"TOWN DENTAL, PA",,407 CITY HALL PLZ,55318,952-448-3077,
osm:node/1411811129,nppes:1184899106,osm,node/1411811129,Snelling Avenue Dental,,,,+1-651-699-5600,nppes,1184899106,MENDES FAMILY DENTISTRY,,550 SNELLING AVE S,55116,651-699-0404,178
osm:node/1411811129,nppes:1245416403,osm,node/1411811129,Snelling Avenue Dental,,,,+1-651-699-5600,nppes,1245416403,SNELLING AVENUE DENTAL,,604 SNELLING AVE S,55116,651-699-5600,34
osm:node/14125364900,nppes:1043960776,osm,node/14125364900,Metro Dental Care,,,,,nppes,1043960776,"NORTHLAND DENTAL PARTNERS, PLLC",METRO DENTALCARE ROSEVILLE,2690 SNELLING AVE N STE 200,55113,651-633-1834,141
osm:node/14125364900,nppes:1255494712,osm,node/14125364900,Metro Dental Care,,,,,nppes,1255494712,OXBORO DENTAL CARE,,525 W 98TH ST,55420,952-881-2243,
osm:node/14125364900,nppes:1316913411,osm,node/14125364900,Metro Dental Care,,,,,nppes,1316913411,"METRO DENTALCARE, PLC",,17597 CEDAR AVE,55044,952-431-6600,
osm:node/14125364900,nppes:1881841021,osm,node/14125364900,Metro Dental Care,,,,,nppes,1881841021,NORTHLAND DENTAL PARTNERS PLLC,METRO DENTALCARE,4670 PARK NICOLLET AVE SE,55372,952-447-7606,
osm:node/14125364900,nppes:1891443263,osm,node/14125364900,Metro Dental Care,,,,,nppes,1891443263,"NORTHLAND DENTAL PARTNERS, PLLC",METRO DENTALCARE WOODBURY,429 COMMERCE DR STE 400,55125,651-731-2342,
osm:node/14143321792,nppes:1639214547,osm,node/14143321792,Krengel Dental,,,,+19528881311,nppes,1639214547,DR RICHARD E BRIMACOMB,,"8900 PENN AVE S, #112",55431,952-888-1311,1744
osm:node/14143321792,nppes:1679705404,osm,node/14143321792,Krengel Dental,,,,+19528881311,nppes,1679705404,ROY KRENGEL DDS PA,,"8900 PENN AVE S, SUITE #112",55431,952-888-1311,1744
osm:node/14180598701,nppes:1376403113,osm,node/14180598701,Rush Creek Dental Care,,18820 70th Way North,55311,+16122542730,nppes,1376403113,"MINNESOTA DENTAL PROFESSIONALS, P.C.",,18820 70TH WAY N,55311,612-254-2730,
osm:node/14189483436,nppes:1356854442-pl3,osm,node/14189483436,Smile Orthodontics Stillwater,,,,,nppes,1356854442-pl3,SMILE ORTHODONTICS STILLWATER LLC,SMILE ORTHODONTICS|SM:)E ORTHO,105 NEW ENGLAND PL STE 120,55082,650-351-7777,104
osm:node/14189483436,nppes:1821690496,osm,node/14189483436,Smile Orthodontics Stillwater,,,,,nppes,1821690496,SMILE ORTHODONTICS STILLWATER LLC,,9424 MAPLE GROVE PKWY N,55311,651-351-7777,
osm:node/14204036046,nppes:1851466155,osm,node/14204036046,Chalet Dental,,1651 Dale Street N,,+1-651-413-9150,nppes,1851466155,CHALET DENTAL CARE,,1651 N DALE ST,55117,651-488-5888,21
osm:node/1696599650,nppes:1144717299,osm,node/1696599650,Riverbed Family Dentist,,,,+1 651-699-3212,nppes,1144717299,"GREAT ODENS, LLC",RIVERBEND FAMILY DENTAL,241 CLEVELAND AVE S STE D,55105,651-699-3212,27
osm:node/1696599650,nppes:1619781770,osm,node/1696599650,Riverbed Family Dentist,,,,+1 651-699-3212,nppes,1619781770,RIVERBEND FAMILY DENTAL,,241 CLEVELAND AVE S STE D1,55105,651-699-3212,27
osm:node/1696695965,nppes:1144717299,osm,node/1696695965,Groveland Dental,,2042 Saint Clair Avenue,55105,,nppes,1144717299,"GREAT ODENS, LLC",RIVERBEND FAMILY DENTAL,241 CLEVELAND AVE S STE D,55105,651-699-3212,68
osm:node/1696695965,nppes:1619781770,osm,node/1696695965,Groveland Dental,,2042 Saint Clair Avenue,55105,,nppes,1619781770,RIVERBEND FAMILY DENTAL,,241 CLEVELAND AVE S STE D1,55105,651-699-3212,68
osm:node/1719957678,nppes:1093997546,osm,node/1719957678,Gentle Dentistry,,1340 Duckwood Drive,55123,+1 651-209-9999,nppes,1093997546,"FAMILY & COSMETIC GENTLE DENTISTRY, LTD",,1340 DUCKWOOD DR,55123,651-209-9999,81
osm:node/2006887045,nppes:1689732133,osm,node/2006887045,Wood Park Dental,,,,,nppes,1689732133,"PDG,P.A.",PARK DENTAL,"4670 PARK NICOLLET AVE SE, SUITE 100",55372,952-447-7606,
osm:node/2047264671,nppes:1184782542,osm,node/2047264671,Duren Family Dental,,,,+1 952 4354142,nppes,1184782542,"PDG,P.A.",PARK DENTAL,40 W NICOLLET BLVD,55337,952-898-0990,296
osm:node/2047264671,nppes:1245722297,osm,node/2047264671,Duren Family Dental,,,,+1 952 4354142,nppes,1245722297,"ORTHODONTIC SPECIALISTS OF MINNESOTA, P.L.L.C.",THE DENTAL SPECIALISTS- ORTHODONTICS,40 W NICOLLET BLVD,55337,952-241-2496,296
osm:node/2047264671,nppes:1285825729,osm,node/2047264671,Duren Family Dental,,,,+1 952 4354142,nppes,1285825729,"CRAIG V. DUREN, D.D.S. , P.A.",,351 W NICOLLET BLVD,55337,952-435-4142,383
osm:node/2047264671,nppes:1326650961,osm,node/2047264671,Duren Family Dental,,,,+1 952 4354142,nppes,1326650961,MCGANN FAMILY DENTAL,MCGANN FAMILY DENTAL,8981 33RD ST N,55042,651-777-1337,
osm:node/2047264671,nppes:1407325830-pl7,osm,node/2047264671,Duren Family Dental,,,,+1 952 4354142,nppes,1407325830-pl7,FACIAL PAIN CENTER PLLC,,40 W NICOLLET BLVD,55337,952-926-3858,296
osm:node/2047264671,nppes:1508932344,osm,node/2047264671,Duren Family Dental,,,,+1 952 4354142,nppes,1508932344,"DENTAL SPECIALISTS OF MINNESOTA, PLLC",THE DENTAL SPECIALISTS,40 W NICOLLET BLVD,55337,952-929-4458,296
osm:node/2503125447,nppes:1134807878,osm,node/2503125447,Park Dental Ridgepark,,13059 Ridgedale Drive,55305,,nppes,1134807878,MODERN DENTISTRY OF MINNETONKA PLLC,,2000 PLYMOUTH RD STE 357,55305,952-544-1449,275
osm:node/2503125447,nppes:1407325830-pl1,osm,node/2503125447,Park Dental Ridgepark,,13059 Ridgedale Drive,55305,,nppes,1407325830-pl1,FACIAL PAIN CENTER PLLC,,13059 RIDGEDALE DR,55305,952-926-3858,40
osm:node/2503125447,nppes:1689732133,osm,node/2503125447,Park Dental Ridgepark,,13059 Ridgedale Drive,55305,,nppes,1689732133,"PDG,P.A.",PARK DENTAL,"4670 PARK NICOLLET AVE SE, SUITE 100",55372,952-447-7606,
osm:node/2503125447,nppes:1730247180,osm,node/2503125447,Park Dental Ridgepark,,13059 Ridgedale Drive,55305,,nppes,1730247180,"PDG,P.A.",PARK DENTAL,13059 RIDGEDALE DR,55305,952-545-8603,40
osm:node/2913647859,nppes:1326023474,osm,node/2913647859,Great River Dental,,,,,nppes,1326023474,INFINITY DENTAL CARE,ASPEN DENTAL CARE ALLIANCE DENTAL,"101 5TH ST E, STE 299",55101,651-224-7470,216
osm:node/2913647859,nppes:1578606067,osm,node/2913647859,Great River Dental,,,,,nppes,1578606067,ARENDAL DENTAL CLINIC,,"101 5TH ST E, SUITE 299",55101,651-204-9353,216
osm:node/2913647859,nppes:1710960760,osm,node/2913647859,Great River Dental,,,,,nppes,1710960760,PETER N CANNON DDS PA,,"400 ROBERT ST N, #270",55101,651-224-2787,127
osm:node/2913647859,nppes:1811972292,osm,node/2913647859,Great River Dental,,,,,nppes,1811972292,GREAT RIVER DENTAL P.A.,,375 JACKSON ST,55101,651-222-0983,42
osm:node/2913647859,nppes:1841331642,osm,node/2913647859,Great River Dental,,,,,nppes,1841331642,"LEROY M. HIPP, D.D.S.",,"405 SIBLEY ST, SUITE 240",55101,651-224-9300,166
osm:node/3201016445,nppes:1356854442,osm,node/3201016445,ADT Dental,,"2230,2232 Hennepin Avenue South",55408,+1 612 377 6108,nppes,1356854442,SMILE ORTHODONTICS STILLWATER LLC,SMILE ORTHODONTICS|SM:)E ORTHO,2224 HENNEPIN AVE,55405,651-351-7777,63
osm:node/3201016445,nppes:1447961750,osm,node/3201016445,ADT Dental,,"2230,2232 Hennepin Avenue South",55408,+1 612 377 6108,nppes,1447961750,APPLE TREE DENTAL,,2232 HENNEPIN AVE,55405,612-377-6108,61
osm:node/3201016445,nppes:1548282585,osm,node/3201016445,ADT Dental,,"2230,2232 Hennepin Avenue South",55408,+1 612 377 6108,nppes,1548282585,"ADT DENTAL, LTD.",,2232 HENNEPIN AVE,55405,612-377-6108,61
osm:node/3201016445,nppes:1699601310,osm,node/3201016445,ADT Dental,,"2230,2232 Hennepin Avenue South",55408,+1 612 377 6108,nppes,1699601310,"ONYX DENTAL, PLLC",,2232 HENNEPIN AVE,55405,612-749-3314,61
osm:node/3215276672,nppes:1104977222,osm,node/3215276672,Jakubas Dental Clinic,,4554 Minnehaha Avenue,55406,,nppes,1104977222,MINNEHAHA FALL FAMILY DENTAL,JAKUBAS DENTAL,4554 MINNEHAHA AVE,55406,612-721-3012,61
osm:node/3497689945,nppes:1255974325-pl7,osm,node/3497689945,Lakeside Orthodontics,,1696 Grand Avenue,55105,+1-651-699-2013,nppes,1255974325-pl7,SMILE DOCTORS OF MINNESOTA PC,,1696 GRAND AVE,55105,651-699-2013,11
osm:node/3497689945,nppes:1730782467,osm,node/3497689945,Lakeside Orthodontics,,1696 Grand Avenue,55105,+1-651-699-2013,nppes,1730782467,WHITE BEAR LAKE ORTHODONTICS,,4437 LAKE AVE S,55110,763-999-0055,
osm:node/3532499008,nppes:1730271081,osm,node/3532499008,Linden Hills Dentistry,,4289 Sheridan Avenue South,55410,+1-612-922-6164,nppes,1730271081,"LHD, PLLC",LINDEN HILLS DENTISTRY,4289 SHERIDAN AVE S,55410,612-922-6164,24
osm:node/3627771163,nppes:1265948285,osm,node/3627771163,Park Dental Grand,,"917 Grand Avenue, Ste 5",55105,+1-651-221-1902,nppes,1265948285,"SMILE LABS SERVICES, LLC",,867 GRAND AVENUE,55105,651-222-5133,168
osm:node/3627771163,nppes:1417015009,osm,node/3627771163,Park Dental Grand,,"917 Grand Avenue, Ste 5",55105,+1-651-221-1902,nppes,1417015009,"PDG,P.A.",PARK DENTAL,917 GRAND AVE,55105,651-221-1902,50
osm:node/3627771163,nppes:1689732133,osm,node/3627771163,Park Dental Grand,,"917 Grand Avenue, Ste 5",55105,+1-651-221-1902,nppes,1689732133,"PDG,P.A.",PARK DENTAL,"4670 PARK NICOLLET AVE SE, SUITE 100",55372,952-447-7606,
osm:node/3993101977,nppes:1396129433,osm,node/3993101977,Maple Grove Smiles Dentistry,,12737 Elm Creek Boulevard,,,nppes,1396129433,"MAPLE GROVE SMILES DENTISTRY, PC",MAPLE GROVE SMILES DENTISTRY,12775 ELM CREEK BLVD N,55369,763-218-7005,76
osm:node/4119782525,nppes:1730384280,osm,node/4119782525,Artisan Dental,,,,+1-763-519-8880,nppes,1730384280,PLYMOUTH DENTAL CARE PC,,"4000 ANNAPOLIS LN N, SUITE 103",55447,763-551-0501,171
osm:node/4331102007,nppes:1497149496,osm,node/4331102007,Knollwood Dentistry,,8458 Minnesota State Highway 7,55426,,nppes,1497149496,"KNOLLWOOD DENTISTRY, PC",KNOLLWOOD DENTISTRY,8454 HIGHWAY 7,55426,952-933-3667,101
osm:node/4621509971,nppes:1073662292,osm,node/4621509971,"Eat Street Dental, PLLC",,2701 Nicollet Avenue,55408,+1-612-874-7674,nppes,1073662292,BARRY D GERST DDS PA,,2701 NICOLLET AVE,55408,612-874-7674,20
osm:node/4621509971,nppes:1184829509,osm,node/4621509971,"Eat Street Dental, PLLC",,2701 Nicollet Avenue,55408,+1-612-874-7674,nppes,1184829509,LAKE STREET DENTAL,,1508 E LAKE ST,55407,612-724-1717,1995
osm:node/4621509977,nppes:1073662292,osm,node/4621509977,Tung Doan Dentistry,,"2727 Nicollet Avenue, 104",55408,+1-612-879-0543,nppes,1073662292,BARRY D GERST DDS PA,,2701 NICOLLET AVE,55408,612-874-7674,99
osm:node/4751252074,nppes:1316913411,osm,node/4751252074,Metro DentalCare,,,,,nppes,1316913411,"METRO DENTALCARE, PLC",,17597 CEDAR AVE,55044,952-431-6600,
osm:node/4751252074,nppes:1457969636,osm,node/4751252074,Metro DentalCare,,,,,nppes,1457969636,EDEN PRAIRIE ORTHODONTIC ASSOC,,8200 COMMONWEALTH DR # 100,55344,952-829-0686,199
osm:node/4751252074,nppes:1497403810,osm,node/4751252074,Metro DentalCare,,,,,nppes,1497403810,"NORTHLAND DENTAL PARTNERS, PLLC",METRO DENTALCARE BROOKLYN CENTER,512 66TH AVE N,55430,763-560-3334,
osm:node/4751252074,nppes:1689324311,osm,node/4751252074,Metro DentalCare,,,,,nppes,1689324311,"NORTHLAND DENTAL PARTNERS, PLLC",METRO DENTALCARE MAPLE GROVE GROVE CIRCLE,9630 GROVE CIR N STE 102,55369,763-420-5484,
osm:node/4751252074,nppes:1700534138,osm,node/4751252074,Metro DentalCare,,,,,nppes,1700534138,"NORTHLAND DENTAL PARTNERS, PLLC",METRO DENTALCARE EDEN PRAIRIE,8353 CRYSTAL VIEW RD STE 105,55344,952-252-4000,67
osm:node/4751252074,nppes:1881841021,osm,node/4751252074,Metro DentalCare,,,,,nppes,1881841021,NORTHLAND DENTAL PARTNERS PLLC,METRO DENTALCARE,4670 PARK NICOLLET AVE SE,55372,952-447-7606,
osm:node/4751252074,nppes:1891443263,osm,node/4751252074,Metro DentalCare,,,,,nppes,1891443263,"NORTHLAND DENTAL PARTNERS, PLLC",METRO DENTALCARE WOODBURY,429 COMMERCE DR STE 400,55125,651-731-2342,
osm:node/5287811004,nppes:1598413957,osm,node/5287811004,Metro Dentalcare South Minneapolis,,4552 Bryant Avenue South,55419,+1-612-825-1697,nppes,1598413957,"NORTHLAND DENTAL PARTNERS, PLLC",DENTAL CARE ON BRYANT,4552 BRYANT AVE S,55419,612-825-1697,80
osm:node/5287811004,nppes:1881841021,osm,node/5287811004,Metro Dentalcare South Minneapolis,,4552 Bryant Avenue South,55419,+1-612-825-1697,nppes,1881841021,NORTHLAND DENTAL PARTNERS PLLC,METRO DENTALCARE,4670 PARK NICOLLET AVE SE,55372,952-447-7606,
osm:node/5361754637,nppes:1194997783,osm,node/5361754637,Midwest Dental,,2010 27th Avenue South,55406,+1-612-336-8478,nppes,1194997783,DR ALAN RUSSELL PLC,,2010 27TH AVE S,55406,612-336-8478,15
osm:node/5361754637,nppes:1447860523,osm,node/5361754637,Midwest Dental,,2010 27th Avenue South,55406,+1-612-336-8478,nppes,1447860523,MODERN DENTAL PROFESSIONALS MINNESOTA PC,MIDWEST DENTAL - SEWARD,2010 27TH AVE S,55406,612-336-8478,15
osm:node/5361754637,nppes:1861718173,osm,node/5361754637,Midwest Dental,,2010 27th Avenue South,55406,+1-612-336-8478,nppes,1861718173,MODERN DENTAL PROFESSIONALS MN PC,MIDWEST DENTAL,"200 VILLAGE CENTER DR, SUITE 400",55127,651-631-2133,
osm:node/547074054,nppes:1083011928,osm,node/547074054,Gentle Dentistry,,8074 Old Carriage Court,,,nppes,1083011928,"GENTLE DENTISTRY OF MINNESOTA, LTD",,8074 OLD CARRIAGE CT,55379,952-746-0808,203
osm:node/547074088,nppes:1346462355,osm,node/547074088,Crossings Dental Care,,,,,nppes,1346462355,CROSSINGS DENTAL CARE,,8170 OLD CARRIAGE CT STE 150,55379,952-224-8090,125
osm:node/5577469202,nppes:1083789507,osm,node/5577469202,Grove Endodontics,,,,,nppes,1083789507,"GROVE ENDODONTICS, P.A.",,"8811 92ND ST S, SUITE 109",55016,651-768-8180,1068
osm:node/5577469202,nppes:1548442411,osm,node/5577469202,Grove Endodontics,,,,,nppes,1548442411,"FAMILY & COSMETIC GENTLE DENTISTRY, LTD",,8711 E POINT DOUGLAS RD S,55016,651-379-9892,128
osm:node/5627329557,nppes:1992822290,osm,node/5627329557,Southside Dental Clinic,,4243 4th Avenue South,55409,+1-877-938-9341,nppes,1992822290,"SOUTHSIDE COMMUNITY HEALTH SERVICES, INC.",SOUTHSIDE DENTAL CLINIC,4243 4TH AVE S,55409,612-822-9030,59
osm:node/5728461222,nppes:1255491866,osm,node/5728461222,Integrity Dental Care,,,,,nppes,1255491866,"INTEGRITY DENTAL CARE, P.A.",,7500 80TH ST S,55016,651-459-3039,48
osm:node/5728461222,nppes:1447193297-pl1,osm,node/5728461222,Integrity Dental Care,,,,,nppes,1447193297-pl1,MCFARLAND PLLC,,7501 80TH ST S STE 110,55016,651-459-7888,90
osm:node/5728461222,nppes:1578211991,osm,node/5728461222,Integrity Dental Care,,,,,nppes,1578211991,"NORTHLAND DENTAL PARTNERS, PLLC",METRO DENTALCARE COTTAGE GROVE,7430 80TH ST S STE 201,55016,651-459-2232,149
osm:node/5728461222,nppes:1588005169,osm,node/5728461222,Integrity Dental Care,,,,,nppes,1588005169,COMMUNITY DENTAL CARE INC,,5700 BOTTINEAU BLVD STE 250,55429,763-270-5776,
osm:node/5728461222,nppes:1801068358,osm,node/5728461222,Integrity Dental Care,,,,,nppes,1801068358,AL M VIRGEN DMD PA,ALL SMILES DENTISTRY,"7501 80TH ST S, SUITE 2",55016,651-459-7888,90
osm:node/5729081339,nppes:1023681152-pl1,osm,node/5729081339,Pine Arbor Dental Care,,,,,nppes,1023681152-pl1,"ORTHODONTIC PARTNERS OF MINNESOTA, PLLC",DUNN ORTHODONTICS,6936 PINE ARBOR DR S STE 220,55016,651-738-3866,85
osm:node/5729081339,nppes:1114333986,osm,node/5729081339,Pine Arbor Dental Care,,,,,nppes,1114333986,"DRESEN RESTORATIVE DENTISTRY, PA",,"6936 PINE ARBOR DR S, SUITE 210",55016,651-735-1585,85
osm:node/5729081339,nppes:1215673454,osm,node/5729081339,Pine Arbor Dental Care,,,,,nppes,1215673454,PROPER SLEEP EAST METRO PLLC,,6936 PINE ARBOR DR S STE 210,55016,651-769-1000,85
osm:node/5729081339,nppes:1427623966,osm,node/5729081339,Pine Arbor Dental Care,,,,,nppes,1427623966,"MINNESOTA DENTAL PROFESSIONALS, P.C.",PINE ARBOR DENTAL CARE,6939 PINE ARBOR DR S STE 104,55016,651-459-3514,82
osm:node/5729081339,nppes:1720647589,osm,node/5729081339,Pine Arbor Dental Care,,,,,nppes,1720647589,LINDGREN DENTAL CARE PLLC,LINDGREN DENTAL CARE,6936 PINE ARBOR DR S STE 210,55016,651-769-1000,85
osm:node/6033465437,nppes:1952569220,osm,node/6033465437,Lifelong Dental Care,,1525 Livingston Avenue,55118,+1-651-457-4888,nppes,1952569220,WILLIAM S JOHNSTON DDS PA,,1545 LIVINGTON AVE SUITE 101,55118,651-455-0505,152
osm:node/6236126673,nppes:1508926841,osm,node/6236126673,Wayzata Dental,,"250 Central Avenue North, 202",55391,+1-952-473-4900,nppes,1508926841,WAYZATA ENDODONTICS PA,,"250 N CENTRAL AVE, SUITE 303",55391,952-476-0070,82
osm:node/6236126673,nppes:1659554517,osm,node/6236126673,Wayzata Dental,,"250 Central Avenue North, 202",55391,+1-952-473-4900,nppes,1659554517,"WAYZATA DENTAL, LTD.",WAYZATA DENTAL,"250 CENTRAL AVE N, SUITE 202",55391,952-473-4900,82
osm:node/6236126673,nppes:1902812126,osm,node/6236126673,Wayzata Dental,,"250 Central Avenue North, 202",55391,+1-952-473-4900,nppes,1902812126,"MICHAEL W. GLEYSTEEN, DDS, PA",WAYZATA ORTHODONTICS,250 CENTRAL AVE N # 113,55391,952-473-7037,82
osm:node/6275543772,nppes:1285757864,osm,node/6275543772,St. Paul Oral Surgery,,2550 University Avenue West,55114,,nppes,1285757864,"MINNESOTA CRANIOFACIAL CENTER MIDWAY, P.A.",,"2550 UNIVERSITY AVE W, SUITE 143N",55114,651-642-1013,131
osm:node/6275543772,nppes:1770540502,osm,node/6275543772,St. Paul Oral Surgery,,2550 University Avenue West,55114,,nppes,1770540502,"TWIN CITIES ENDODONTIC SPECIALISTS, P.A.",,"2550 UNIVERSITY AVE W, SUITE 155S",55114,651-646-6386,131
osm:node/6275543772,nppes:1861914061,osm,node/6275543772,St. Paul Oral Surgery,,2550 University Avenue West,55114,,nppes,1861914061,"THE DENTAL SPECIALIST OF MINNESOTA, PLLC",TWIN CITITES ENDODOONTICS SPECIALIST PA,2550 UNIVERSITY AVE W STE 155S,55114,651-646-6386,131
osm:node/6391789948,nppes:1316913411,osm,node/6391789948,Metro Dentalcare Chanhassen,,7806 Market Boulevard,55317,+1-952-949-1083,nppes,1316913411,"METRO DENTALCARE, PLC",,17597 CEDAR AVE,55044,952-431-6600,
osm:node/6391789948,nppes:1538112180,osm,node/6391789948,Metro Dentalcare Chanhassen,,7806 Market Boulevard,55317,+1-952-949-1083,nppes,1538112180,CHANHASSEN DENTAL,,"480 W 78TH ST, SUITE #116",55317,952-934-3383,367
osm:node/6391789948,nppes:1740923309,osm,node/6391789948,Metro Dentalcare Chanhassen,,7806 Market Boulevard,55317,+1-952-949-1083,nppes,1740923309,"NORTHLAND DENTAL PARTNERS, PLLC",METRO DENTALCARE CHANHASSEN,7806 MARKET BLVD,55317,952-949-1083,35
osm:node/6391789948,nppes:1881841021,osm,node/6391789948,Metro Dentalcare Chanhassen,,7806 Market Boulevard,55317,+1-952-949-1083,nppes,1881841021,NORTHLAND DENTAL PARTNERS PLLC,METRO DENTALCARE,4670 PARK NICOLLET AVE SE,55372,952-447-7606,
osm:node/6391789951,nppes:1538112180,osm,node/6391789951,Bluff Creek Dental,,600 Market Street,55317,,nppes,1538112180,CHANHASSEN DENTAL,,"480 W 78TH ST, SUITE #116",55317,952-934-3383,275
osm:node/6391789951,nppes:1740923309,osm,node/6391789951,Bluff Creek Dental,,600 Market Street,55317,,nppes,1740923309,"NORTHLAND DENTAL PARTNERS, PLLC",METRO DENTALCARE CHANHASSEN,7806 MARKET BLVD,55317,952-949-1083,171
osm:node/6391789951,nppes:1760802722,osm,node/6391789951,Bluff Creek Dental,,600 Market Street,55317,,nppes,1760802722,"DENTALIGN, P.A",TC ORTHODONTICS,470 W 78TH ST,55317,763-420-1030,288
osm:node/6391789951,nppes:1770190951,osm,node/6391789951,Bluff Creek Dental,,600 Market Street,55317,,nppes,1770190951,FOREVER SMILES PARTNERS PLLC,BLUFF CREEK DENTAL,600 MARKET ST STE 130,55317,952-937-5200,
osm:node/6453441261,nppes:1285377820,osm,node/6453441261,Metro Denal Care,,,,,nppes,1285377820,"NORTHLAND DENTAL PARTNERS, PLLC",METRO DENTALCARE BLAINE 10,261 COUNTY ROAD 10 NE STE 10,55434,763-786-9644,83
osm:node/6453441261,nppes:1336361534,osm,node/6453441261,Metro Denal Care,,,,,nppes,1336361534,NORTHTOWN CENTER DENTAL CENTER,NORTHTOWN DENTAL,113 NORTHTOWN DR NE,55434,763-780-5007,187
osm:node/6453441261,nppes:1881841021,osm,node/6453441261,Metro Denal Care,,,,,nppes,1881841021,NORTHLAND DENTAL PARTNERS PLLC,METRO DENTALCARE,4670 PARK NICOLLET AVE SE,55372,952-447-7606,
osm:node/652952171,nppes:1255494712,osm,node/652952171,Metro Dental Care,,,,+1-763-323-3042,nppes,1255494712,OXBORO DENTAL CARE,,525 W 98TH ST,55420,952-881-2243,
osm:node/652952171,nppes:1316913411,osm,node/652952171,Metro Dental Care,,,,+1-763-323-3042,nppes,1316913411,"METRO DENTALCARE, PLC",,17597 CEDAR AVE,55044,952-431-6600,
osm:node/652952171,nppes:1740938166,osm,node/652952171,Metro Dental Care,,,,+1-763-323-3042,nppes,1740938166,"NORTHLAND DENTAL PARTNERS, PLLC",CEDAR BEND DENTAL CARE,13040 RIVERDALE DR NW STE 600,55448,763-323-3042,156
osm:node/652952171,nppes:1881841021,osm,node/652952171,Metro Dental Care,,,,+1-763-323-3042,nppes,1881841021,NORTHLAND DENTAL PARTNERS PLLC,METRO DENTALCARE,4670 PARK NICOLLET AVE SE,55372,952-447-7606,
osm:node/652952171,nppes:1891443263,osm,node/652952171,Metro Dental Care,,,,+1-763-323-3042,nppes,1891443263,"NORTHLAND DENTAL PARTNERS, PLLC",METRO DENTALCARE WOODBURY,429 COMMERCE DR STE 400,55125,651-731-2342,
osm:node/6611097224,nppes:1104569839,osm,node/6611097224,Orthodontic Care Specialists,,,,+1-952-920-1373,nppes,1104569839,FAMILY ORTHODONTIC SPECIALISTS PLC,WOODLAKE ORTHODONTICS ST LOUIS PARK,4959 EXCELSIOR BLVD STE 200,55416,952-920-8774,102
osm:node/6611097224,nppes:1497879951,osm,node/6611097224,Orthodontic Care Specialists,,,,+1-952-920-1373,nppes,1497879951,ORTHODONTIC CARE GROUP,ORTHODONTIC CARE SPECIALISTS,4670 PARK NICOLLET AVE SE,55372,952-432-4941,
osm:node/6611097224,nppes:1588788053,osm,node/6611097224,Orthodontic Care Specialists,,,,+1-952-920-1373,nppes,1588788053,ORTHODONTIC CARE GROUP,ORTHODONTIC CARE SPECIALISTS,2500 COMO AVE,55108,651-917-0790,
osm:node/6611097224,nppes:1699272427,osm,node/6611097224,Orthodontic Care Specialists,,,,+1-952-920-1373,nppes,1699272427,"GROUP HEALTH, INC.",HEALTHPARTNERS,5500 EXCELSIOR BLVD,55416,952-853-9120,289
osm:node/6611097224,nppes:1730822479,osm,node/6611097224,Orthodontic Care Specialists,,,,+1-952-920-1373,nppes,1730822479,FAMILY ORTHODONTIC SPECIALISTS PLC,WOODLAKE ORTHODONTICS ANOKA,3507 ROUND LAKE BLVD NW STE 900,55303,763-323-7677,
osm:node/6611097224,nppes:1801043096,osm,node/6611097224,Orthodontic Care Specialists,,,,+1-952-920-1373,nppes,1801043096,"NORTHLAND DENTAL PARTNERS, PLLC",METRO DENTALCARE ST. LOUIS PARK,4959 EXCELSIOR BLVD STE 200,55416,952-920-8774,102
osm:node/6611097224,nppes:1992820153,osm,node/6611097224,Orthodontic Care Specialists,,,,+1-952-920-1373,nppes,1992820153,ORTHODONTIC CARE GROUP,ORTHODONTIC CARE SPECIALISTS,3401 WOODDALE AVE S,55416,952-920-1373,1700
osm:node/6611097229,nppes:1104569839,osm,node/6611097229,Metro Dentalcare,,"4959 Excelsior Boulevard, 200",55416,+1-952-920-8774,nppes,1104569839,FAMILY ORTHODONTIC SPECIALISTS PLC,WOODLAKE ORTHODONTICS ST LOUIS PARK,4959 EXCELSIOR BLVD STE 200,55416,952-920-8774,109
osm:node/6611097229,nppes:1316913411,osm,node/6611097229,Metro Dentalcare,,"4959 Excelsior Boulevard, 200",55416,+1-952-920-8774,nppes,1316913411,"METRO DENTALCARE, PLC",,17597 CEDAR AVE,55044,952-431-6600,
osm:node/6611097229,nppes:1497403810,osm,node/6611097229,Metro Dentalcare,,"4959 Excelsior Boulevard, 200",55416,+1-952-920-8774,nppes,1497403810,"NORTHLAND DENTAL PARTNERS, PLLC",METRO DENTALCARE BROOKLYN CENTER,512 66TH AVE N,55430,763-560-3334,
osm:node/6611097229,nppes:1689324311,osm,node/6611097229,Metro Dentalcare,,"4959 Excelsior Boulevard, 200",55416,+1-952-920-8774,nppes,1689324311,"NORTHLAND DENTAL PARTNERS, PLLC",METRO DENTALCARE MAPLE GROVE GROVE CIRCLE,9630 GROVE CIR N STE 102,55369,763-420-5484,
osm:node/6611097229,nppes:1699272427,osm,node/6611097229,Metro Dentalcare,,"4959 Excelsior Boulevard, 200",55416,+1-952-920-8774,nppes,1699272427,"GROUP HEALTH, INC.",HEALTHPARTNERS,5500 EXCELSIOR BLVD,55416,952-853-9120,293
osm:node/6611097229,nppes:1801043096,osm,node/6611097229,Metro Dentalcare,,"4959 Excelsior Boulevard, 200",55416,+1-952-920-8774,nppes,1801043096,"NORTHLAND DENTAL PARTNERS, PLLC",METRO DENTALCARE ST. LOUIS PARK,4959 EXCELSIOR BLVD STE 200,55416,952-920-8774,109
osm:node/6611097229,nppes:1881841021,osm,node/6611097229,Metro Dentalcare,,"4959 Excelsior Boulevard, 200",55416,+1-952-920-8774,nppes,1881841021,NORTHLAND DENTAL PARTNERS PLLC,METRO DENTALCARE,4670 PARK NICOLLET AVE SE,55372,952-447-7606,
osm:node/6611097229,nppes:1891443263,osm,node/6611097229,Metro Dentalcare,,"4959 Excelsior Boulevard, 200",55416,+1-952-920-8774,nppes,1891443263,"NORTHLAND DENTAL PARTNERS, PLLC",METRO DENTALCARE WOODBURY,429 COMMERCE DR STE 400,55125,651-731-2342,
osm:node/6656004386,nppes:1104569839,osm,node/6656004386,HealthPartners Dental,,5500 Excelsior Boulevard,55416,,nppes,1104569839,FAMILY ORTHODONTIC SPECIALISTS PLC,WOODLAKE ORTHODONTICS ST LOUIS PARK,4959 EXCELSIOR BLVD STE 200,55416,952-920-8774,267
osm:node/6656004386,nppes:1225629017,osm,node/6656004386,HealthPartners Dental,,5500 Excelsior Boulevard,55416,,nppes,1225629017,"GROUP HEALTH, INC.",HEALTHPARTNERS SPECIALTY DENTAL,2500 COMO AVE,55108,651-647-2500,
osm:node/6656004386,nppes:1699272427,osm,node/6656004386,HealthPartners Dental,,5500 Excelsior Boulevard,55416,,nppes,1699272427,"GROUP HEALTH, INC.",HEALTHPARTNERS,5500 EXCELSIOR BLVD,55416,952-853-9120,112
osm:node/6656004386,nppes:1760503478,osm,node/6656004386,HealthPartners Dental,,5500 Excelsior Boulevard,55416,,nppes,1760503478,GROUP HEALTH PLAN INC,HEALTHPARTNERS DENTAL GROUP,8100 34TH AVE S,55425,952-883-5151,
osm:node/6656004386,nppes:1780739417,osm,node/6656004386,HealthPartners Dental,,5500 Excelsior Boulevard,55416,,nppes,1780739417,"GROUP HEALTH, INC.",HEALTHPARTNERS COMO DENTAL CLINIC,2500 COMO AVE,55108,651-641-0020,
osm:node/6656004386,nppes:1801043096,osm,node/6656004386,HealthPartners Dental,,5500 Excelsior Boulevard,55416,,nppes,1801043096,"NORTHLAND DENTAL PARTNERS, PLLC",METRO DENTALCARE ST. LOUIS PARK,4959 EXCELSIOR BLVD STE 200,55416,952-920-8774,267
osm:node/6734428577,nppes:1508080532,osm,node/6734428577,Stone Creek Dental,,"7935 Stone Creek Drive, 150",55317,,nppes,1508080532,"STONE CREEK DENTAL, P.A.",,"7935 STONE CREEK DR, STE. 150",55317,952-937-2839,136
osm:node/6734428577,nppes:1649318619,osm,node/6734428577,Stone Creek Dental,,"7935 Stone Creek Drive, 150",55317,,nppes,1649318619,"RICHARD C AXEL. DDS, PA",,"7935 STONE CREEK DR, #150",55317,952-937-2839,136
osm:node/6734428577,nppes:1770190951,osm,node/6734428577,Stone Creek Dental,,"7935 Stone Creek Drive, 150",55317,,nppes,1770190951,FOREVER SMILES PARTNERS PLLC,BLUFF CREEK DENTAL,600 MARKET ST STE 130,55317,952-937-5200,
osm:node/6829122522,nppes:1447416607,osm,node/6829122522,Isles Dental,,2534 Hennepin Avenue South,,+1-612-374-4321,nppes,1447416607,ISLES DENTAL ASSOCIATES P.A,,2534 HENNEPIN AVE,55405,612-374-4321,31
osm:node/6829122522,nppes:1942018825,osm,node/6829122522,Isles Dental,,2534 Hennepin Avenue South,,+1-612-374-4321,nppes,1942018825,ISLES DENTAL PLLC,,2534 HENNEPIN AVE,55405,612-374-4321,31
osm:node/6835960221,nppes:1023681152,osm,node/6835960221,Sm:)e Orthodontics,,2214 Hennepin Avenue South,,,nppes,1023681152,"ORTHODONTIC PARTNERS OF MINNESOTA, PLLC",DUNN ORTHODONTICS,650 COMMERCE DR STE 170,55125,651-738-3866,
osm:node/6835960221,nppes:1356854442,osm,node/6835960221,Sm:)e Orthodontics,,2214 Hennepin Avenue South,,,nppes,1356854442,SMILE ORTHODONTICS STILLWATER LLC,SMILE ORTHODONTICS|SM:)E ORTHO,2224 HENNEPIN AVE,55405,651-351-7777,16
osm:node/6835960221,nppes:1356854442-pl4,osm,node/6835960221,Sm:)e Orthodontics,,2214 Hennepin Avenue South,,,nppes,1356854442-pl4,SMILE ORTHODONTICS STILLWATER LLC,SMILE ORTHODONTICS|SM:)E ORTHO,3007 LYNDALE AVE S,55408,651-351-7777,1409
osm:node/6835960221,nppes:1447961750,osm,node/6835960221,Sm:)e Orthodontics,,2214 Hennepin Avenue South,,,nppes,1447961750,APPLE TREE DENTAL,,2232 HENNEPIN AVE,55405,612-377-6108,15
osm:node/6835960221,nppes:1548282585,osm,node/6835960221,Sm:)e Orthodontics,,2214 Hennepin Avenue South,,,nppes,1548282585,"ADT DENTAL, LTD.",,2232 HENNEPIN AVE,55405,612-377-6108,15
osm:node/6835960221,nppes:1699601310,osm,node/6835960221,Sm:)e Orthodontics,,2214 Hennepin Avenue South,,,nppes,1699601310,"ONYX DENTAL, PLLC",,2232 HENNEPIN AVE,55405,612-749-3314,15
osm:node/6972451704,nppes:1689732133,osm,node/6972451704,ABC Dental PA,,3371 Coon Rapids Boulevard Northwest,55433,,nppes,1689732133,"PDG,P.A.",PARK DENTAL,"4670 PARK NICOLLET AVE SE, SUITE 100",55372,952-447-7606,
osm:node/6972451704,nppes:1841417003,osm,node/6972451704,ABC Dental PA,,3371 Coon Rapids Boulevard Northwest,55433,,nppes,1841417003,"TOWN DENTAL, PA",,407 CITY HALL PLZ,55318,952-448-3077,
osm:node/7089810773,nppes:1053481010,osm,node/7089810773,Pioneer Dental,,,,,nppes,1053481010,PRINVEV DENTAL P.A,,4227 WINNETKA AVE N,55428,763-536-1100,142
osm:node/7089810773,nppes:1992083125,osm,node/7089810773,Pioneer Dental,,,,,nppes,1992083125,"PIONEER DENTAL, P.A.",,4227 WINNETKA AVE N,55428,763-536-1100,142
osm:node/7129231770,nppes:1225178361,osm,node/7129231770,Minnesota Dental Group,,"4125 Lakeland Avenue North, #200",55422,,nppes,1225178361,"ROBBINSDALE FAMILY DENTISTRY, P.A.",MINNESOTA DENTAL GROUP,"4125 LAKELAND AVE N, 100",55422,763-537-5123,73
osm:node/7129231770,nppes:1780902080,osm,node/7129231770,Minnesota Dental Group,,"4125 Lakeland Avenue North, #200",55422,,nppes,1780902080,ROBBINSDALE DENTAL PLLC,MINNESOTA DENTAL GROUP,"4125 LAKELAND AVE N, SUITE 100",55422,763-537-5123,73
osm:node/7137228124,nppes:1194198309,osm,node/7137228124,Champlin Dentistry,,,,,nppes,1194198309,"CHAMPLIN DENTISTRY, PC",CHAMPLIN DENTISTRY,11231 AQUILA DRIVE N,55316,763-275-1318,98
osm:node/7137228124,nppes:1528133782,osm,node/7137228124,Champlin Dentistry,,,,,nppes,1528133782,"V KARE, PA",,11209 COMMERCE DR N,55316,763-323-6564,229
osm:node/7147743959,nppes:1699838011,osm,node/7147743959,Twin Cities Oral & Maxillofacial Surgery,,1790 Lexington Avenue North,55113,+1-651-488-9884,nppes,1699838011,LEXINGTON DENTAL,,"1790 LEXINGTON AVE N, SUITE B",55113,651-488-5557,31
osm:node/7147743967,nppes:1043642135,osm,node/7147743967,Como Park Dentistry,,1132 Larpenteur Avenue West,55113,+1-651-489-0641,nppes,1043642135,ST PAUL FAMILY DENTISTRY,,1050 LARPENTEUR AVE W,55113,651-488-5522,273
osm:node/7147743967,nppes:1194453951,osm,node/7147743967,Como Park Dentistry,,1132 Larpenteur Avenue West,55113,+1-651-489-0641,nppes,1194453951,COMO PARK DENTISTRY PA,COMO PARK DENTISTRY,1132 LARPENTEUR AVE W,55113,507-272-5955,51
osm:node/7147743967,nppes:1407923733,osm,node/7147743967,Como Park Dentistry,,1132 Larpenteur Avenue West,55113,+1-651-489-0641,nppes,1407923733,TODD A THAYER DDS MS PA,THAYER ORTHODONTICS,1050 LARPEUTEUR AVENUE WEST,55113,651-488-5622,273
osm:node/7147762888,nppes:1023681152,osm,node/7147762888,Thayer Orthodontics,,1050 Larpenteur Avenue West,55113,+1-651-488-5622,nppes,1023681152,"ORTHODONTIC PARTNERS OF MINNESOTA, PLLC",DUNN ORTHODONTICS,650 COMMERCE DR STE 170,55125,651-738-3866,
osm:node/7147762888,nppes:1043642135,osm,node/7147762888,Thayer Orthodontics,,1050 Larpenteur Avenue West,55113,+1-651-488-5622,nppes,1043642135,ST PAUL FAMILY DENTISTRY,,1050 LARPENTEUR AVE W,55113,651-488-5522,71
osm:node/7147762888,nppes:1194453951,osm,node/7147762888,Thayer Orthodontics,,1050 Larpenteur Avenue West,55113,+1-651-488-5622,nppes,1194453951,COMO PARK DENTISTRY PA,COMO PARK DENTISTRY,1132 LARPENTEUR AVE W,55113,507-272-5955,158
osm:node/7147762888,nppes:1407923733,osm,node/7147762888,Thayer Orthodontics,,1050 Larpenteur Avenue West,55113,+1-651-488-5622,nppes,1407923733,TODD A THAYER DDS MS PA,THAYER ORTHODONTICS,1050 LARPEUTEUR AVENUE WEST,55113,651-488-5622,71
osm:node/7147762889,nppes:1043642135,osm,node/7147762889,St. Paul Family Dentistry,,1050 Larpenteur Avenue West,55113,+1-651-488-5522,nppes,1043642135,ST PAUL FAMILY DENTISTRY,,1050 LARPENTEUR AVE W,55113,651-488-5522,57
osm:node/7147762889,nppes:1194453951,osm,node/7147762889,St. Paul Family Dentistry,,1050 Larpenteur Avenue West,55113,+1-651-488-5522,nppes,1194453951,COMO PARK DENTISTRY PA,COMO PARK DENTISTRY,1132 LARPENTEUR AVE W,55113,507-272-5955,172
osm:node/7147762889,nppes:1407923733,osm,node/7147762889,St. Paul Family Dentistry,,1050 Larpenteur Avenue West,55113,+1-651-488-5522,nppes,1407923733,TODD A THAYER DDS MS PA,THAYER ORTHODONTICS,1050 LARPEUTEUR AVENUE WEST,55113,651-488-5622,57
osm:node/7156640350,nppes:1023681152,osm,node/7156640350,Minnesota Orthodontics,,,,,nppes,1023681152,"ORTHODONTIC PARTNERS OF MINNESOTA, PLLC",DUNN ORTHODONTICS,650 COMMERCE DR STE 170,55125,651-738-3866,
osm:node/7156640350,nppes:1578505152-pl2,osm,node/7156640350,Minnesota Orthodontics,,,,,nppes,1578505152-pl2,MINNESOTA ORTHODONTICS,NORTHFIELD ORTHODONTICS,14643 MERCANTILE DR N STE 113,55038,651-450-7273,
osm:node/7156640350,nppes:1578505152-pl4,osm,node/7156640350,Minnesota Orthodontics,,,,,nppes,1578505152-pl4,MINNESOTA ORTHODONTICS,NORTHFIELD ORTHODONTICS,14643 MERCANTILE DR N STE 113,55038,651-450-7273,
osm:node/7156640350,nppes:1619496700,osm,node/7156640350,Minnesota Orthodontics,,,,,nppes,1619496700,ROGERS MINNESOTA ORTHODONTICS PLLC,ROGERS MINNESOTA ORTHODONTICS,13690 ROGERS DR STE 100,55374,651-450-7273,45
osm:node/7168431321,nppes:1003231713,osm,node/7168431321,Richfield Dentistry,,6411 Richfield Parkway,55423,,nppes,1003231713,RICHFIELD DENTISTRY PC,RICHFIELD DENTISTRY,6411 RICHFIELD PKWY,55423,612-869-3440,
osm:node/7170036800,nppes:1003392739,osm,node/7170036800,Comfortable Dental,,"5700 Bottineau Boulevard, Suite 270",55429,,nppes,1003392739,COMFORTABLE DENTAL PLLC,COMFORTABLE DENTAL,5700 BOTTINEAU BLVD STE 270,55429,763-210-8222,
osm:node/7170492212,nppes:1003654104,osm,node/7170492212,Brite Dental Center,,,,+1-612-886-3238,nppes,1003654104,PROACTIVE HEALTHCARE EDUCATION CENTER,PROACTIVE DENTAL CLINIC CORP,334 E LAKE ST STE 105,55408,310-883-8932,65
osm:node/7170492212,nppes:1134446370,osm,node/7170492212,Brite Dental Center,,,,+1-612-886-3238,nppes,1134446370,BRITE DENTAL MINNESOTA P.C.,,334 EAST LAKE ST.,55408,708-439-4655,65
osm:node/7170492212,nppes:1255249470,osm,node/7170492212,Brite Dental Center,,,,+1-612-886-3238,nppes,1255249470,WHAT IF I AM A SURROGATE OF THE ORGANIZATION,,334 E LAKE ST STE 104,55408,612-910-1131,65
osm:node/7170492212,nppes:1528805553,osm,node/7170492212,Brite Dental Center,,,,+1-612-886-3238,nppes,1528805553,PROACTIVE HEALTHCARE EDUCATION CENTER,PROACTIVE DENTAL CLINIC CORP,334 E LAKE ST STE 105,55408,310-883-8932,65
osm:node/7176583044,nppes:1396483996,osm,node/7176583044,Dentists of West Saint Paul,,"1740 Robert Street South, Unit 110",55118,,nppes,1396483996,DENTISTS OF WEST ST PAUL PC,DENTISTS OF WEST ST PAUL,1740 ROBERT ST S STE 110,55118,651-347-1252,49
osm:node/7201827393,nppes:1003392739-pl1,osm,node/7201827393,Family Dentistry,Dr Roger C Stoddard Family Dental Clinic,2480 White Bear Avenue,55109,+1-651-776-1597,nppes,1003392739-pl1,COMFORTABLE DENTAL PLLC,COMFORTABLE DENTAL,2520 WHITE BEAR AVE N STE 200,55109,763-200-8952,77
osm:node/7201827393,nppes:1437275039,osm,node/7201827393,Family Dentistry,Dr Roger C Stoddard Family Dental Clinic,2480 White Bear Avenue,55109,+1-651-776-1597,nppes,1437275039,JENSEN & JENSEN DDS PA,,2480 WHITE BEAR AVE N STE 201,55109,651-770-3014,84
osm:node/7201827393,nppes:1710442413,osm,node/7201827393,Family Dentistry,Dr Roger C Stoddard Family Dental Clinic,2480 White Bear Avenue,55109,+1-651-776-1597,nppes,1710442413,SMILES IN MOTION OF MINNESOTA PC,GREAT RIVER ORTHODONTICS|SMILES IN MOTION,2480 WHITE BEAR AVE N,55109,651-777-8182,84
osm:node/7201827393,nppes:1720697808,osm,node/7201827393,Family Dentistry,Dr Roger C Stoddard Family Dental Clinic,2480 White Bear Avenue,55109,+1-651-776-1597,nppes,1720697808,RUSSOMANNO KEANE DDS PA,BLUEJAY FAMILY DENTISTRY,1975 11TH AVE E,55109,651-770-2900,232
osm:node/7201827393,nppes:1831665603,osm,node/7201827393,Family Dentistry,Dr Roger C Stoddard Family Dental Clinic,2480 White Bear Avenue,55109,+1-651-776-1597,nppes,1831665603,WHITE SMILES FAMILY DENTISTRY PLLC,,1611 COUNTY HWY 10,55432,763-717-3989,
osm:node/7201827393,nppes:1952287146,osm,node/7201827393,Family Dentistry,Dr Roger C Stoddard Family Dental Clinic,2480 White Bear Avenue,55109,+1-651-776-1597,nppes,1952287146,BLUE JAY FAMILY DENTISTRY PLLC,,1975 11TH AVE E,55109,507-696-3303,232
osm:node/7201827394,nppes:1003392739-pl1,osm,node/7201827394,Jensen and Jensen Periodontics - Implants,,"2480 White Bear Avenue, #201",55109,,nppes,1003392739-pl1,COMFORTABLE DENTAL PLLC,COMFORTABLE DENTAL,2520 WHITE BEAR AVE N STE 200,55109,763-200-8952,76
osm:node/7201827394,nppes:1437275039,osm,node/7201827394,Jensen and Jensen Periodontics - Implants,,"2480 White Bear Avenue, #201",55109,,nppes,1437275039,JENSEN & JENSEN DDS PA,,2480 WHITE BEAR AVE N STE 201,55109,651-770-3014,78
osm:node/7201827394,nppes:1710442413,osm,node/7201827394,Jensen and Jensen Periodontics - Implants,,"2480 White Bear Avenue, #201",55109,,nppes,1710442413,SMILES IN MOTION OF MINNESOTA PC,GREAT RIVER ORTHODONTICS|SMILES IN MOTION,2480 WHITE BEAR AVE N,55109,651-777-8182,78
osm:node/7201827394,nppes:1720697808,osm,node/7201827394,Jensen and Jensen Periodontics - Implants,,"2480 White Bear Avenue, #201",55109,,nppes,1720697808,RUSSOMANNO KEANE DDS PA,BLUEJAY FAMILY DENTISTRY,1975 11TH AVE E,55109,651-770-2900,236
osm:node/7201827394,nppes:1952287146,osm,node/7201827394,Jensen and Jensen Periodontics - Implants,,"2480 White Bear Avenue, #201",55109,,nppes,1952287146,BLUE JAY FAMILY DENTISTRY PLLC,,1975 11TH AVE E,55109,507-696-3303,236
osm:node/7201827396,nppes:1003392739-pl1,osm,node/7201827396,"Orthodontics - David C Dueval, DDS, MS",,2480 White Bear Avenue,55109,,nppes,1003392739-pl1,COMFORTABLE DENTAL PLLC,COMFORTABLE DENTAL,2520 WHITE BEAR AVE N STE 200,55109,763-200-8952,68
osm:node/7201827396,nppes:1437275039,osm,node/7201827396,"Orthodontics - David C Dueval, DDS, MS",,2480 White Bear Avenue,55109,,nppes,1437275039,JENSEN & JENSEN DDS PA,,2480 WHITE BEAR AVE N STE 201,55109,651-770-3014,78
osm:node/7201827396,nppes:1710442413,osm,node/7201827396,"Orthodontics - David C Dueval, DDS, MS",,2480 White Bear Avenue,55109,,nppes,1710442413,SMILES IN MOTION OF MINNESOTA PC,GREAT RIVER ORTHODONTICS|SMILES IN MOTION,2480 WHITE BEAR AVE N,55109,651-777-8182,78
osm:node/7201827396,nppes:1720697808,osm,node/7201827396,"Orthodontics - David C Dueval, DDS, MS",,2480 White Bear Avenue,55109,,nppes,1720697808,RUSSOMANNO KEANE DDS PA,BLUEJAY FAMILY DENTISTRY,1975 11TH AVE E,55109,651-770-2900,244
osm:node/7201827396,nppes:1952287146,osm,node/7201827396,"Orthodontics - David C Dueval, DDS, MS",,2480 White Bear Avenue,55109,,nppes,1952287146,BLUE JAY FAMILY DENTISTRY PLLC,,1975 11TH AVE E,55109,507-696-3303,244
osm:node/7202107156,nppes:1093445082,osm,node/7202107156,The Dental Clinic,,1932 University Avenue,55104,+1-612-444-1949,nppes,1093445082,THE DENTAL CLINIC,,1932 UNIVERSITY AVE W,55104,612-444-1949,22
osm:node/7205080255,nppes:1518054766,osm,node/7205080255,"Dr Gloria Lopez Franco, DDS",,120 Snelling Avenue,55104,+1-651-645-6111,nppes,1518054766,"D.S. KILLIAN & F.J. MILNAR JR., DDS PA",,120 SNELLING AVE N,55104,651-645-6111,1205
osm:node/7205080255,nppes:1649782756,osm,node/7205080255,"Dr Gloria Lopez Franco, DDS",,120 Snelling Avenue,55104,+1-651-645-6111,nppes,1649782756,FRANCO & ASSOCIATES FAMILY AND COSMETIC DENTISTRY,,120 SNELLING AVE N,55104,651-645-6111,1205
osm:node/7360527133,nppes:1548442411,osm,node/7360527133,Gentle Dentistry,,,,,nppes,1548442411,"FAMILY & COSMETIC GENTLE DENTISTRY, LTD",,8711 E POINT DOUGLAS RD S,55016,651-379-9892,56
osm:node/7360563647,nppes:1477659050,osm,node/7360563647,Thomas Hardel Family Dentistry,,,,,nppes,1477659050,"BRIAN L. PIERCE, D.D.S., P.A.",,"969 OLD HIGHWAY 8 NW, SUITE 200",55112,651-639-8445,15
osm:node/747615453,nppes:1043955412,osm,node/747615453,Twin Cities Periodontics,,3555 Louisiana Avenue South,55426,,nppes,1043955412,CREEKSIDE DENTAL PLLC,,3340 REPUBLIC AVE STE 130,55426,763-442-7624,76
osm:node/747615453,nppes:1174706865,osm,node/747615453,Twin Cities Periodontics,,3555 Louisiana Avenue South,55426,,nppes,1174706865,TWIN CITIES PERIODONTICS,,6600 EXCELSIOR BLVD STE 180,55426,952-935-9009,1470
osm:node/747615453,nppes:1831528447,osm,node/747615453,Twin Cities Periodontics,,3555 Louisiana Avenue South,55426,,nppes,1831528447,"PATRICK J. FOY DDS,PA",CREEKSIDE DENTAL,"3340 REPUBLIC AVE, STE 130",55426,952-938-2740,76
osm:node/765261090,nppes:1538112180,osm,node/765261090,Chanhassen Dental,,,,,nppes,1538112180,CHANHASSEN DENTAL,,"480 W 78TH ST, SUITE #116",55317,952-934-3383,33
osm:node/765261090,nppes:1740923309,osm,node/765261090,Chanhassen Dental,,,,,nppes,1740923309,"NORTHLAND DENTAL PARTNERS, PLLC",METRO DENTALCARE CHANHASSEN,7806 MARKET BLVD,55317,952-949-1083,306
osm:node/765261090,nppes:1760802722,osm,node/765261090,Chanhassen Dental,,,,,nppes,1760802722,"DENTALIGN, P.A",TC ORTHODONTICS,470 W 78TH ST,55317,763-420-1030,49
osm:node/772369155,nppes:1477170108-pl3,osm,node/772369155,Children's Dental Care,,,,,nppes,1477170108-pl3,JESSE N VEIL DDS MS PA,VEIL & WILD ORTHODONTICS,7533 EGAN DR,55378,952-903-9484,146
osm:node/772369155,nppes:1508514969,osm,node/772369155,Children's Dental Care,,,,,nppes,1508514969,"NORTHLAND DENTAL PARTNERS, PLLC",METRO DENTALCARE SAVAGE,7447 EGAN DR STE 200,55378,952-440-6125,292
osm:node/773059092,nppes:1720465784,osm,node/773059092,Dr. Bob Maley Family Dentistry,,,,,nppes,1720465784,ROBERT J MALEY DDS PA,DR. BOB MALEY FAMILY DENTISTRY,"1150 MONTREAL AVE, SUITE 104",55116,651-224-0001,17
osm:node/8141725494,nppes:1053831941,osm,node/8141725494,Chanhassen Family Dentistry,,8116 Mallory Court,55317,+1-952-443-3368,nppes,1053831941,CHANHASSEN FAMILY DENTISTRY PA,,8116 MALLORY CT,55317,953-443-3368,38
osm:node/8143276702,nppes:1043807571,osm,node/8143276702,Park Dental Edinbrook,,,,,nppes,1043807571,"PDG,P.A.",PARK DENTAL EDINBOROUGH WAY,3300 EDINBOROUGH WAY STE 210,55435,952-831-1112,
osm:node/8143276702,nppes:1689732133,osm,node/8143276702,Park Dental Edinbrook,,,,,nppes,1689732133,"PDG,P.A.",PARK DENTAL,"4670 PARK NICOLLET AVE SE, SUITE 100",55372,952-447-7606,
osm:node/8143276702,nppes:1730247321,osm,node/8143276702,Park Dental Edinbrook,,,,,nppes,1730247321,"PDG,P.A.",PARK DENTAL,8559 EDINBROOK PKWY,55443,763-425-3644,70
osm:node/8143276702,nppes:1801552138,osm,node/8143276702,Park Dental Edinbrook,,,,,nppes,1801552138,ZAROU DENTAL CARE LLC,,8500 EDINBROOK PKWY STE D,55443,763-221-0898,84
osm:node/8149821514,nppes:1508564030,osm,node/8149821514,Dr. Luke's Dental,,,,+1-763-425-5277,nppes,1508564030,DR. LUKE W BOGDANOWICZ DDS AND ASSOCIATES LTD,,8525 EDINBROOK XING STE 402,55443,763-425-5277,85
osm:node/8165857405,nppes:1275150989,osm,node/8165857405,Hamline Family Dental,,,,+1-651-699-5600,nppes,1275150989,HAMLINE FAMILY DENTAL,,1347 LARPENTEUR AVE W,55113,651-699-5600,31
osm:node/8643396152,nppes:1053127852,osm,node/8643396152,Silver Lake Smiles,,1125 Palmer Drive,55112,,nppes,1053127852,RONALD H VESCIO DDS,,2677 INNSBRUCK DR STE B,55112,651-631-3777,240
osm:node/8643396152,nppes:1063887719,osm,node/8643396152,Silver Lake Smiles,,1125 Palmer Drive,55112,,nppes,1063887719,"PARKSIDE DENTAL, P.C.",,2677 INNSBRUCK DR STE B,55112,612-332-0559,240
osm:node/8643396152,nppes:1831963487,osm,node/8643396152,Silver Lake Smiles,,1125 Palmer Drive,55112,,nppes,1831963487,"SALMA HELAL, D.D.S., PLLC",,2611 INNSBRUCK DR STE A,55112,763-571-4837,207
osm:node/8829958521,nppes:1033223581,osm,node/8829958521,West River Dental Care,,,,+1-612-721-2424,nppes,1033223581,WEST RIVER DENTAL CARE,,4103 E LAKE ST,55406,612-721-2424,27
osm:node/8829958521,nppes:1992915649,osm,node/8829958521,West River Dental Care,,,,+1-612-721-2424,nppes,1992915649,"GROUP HEALTH PLAN, INC",THREE RIVERS DENTAL CARE,1395 CURVE CREST BLVD W,55082,651-430-0036,
osm:node/8902410044,nppes:1003174764,osm,node/8902410044,Elm Creek Dental,,,,,nppes,1003174764,DENTALIGN P.A.,,7860 MAIN ST,55369,763-420-1030,104
osm:node/8902410044,nppes:1396129433,osm,node/8902410044,Elm Creek Dental,,,,,nppes,1396129433,"MAPLE GROVE SMILES DENTISTRY, PC",MAPLE GROVE SMILES DENTISTRY,12775 ELM CREEK BLVD N,55369,763-218-7005,288
osm:node/8902410044,nppes:1770190951,osm,node/8902410044,Elm Creek Dental,,,,,nppes,1770190951,FOREVER SMILES PARTNERS PLLC,BLUFF CREEK DENTAL,600 MARKET ST STE 130,55317,952-937-5200,
osm:node/8925060127,nppes:1417015009,osm,node/8925060127,Grand Avenue Dental,,,,+1-651-291-9667,nppes,1417015009,"PDG,P.A.",PARK DENTAL,917 GRAND AVE,55105,651-221-1902,141
osm:node/8963308986,nppes:1225150881,osm,node/8963308986,Progessive Dental,,"1036 1st Avenue East, 100",55379,+1-952-445-6220,nppes,1225150881,"CITIES DENTISTRY, PA",,235 1ST AVE E,55379,952-445-6220,884
osm:node/9018998040,nppes:1164165890,osm,node/9018998040,Metro Dentalcare,,1759 17th Avenue East,55379,+1-952-496-2385,nppes,1164165890,FAMILY ORTHODONTIC SPECIALISTS PLC,WOODLAKE ORTHODONTICS SHAKOPEE,1759 17TH AVE E,55379,952-746-8996,132
osm:node/9018998040,nppes:1316913411,osm,node/9018998040,Metro Dentalcare,,1759 17th Avenue East,55379,+1-952-496-2385,nppes,1316913411,"METRO DENTALCARE, PLC",,17597 CEDAR AVE,55044,952-431-6600,
osm:node/9018998040,nppes:1497403810,osm,node/9018998040,Metro Dentalcare,,1759 17th Avenue East,55379,+1-952-496-2385,nppes,1497403810,"NORTHLAND DENTAL PARTNERS, PLLC",METRO DENTALCARE BROOKLYN CENTER,512 66TH AVE N,55430,763-560-3334,
osm:node/9018998040,nppes:1689324311,osm,node/9018998040,Metro Dentalcare,,1759 17th Avenue East,55379,+1-952-496-2385,nppes,1689324311,"NORTHLAND DENTAL PARTNERS, PLLC",METRO DENTALCARE MAPLE GROVE GROVE CIRCLE,9630 GROVE CIR N STE 102,55369,763-420-5484,
osm:node/9018998040,nppes:1881841021,osm,node/9018998040,Metro Dentalcare,,1759 17th Avenue East,55379,+1-952-496-2385,nppes,1881841021,NORTHLAND DENTAL PARTNERS PLLC,METRO DENTALCARE,4670 PARK NICOLLET AVE SE,55372,952-447-7606,
osm:node/9018998040,nppes:1891443263,osm,node/9018998040,Metro Dentalcare,,1759 17th Avenue East,55379,+1-952-496-2385,nppes,1891443263,"NORTHLAND DENTAL PARTNERS, PLLC",METRO DENTALCARE WOODBURY,429 COMMERCE DR STE 400,55125,651-731-2342,
osm:node/9018998040,nppes:1942958301,osm,node/9018998040,Metro Dentalcare,,1759 17th Avenue East,55379,+1-952-496-2385,nppes,1942958301,"NORTHLAND DENTAL PARTNERS, PLLC",METRO DENTALCARE SHAKOPEE,1759 17TH AVE E,55379,952-496-2385,132
osm:node/9236659368,nppes:1265586192,osm,node/9236659368,Osage Dental Associates,,,,,nppes,1265586192,OSAGE DENTAL ASSOCIATES PA,,11441 OSAGE ST NW,55433,763-757-6600,64
osm:node/9236659368,nppes:1336337526,osm,node/9236659368,Osage Dental Associates,,,,,nppes,1336337526,NORTHSIDE MINNESOTA ORAL AND MAXILLOFACIAL SURGEONS,,11441 OSAGE ST NW,55433,763-862-6442,64
osm:node/9291222004,nppes:1760503478,osm,node/9291222004,Grove Health Dental,,9907 Maple Grove Parkway,55369,,nppes,1760503478,GROUP HEALTH PLAN INC,HEALTHPARTNERS DENTAL GROUP,8100 34TH AVE S,55425,952-883-5151,
osm:node/937197698,nppes:1235297672,osm,node/937197698,City Dental,,3262 Lake Street West,55416,,nppes,1235297672,WEST LAKE DENTAL CENTER PA,,"3033 EXCELSIOR BLVD, #310",55416,612-926-9000,208
osm:node/937197698,nppes:1295859676,osm,node/937197698,City Dental,,3262 Lake Street West,55416,,nppes,1295859676,ST CROIX VALLEY DENTAL PLLC,CITY WALK DENTAL,"10035 CITY WALK DR, STE A LAKE ELMO DENTAL",55042,651-714-5555,
osm:node/9465385261,nppes:1245250596,osm,node/9465385261,Tamarack Hills Family Dentistry,,"707 Bielenberg Drive, 101",55125,+1 651 467 5070,nppes,1245250596,JAVAN DENTAL INC.,EAGLE VALLEY DENTAL,"683 BIELENBERG DR, SUITE 205",55125,651-200-4747,61
osm:node/9465385261,nppes:1811392665,osm,node/9465385261,Tamarack Hills Family Dentistry,,"707 Bielenberg Drive, 101",55125,+1 651 467 5070,nppes,1811392665,AKSHAAN PLLC,TAMARACK HILLS FAMILY DENTISTRY,"707 BIELENBERG DR, SUITE101",55125,651-304-6017,46
osm:node/9579836292,nppes:1356967061,osm,node/9579836292,Peter A. Berven. D. D. S.,,4033 Brookside Avenue South,55416,,nppes,1356967061,ROSEMARY LELICH PA,,5804 EXCELSIOR BLVD,55416,952-922-7117,224
osm:node/9579836292,nppes:1801991146,osm,node/9579836292,Peter A. Berven. D. D. S.,,4033 Brookside Avenue South,55416,,nppes,1801991146,FAMILY ORTHODONTICS PA,,5804 EXCELSIOR BLVD,55416,952-922-7117,224
osm:node/9579836297,nppes:1356967061,osm,node/9579836297,"Frontline Dental, Ernest Juean, DDS",,4045 Brookside Avenue South,55416,,nppes,1356967061,ROSEMARY LELICH PA,,5804 EXCELSIOR BLVD,55416,952-922-7117,240
osm:node/9579836297,nppes:1801991146,osm,node/9579836297,"Frontline Dental, Ernest Juean, DDS",,4045 Brookside Avenue South,55416,,nppes,1801991146,FAMILY ORTHODONTICS PA,,5804 EXCELSIOR BLVD,55416,952-922-7117,240
osm:node/9579836298,nppes:1356967061,osm,node/9579836298,"Brookside Dentistry - L. Foster, DDS",,4047 Brookside Avenue South,55416,,nppes,1356967061,ROSEMARY LELICH PA,,5804 EXCELSIOR BLVD,55416,952-922-7117,230
osm:node/9579836298,nppes:1801991146,osm,node/9579836298,"Brookside Dentistry - L. Foster, DDS",,4047 Brookside Avenue South,55416,,nppes,1801991146,FAMILY ORTHODONTICS PA,,5804 EXCELSIOR BLVD,55416,952-922-7117,230
osm:node/9604654646,nppes:1174797476,osm,node/9604654646,Dentistry by Brian Weber,,3400 Dakota Avenue South,55416,,nppes,1174797476,"JEFFREY H. MILLER, DDS.",,3345 DAKOTA AVE S,55416,952-929-9450,170
osm:node/9604654646,nppes:1356404883,osm,node/9604654646,Dentistry by Brian Weber,,3400 Dakota Avenue South,55416,,nppes,1356404883,WOODDALE DENTAL GROUP PA,,3401 WOODDALE AVE S,55416,952-929-3336,55
osm:node/9604654646,nppes:1467515460,osm,node/9604654646,Dentistry by Brian Weber,,3400 Dakota Avenue South,55416,,nppes,1467515460,"NEIL R. COVIN, D.D.S., P.A.",,3401 WOODDALE AVE S,55416,952-920-9209,55
osm:node/9604654646,nppes:1649332842,osm,node/9604654646,Dentistry by Brian Weber,,3400 Dakota Avenue South,55416,,nppes,1649332842,POSNICK DENTAL CARE PA,,3400 DAKOTA AVENUE SOUTH,55416,952-929-0459,62
osm:node/9604654646,nppes:1821356502,osm,node/9604654646,Dentistry by Brian Weber,,3400 Dakota Avenue South,55416,,nppes,1821356502,"MODERN DENTAL PROFESSIONALS, MINNESOTA PC",MIDWEST DENTAL - ST. LOUIS PARK,3345 DAKOTA AVE S,55416,952-929-9450,170
osm:node/9604654646,nppes:1992820153,osm,node/9604654646,Dentistry by Brian Weber,,3400 Dakota Avenue South,55416,,nppes,1992820153,ORTHODONTIC CARE GROUP,ORTHODONTIC CARE SPECIALISTS,3401 WOODDALE AVE S,55416,952-920-1373,55
osm:node/9625347272,nppes:1215083183,osm,node/9625347272,Gentle Dentistry,,"15650 36th Avenue North, 150",55446,+1-763-557-0287,nppes,1215083183,NORTHWOODS DENTAL,,"15600 36TH AVE N, SUITE 270",55446,763-557-0911,141
osm:node/9625347272,nppes:1699816132,osm,node/9625347272,Gentle Dentistry,,"15650 36th Avenue North, 150",55446,+1-763-557-0287,nppes,1699816132,HARRINGTON ORTHODONTICS LTD,,"15600 36TH AVE N, SUITE 170",55446,763-473-7656,141
osm:node/9625347272,nppes:1811483795,osm,node/9625347272,Gentle Dentistry,,"15650 36th Avenue North, 150",55446,+1-763-557-0287,nppes,1811483795,MINNESOTA DURABLE MEDICAL EQUIPMENT LLC,,15600 36TH AVE N STE 270,55446,612-210-2452,141
osm:node/9671484192,nppes:1053405571,osm,node/9671484192,A Banner Smile Dental Clinic,,8011 Minnetonka Boulevard,55426,,nppes,1053405571,DAVID KATZ DDS PA,,2934 TEXAS AVE S,55426,952-935-7707,156
osm:node/9713220536,nppes:1275318628-pl1,osm,node/9713220536,West Lakes Dentistry,,5205 Shoreline Drive,55364,+1-952-472-7717,nppes,1275318628-pl1,FOUNDATIONS PSA LLC,,5205 SHORELINE DR,55364,952-955-4300,27
osm:way/1000596278,nppes:1053405571,osm,way/1000596278,Distinctive Dentistry,,7921 Minnetonka Boulevard,55426,,nppes,1053405571,DAVID KATZ DDS PA,,2934 TEXAS AVE S,55426,952-935-7707,162
osm:way/100102554,nppes:1013153352,osm,way/100102554,Associated Dentists,,1371 7th Street West,,,nppes,1013153352,ASSOCIATED DENTISTS SHOLOM HOME,,"1371 7TH ST W, SUITE B",55102,651-488-5557,24
osm:way/100102554,nppes:1184770851,osm,way/100102554,Associated Dentists,,1371 7th Street West,,,nppes,1184770851,ASSOCIATED DENTISTS,,1371 7TH ST W,55102,651-222-0351,24
osm:way/1021270932,nppes:1437225554,osm,way/1021270932,The Dental Specialists Orthodontics,,1150 Hazeltine Boulevard,55318,,nppes,1437225554,"PDG, P.A.",PARK DENTAL,1150 HAZELTINE BLVD,55318,952-361-0777,283
osm:way/1021270932,nppes:1497879951,osm,way/1021270932,The Dental Specialists Orthodontics,,1150 Hazeltine Boulevard,55318,,nppes,1497879951,ORTHODONTIC CARE GROUP,ORTHODONTIC CARE SPECIALISTS,4670 PARK NICOLLET AVE SE,55372,952-432-4941,
osm:way/1021270932,nppes:1588788053,osm,way/1021270932,The Dental Specialists Orthodontics,,1150 Hazeltine Boulevard,55318,,nppes,1588788053,ORTHODONTIC CARE GROUP,ORTHODONTIC CARE SPECIALISTS,2500 COMO AVE,55108,651-917-0790,
osm:way/1021270932,nppes:1699267633,osm,way/1021270932,The Dental Specialists Orthodontics,,1150 Hazeltine Boulevard,55318,,nppes,1699267633,"ORTHODONTIC SPECIALISTS OF MINNESOTA, P.L.L.C.",THE DENTAL SPECIALISTS- ORTHODONTICS,1150 HAZELTINE BLVD,55318,952-241-5860,283
osm:way/1039199196,nppes:1679272488,osm,way/1039199196,Brooklyn Blvd. Dental,,5831 Brooklyn Boulevard,55429,+1-763-533-8669,nppes,1679272488,"MINNESOTA DENTAL PROFESSIONALS, P.C.",TWIN LAKE DENTISTRY,3220 COUNTY ROAD 10 STE A,55429,763-561-6320,279
osm:way/1039199196,nppes:1881754950,osm,way/1039199196,Brooklyn Blvd. Dental,,5831 Brooklyn Boulevard,55429,+1-763-533-8669,nppes,1881754950,LA BELLE PERIODONTICS INC,,"5901 BROOKLYN BLVD, #206",55429,763-535-1616,76
osm:way/1119682675,nppes:1124618962,osm,way/1119682675,Summit Dental,,,,,nppes,1124618962,JT DENTAL GROUP PLLC,,15180 CHIPPENDALE AVE W,55068,651-423-1900,262
osm:way/1119682675,nppes:1760013015,osm,way/1119682675,Summit Dental,,,,,nppes,1760013015,"DENTAL SPECIALISTS OF MINNESOTA, PLLC",THE DENTAL SPECIALISTS ROSEMOUNT,15015 CIMARRON AVE,55068,952-926-2835,186
osm:way/1163631265,nppes:1023681152,osm,way/1163631265,Arnold Orthodontics,,10920 175th Court West,55044,,nppes,1023681152,"ORTHODONTIC PARTNERS OF MINNESOTA, PLLC",DUNN ORTHODONTICS,650 COMMERCE DR STE 170,55125,651-738-3866,
osm:way/1163631265,nppes:1043365992,osm,way/1163631265,Arnold Orthodontics,,10920 175th Court West,55044,,nppes,1043365992,"ARNOLD ORTHODONTICS, PA","THOMAS G. ARNOLD, DDS, MS",10920 175TH CT W,55044,952-892-5300,89
osm:way/1163631265,nppes:1386489318,osm,way/1163631265,Arnold Orthodontics,,10920 175th Court West,55044,,nppes,1386489318,"DENTALIGN, PA",TC ORTHODONTICS,10920 175TH COURT W,55044,952-892-5300,89
osm:way/1163631265,nppes:1578505152-pl2,osm,way/1163631265,Arnold Orthodontics,,10920 175th Court West,55044,,nppes,1578505152-pl2,MINNESOTA ORTHODONTICS,NORTHFIELD ORTHODONTICS,14643 MERCANTILE DR N STE 113,55038,651-450-7273,
osm:way/1163631265,nppes:1578505152-pl4,osm,way/1163631265,Arnold Orthodontics,,10920 175th Court West,55044,,nppes,1578505152-pl4,MINNESOTA ORTHODONTICS,NORTHFIELD ORTHODONTICS,14643 MERCANTILE DR N STE 113,55038,651-450-7273,
osm:way/1170470513,nppes:1689028037,osm,way/1170470513,44th Street Dental,,3925 West 44th Street,55424,,nppes,1689028037,THE DENTIST'S HOUSE OF EDINA,,3930 SUNNYSIDE RD,55424,952-929-9131,94
osm:way/1170470513,nppes:1902920382,osm,way/1170470513,44th Street Dental,,3925 West 44th Street,55424,,nppes,1902920382,44TH STREET DENTAL,,3925 W 44TH ST,55424,952-922-2159,78
osm:way/1202670640,nppes:1154972909,osm,way/1202670640,Ramsey Dental Center,,15243 Nowthen Boulevard Northwest,55303,,nppes,1154972909,"MINNESOTA DENTAL PROFESSIONALS, P.C.",RAMSEY DENTAL CENTER,15243 NOWTHEN BLVD NW,55303,763-421-2660,87
osm:way/1202670640,nppes:1225229503,osm,way/1202670640,Ramsey Dental Center,,15243 Nowthen Boulevard Northwest,55303,,nppes,1225229503,"ROGER E AUSTIN, DDS, PA",RAMSEY DENTAL CENTER,15243 NOWTHEN BLVD NW,55303,763-421-2660,87
osm:way/1220338509,nppes:1164474003,osm,way/1220338509,Robbinsdale Dental Care,,3920 West Broadway Avenue,55422,+1-763-535-5555,nppes,1164474003,ROBBINSDALE DENTALCARE PA,,3920 W BROADWAY AVE,55422,763-535-5555,30
osm:way/1220338509,nppes:1619141942,osm,way/1220338509,Robbinsdale Dental Care,,3920 West Broadway Avenue,55422,+1-763-535-5555,nppes,1619141942,"CRYSTAL LAKE DENTAL CARE OF ROBBINSDALE, PLLC",,3925 37TH AVE N,55422,763-588-8426,573
osm:way/1220338509,nppes:1780902080,osm,way/1220338509,Robbinsdale Dental Care,,3920 West Broadway Avenue,55422,+1-763-535-5555,nppes,1780902080,ROBBINSDALE DENTAL PLLC,MINNESOTA DENTAL GROUP,"4125 LAKELAND AVE N, SUITE 100",55422,763-537-5123,486
osm:way/1220408471,nppes:1306933577,osm,way/1220408471,The Dental Suite,,4930 42nd Avenue North,55422,+1-763-537-4531,nppes,1306933577,A GENTLE DENTAL CENTER P.A.,,4930 42ND AVE N,55422,763-537-4531,45
osm:way/1223321522,nppes:1932274107,osm,way/1223321522,Sween Dental,,,,,nppes,1932274107,SWEENDENT P.A.,,3548 NOBLE AVE N,55422,763-521-2254,63
osm:way/1236974632,nppes:1619141942,osm,way/1236974632,Crystal Lake Dental Care,,3925 37th Avenue North,55422,+1-763-588-8426,nppes,1619141942,"CRYSTAL LAKE DENTAL CARE OF ROBBINSDALE, PLLC",,3925 37TH AVE N,55422,763-588-8426,12
osm:way/1257036315,nppes:1083011928,osm,way/1257036315,Riverside Valley Dental Care,,8350 Hansen Avenue,55379,,nppes,1083011928,"GENTLE DENTISTRY OF MINNESOTA, LTD",,8074 OLD CARRIAGE CT,55379,952-746-0808,284
osm:way/1257036315,nppes:1427773225,osm,way/1257036315,Riverside Valley Dental Care,,8350 Hansen Avenue,55379,,nppes,1427773225,"MINNESOTA DENTAL PROFESSIONALS, P.C.",RIVERSIDE VALLEY DENTAL CARE,8350 HANSEN AVE,55379,612-213-2264,86
osm:way/1257036315,nppes:1992915649,osm,way/1257036315,Riverside Valley Dental Care,,8350 Hansen Avenue,55379,,nppes,1992915649,"GROUP HEALTH PLAN, INC",THREE RIVERS DENTAL CARE,1395 CURVE CREST BLVD W,55082,651-430-0036,
osm:way/126130354,nppes:1427875715,osm,way/126130354,MapleTree Pediatric Dentistry,,1915 County Road D,55109,,nppes,1427875715,"AFFORDABLE DENTURES & IMPLANTS - MAPLEWOOD, P.C.",,1845 COUNTY ROAD D E STE 170,55109,651-294-9229,194
osm:way/126130354,nppes:1437496098,osm,way/126130354,MapleTree Pediatric Dentistry,,1915 County Road D,55109,,nppes,1437496098,MAPLEWOOD PEDIATRIC DENTISTRY PLLC,,1915 COUNTY ROAD D E,55109,651-779-9002,42
osm:way/126155334,nppes:1003108895,osm,way/126155334,Nicollet Dental,,6053 Nicollet Avenue,55419,,nppes,1003108895,NICOLLET DENTAL,,6101 NICOLLET AVE. SO.,55419,612-866-8550,54
osm:way/1310687224,nppes:1255024295,osm,way/1310687224,Jordan Family Dental,,,,,nppes,1255024295,JORDAN FAMILY DENTAL PLLC,,301 EL DORADO DRIVE,55352,952-492-2021,102
osm:way/1310687224,nppes:1326650961,osm,way/1310687224,Jordan Family Dental,,,,,nppes,1326650961,MCGANN FAMILY DENTAL,MCGANN FAMILY DENTAL,8981 33RD ST N,55042,651-777-1337,
osm:way/1462838098,nppes:1043365208,osm,way/1462838098,Dental Health of Maplewood,,1270 Cope Avenue East,55109,,nppes,1043365208,"GROUP HEALTH, INC.",HEALTHPARTNERS MAPLEWOOD DENTAL CLINIC,2165 WHITE BEAR AVE N,55109,651-770-8828,1774
osm:way/1462838098,nppes:1184732620,osm,way/1462838098,Dental Health of Maplewood,,1270 Cope Avenue East,55109,,nppes,1184732620,HOGLUND WALLIN DENTISTRY PARTNERSHIP,,1270 COPE AVE E,55109,651-482-8332,50
osm:way/1464496015,nppes:1003988122,osm,way/1464496015,Dental Associates of Savage - Children's,,14393 Highway 13 South,55378,+19523337344,nppes,1003988122,"DENTAL DELIVERY SYSTEMS, PA",DENTAL ASSOCIATES OF SAVAGE,13899 HWY 13 SOUTH,55378,952-440-2292,1015
osm:way/1474171336,nppes:1114324951,osm,way/1474171336,Dental Associates of St Paul,,1790 7th Street East,55106,+1 651 735 0595,nppes,1114324951,DENTAL ASSOCIATES OF ST. PAUL PA,,1790 7TH ST E,55119,651-735-0595,22
osm:way/1474171336,nppes:1295858991,osm,way/1474171336,Dental Associates of St Paul,,1790 7th Street East,55106,+1 651 735 0595,nppes,1295858991,"DENTAL DELIVERY SYSTEMS ST PAUL, PA",DENTAL ASSOCIATES OF ST. PAUL,1790 7TH STREET E.,55119,651-735-0595,22
osm:way/1474171336,nppes:1619688751,osm,way/1474171336,Dental Associates of St Paul,,1790 7th Street East,55106,+1 651 735 0595,nppes,1619688751,DENTAL DELIVERY SYSTEMS OF ST. PAUL LLC,,1790 7TH ST E,55119,651-735-0595,22
osm:way/157489492,nppes:1073970273,osm,way/157489492,Park Dental,,2282 Como Avenue,55108,+1-651-646-1123,nppes,1073970273,SAINT ANTHONY PARK DENTAL CARE PLLC,,2278 COMO AVE,55108,651-644-3685,21
osm:way/157489492,nppes:1417447210-pl1,osm,way/157489492,Park Dental,,2282 Como Avenue,55108,+1-651-646-1123,nppes,1417447210-pl1,HIBERNATION SLEEP MN LLC,,2278 COMO AVE,55108,651-888-4680,21
osm:way/157489492,nppes:1689732133,osm,way/157489492,Park Dental,,2282 Como Avenue,55108,+1-651-646-1123,nppes,1689732133,"PDG,P.A.",PARK DENTAL,"4670 PARK NICOLLET AVE SE, SUITE 100",55372,952-447-7606,
osm:way/157489492,nppes:1841417003,osm,way/157489492,Park Dental,,2282 Como Avenue,55108,+1-651-646-1123,nppes,1841417003,"TOWN DENTAL, PA",,407 CITY HALL PLZ,55318,952-448-3077,
osm:way/157489499,nppes:1073970273,osm,way/157489499,Saint Anthony Park Dental Care,,2278 Como Avenue,55108,+1-651-644-9216,nppes,1073970273,SAINT ANTHONY PARK DENTAL CARE PLLC,,2278 COMO AVE,55108,651-644-3685,20
osm:way/157489499,nppes:1417447210-pl1,osm,way/157489499,Saint Anthony Park Dental Care,,2278 Como Avenue,55108,+1-651-644-9216,nppes,1417447210-pl1,HIBERNATION SLEEP MN LLC,,2278 COMO AVE,55108,651-888-4680,20
osm:way/231160037,nppes:1861546111,osm,way/231160037,Family Dental Clinic PA,,4454 Chicago Avenue,,+1 612 823 6262,nppes,1861546111,"FAMILY DENTAL CLINIC, P.A.",,4454 CHICAGO AVE,55407,612-823-6262,65
osm:way/278916341,nppes:1568648871,osm,way/278916341,Nokomis Family Dental,,4943 34th Avenue South,,,nppes,1568648871,DAN M. PROESCHEL,LAKE NOKOMIS DENTAL,4927 34TH AVE S,55417,612-729-6150,104
osm:way/308147815,nppes:1023681152,osm,way/308147815,Leon Orthodontics,,6100 Excelsior Boulevard,55416,,nppes,1023681152,"ORTHODONTIC PARTNERS OF MINNESOTA, PLLC",DUNN ORTHODONTICS,650 COMMERCE DR STE 170,55125,651-738-3866,
osm:way/308147815,nppes:1356586804,osm,way/308147815,Leon Orthodontics,,6100 Excelsior Boulevard,55416,,nppes,1356586804,"STANLEY P. WILLIAMSON, D.D.S., P.A.",WILLIAMSON ORTHODONTICS,5101 VERNON AVE S STE 502,55436,952-926-3747,1950
osm:way/339270935,nppes:1255098323,osm,way/339270935,"Thomas d. Bruss, DDS",,4201 Minnehaha Avenue,55406,,nppes,1255098323,HONEYCOMB DENTISTRY,,4201 MINNEHAHA AVE,55406,612-721-2833,38
osm:way/350242398,nppes:1891749362,osm,way/350242398,Northwood Dental,,1227 Northwood Parkway,55121,+1 651-687-0789,nppes,1891749362,EAGAN DENTAL ASSOCIATES DBA NORTHWOOD DENTAL,,1227 NORTHWOOD PKWY,55121,651-687-0789,155
osm:way/358201240,nppes:1235583832,osm,way/358201240,Cameo Dental,,14470 Cameo Avenue,55068,,nppes,1235583832,"LE M. HO, D.D.S., P.A.",ROSEMOUNT FAMILY DENTISTRY,14590 S ROBERT TRL,55068,651-423-3993,232
osm:way/358201240,nppes:1255369278,osm,way/358201240,Cameo Dental,,14470 Cameo Avenue,55068,,nppes,1255369278,"CAMEO DENTAL, P.A.",,14470 CAMEO AVE,55068,651-423-2259,34
osm:way/358201240,nppes:1316062557,osm,way/358201240,Cameo Dental,,14470 Cameo Avenue,55068,,nppes,1316062557,ORTHODONTIC CARE GROUP,ORTHODONTIC CARE SPECIALISTS,14455 SOUTH ROBERT TRAIL,55068,651-423-6302,135
osm:way/358201240,nppes:1811630551,osm,way/358201240,Cameo Dental,,14470 Cameo Avenue,55068,,nppes,1811630551,FAMILY ORTHODONTIC SPECIALISTS PLC,WOODLAKE ORTHODONTICS ROSEMOUNT,14455 S ROBERT TRL,55068,651-423-6302,135
osm:way/358201240,nppes:1851471460,osm,way/358201240,Cameo Dental,,14470 Cameo Avenue,55068,,nppes,1851471460,ROSEMOUNT FAMILY DENTISTRY PA,,14590 SOUTH ROBERT TRAIL,55068,651-423-3993,232
osm:way/362842348,nppes:1609098458,osm,way/362842348,River Bluff Dental - Dr. Walter Palmer,,10851 Rhodde Island Avenue South,55438,+1 952 884 5361,nppes,1609098458,"RIVER BLUFF DENTAL, P.A.",,10851 RHODE ISLAND AVE S,55438,952-884-5361,32
osm:way/390529015,nppes:1689028037,osm,way/390529015,The Dentist's House of Edina,,3930 Sunnyside Road,55424,+1-952-929-9131,nppes,1689028037,THE DENTIST'S HOUSE OF EDINA,,3930 SUNNYSIDE RD,55424,952-929-9131,19
osm:way/390529015,nppes:1902920382,osm,way/390529015,The Dentist's House of Edina,,3930 Sunnyside Road,55424,+1-952-929-9131,nppes,1902920382,44TH STREET DENTAL,,3925 W 44TH ST,55424,952-922-2159,118
osm:way/42789254,nppes:1073123030,osm,way/42789254,Eckart Dental Center,,,,,nppes,1073123030,"TRUE NORTH COMMUNITY DENTAL CLINIC, LLC",TRUE NORTH COMMUNITY DENTAL CLINIC,415 EAST FIRST AVENUE,55379,952-403-5149,120
osm:way/42789254,nppes:1225150881,osm,way/42789254,Eckart Dental Center,,,,,nppes,1225150881,"CITIES DENTISTRY, PA",,235 1ST AVE E,55379,952-445-6220,113
osm:way/42789254,nppes:1275292641,osm,way/42789254,Eckart Dental Center,,,,,nppes,1275292641,KUHR DENTAL GROUP,,205 LEWIS ST S STE 101,55379,952-445-3349,165
osm:way/42789254,nppes:1326156910,osm,way/42789254,Eckart Dental Center,,,,,nppes,1326156910,ECKART DENTAL CENTER LLC,,300 1ST AVE E,55379,952-445-1352,74
osm:way/42789254,nppes:1356525331,osm,way/42789254,Eckart Dental Center,,,,,nppes,1356525331,ECKART DENTAL CENTER P.A.,,300 1ST AVE E,55379,952-445-1352,74
osm:way/42789254,nppes:1619791019,osm,way/42789254,Eckart Dental Center,,,,,nppes,1619791019,"JAMES R JENSEN, DDS",JAMES R JENSEN DDS,300 1ST AVE E,55379,952-426-0367,74
osm:way/42789254,nppes:1972995587,osm,way/42789254,Eckart Dental Center,,,,,nppes,1972995587,"ECKART DENTAL CENTER, LLC",,300 1ST AVENUE E,55379,952-445-1352,74
osm:way/435068838,nppes:1043955412,osm,way/435068838,Creekside Dental,,3340 Republic Avenue,55426,,nppes,1043955412,CREEKSIDE DENTAL PLLC,,3340 REPUBLIC AVE STE 130,55426,763-442-7624,42
osm:way/435068838,nppes:1366928426,osm,way/435068838,Creekside Dental,,3340 Republic Avenue,55426,,nppes,1366928426,CREEKSIDE FAMILY DENTAL PLLC,"GIEBENHAIN DENTAL ASSOCIATES, P.A.","GIEBENHAIN DENTAL ASSOCIATES, P.A., 5851 DULUTH STREET # 103",55422,763-545-0330,
osm:way/435068838,nppes:1770190951,osm,way/435068838,Creekside Dental,,3340 Republic Avenue,55426,,nppes,1770190951,FOREVER SMILES PARTNERS PLLC,BLUFF CREEK DENTAL,600 MARKET ST STE 130,55317,952-937-5200,
osm:way/435068838,nppes:1831528447,osm,way/435068838,Creekside Dental,,3340 Republic Avenue,55426,,nppes,1831528447,"PATRICK J. FOY DDS,PA",CREEKSIDE DENTAL,"3340 REPUBLIC AVE, STE 130",55426,952-938-2740,42
osm:way/448057160,nppes:1184899106,osm,way/448057160,Brimhall Dentistry,,483 Brimhall Street,55116,,nppes,1184899106,MENDES FAMILY DENTISTRY,,550 SNELLING AVE S,55116,651-699-0404,239
osm:way/448057160,nppes:1730248667,osm,way/448057160,Brimhall Dentistry,,483 Brimhall Street,55116,,nppes,1730248667,"REYNOLDS J. FISCHBACH II, D.D.S., P.A.",,483 BRIMHALL ST,55116,651-698-0848,16
osm:way/460383876,nppes:1477690279,osm,way/460383876,Brandsness & Krumholz,,2267 Louisiana Avenue South,55426,,nppes,1477690279,DR. BRUCE E. BRANDSNESS P.A.,,2267 LOUISIANA AVE S,55426,952-546-2564,41
osm:way/460383876,nppes:1871242917,osm,way/460383876,Brandsness & Krumholz,,2267 Louisiana Avenue South,55426,,nppes,1871242917,MICHAEL JAMES KRUMHOLZ,,2267 LOUISIANA AVE S,55426,952-999-4999,41
osm:way/480968399,nppes:1689732133,osm,way/480968399,Park Dental Rosemount,,15015 Cimarron Avenue,55068,+1 952 423 2288,nppes,1689732133,"PDG,P.A.",PARK DENTAL,"4670 PARK NICOLLET AVE SE, SUITE 100",55372,952-447-7606,
osm:way/480968399,nppes:1760013015,osm,way/480968399,Park Dental Rosemount,,15015 Cimarron Avenue,55068,+1 952 423 2288,nppes,1760013015,"DENTAL SPECIALISTS OF MINNESOTA, PLLC",THE DENTAL SPECIALISTS ROSEMOUNT,15015 CIMARRON AVE,55068,952-926-2835,66
osm:way/489112914,nppes:1689732133,osm,way/489112914,Park Dental,,5350 Robert Trail South,55077,,nppes,1689732133,"PDG,P.A.",PARK DENTAL,"4670 PARK NICOLLET AVE SE, SUITE 100",55372,952-447-7606,
osm:way/489112914,nppes:1710045117,osm,way/489112914,Park Dental,,5350 Robert Trail South,55077,,nppes,1710045117,"PDG, P.A.",PARK DENTAL,5350 S ROBERT TRL,55077,651-450-9579,59
osm:way/489112914,nppes:1841417003,osm,way/489112914,Park Dental,,5350 Robert Trail South,55077,,nppes,1841417003,"TOWN DENTAL, PA",,407 CITY HALL PLZ,55318,952-448-3077,
osm:way/489630183,nppes:1083880108,osm,way/489630183,The New Art Of Dentistry,,1222 Frontage Road,55033,,nppes,1083880108,"RIVER VALLEY DENTAL, P.A.",,1260 N FRONTAGE RD,55033,651-437-1940,154
osm:way/489630183,nppes:1548487689,osm,way/489630183,The New Art Of Dentistry,,1222 Frontage Road,55033,,nppes,1548487689,THE NEW ART OF DENTISTRY,,1222 N FRONTAGE RD,55033,651-437-1166,70
osm:way/490000269,nppes:1902936461,osm,way/490000269,Spahl Dentistry,,1199,,+1 651-774-9000,nppes,1902936461,DR TERRANCE J SPAHL,,1199 DULUTH ST,55106,651-774-9000,19
osm:way/490729787,nppes:1831665603,osm,way/490729787,Family Dentistry,,6665 Cahill Avenue,55076,,nppes,1831665603,WHITE SMILES FAMILY DENTISTRY PLLC,,1611 COUNTY HWY 10,55432,763-717-3989,
osm:way/505626264,nppes:1609990449,osm,way/505626264,Dexterity Dental,,310 Division Street,55024,+1-651-463-4444,nppes,1609990449,ORTHODONTIC CARE GROUP,ORTHODONTIC CARE SPECIALISTS,310 DIVISION ST,55024,651-463-2800,65
osm:way/505626264,nppes:1992868921,osm,way/505626264,Dexterity Dental,,310 Division Street,55024,+1-651-463-4444,nppes,1992868921,HARMS-TRI DENTAL,RIVERS EDGE DENTAL CLINIC,213 1ST ST,55024,651-463-7777,284
osm:way/506236046,nppes:1326650961,osm,way/506236046,Bliss Family Dental,,4792 Dakota St SE,55372,+19524473777,nppes,1326650961,MCGANN FAMILY DENTAL,MCGANN FAMILY DENTAL,8981 33RD ST N,55042,651-777-1337,
osm:way/506236046,nppes:1952582702,osm,way/506236046,Bliss Family Dental,,4792 Dakota St SE,55372,+19524473777,nppes,1952582702,"LILAH SUZAN EKIM DDS, MS. PLLC",EKIM ORTHODONTICS,16190 ERIE AVE SE,55372,952-447-6077,188
osm:way/507772602,nppes:1689732133,osm,way/507772602,Park Dental,,511 Elm Street,55024,+1-952-303-7028,nppes,1689732133,"PDG,P.A.",PARK DENTAL,"4670 PARK NICOLLET AVE SE, SUITE 100",55372,952-447-7606,
osm:way/507772602,nppes:1841417003,osm,way/507772602,Park Dental,,511 Elm Street,55024,+1-952-303-7028,nppes,1841417003,"TOWN DENTAL, PA",,407 CITY HALL PLZ,55318,952-448-3077,
osm:way/510514973,nppes:1518054766,osm,way/510514973,Franco & Associates Family and Cosmetic Dentistry,,120 Snelling Avenue,55104,+1-651-645-6111,nppes,1518054766,"D.S. KILLIAN & F.J. MILNAR JR., DDS PA",,120 SNELLING AVE N,55104,651-645-6111,34
osm:way/510514973,nppes:1649782756,osm,way/510514973,Franco & Associates Family and Cosmetic Dentistry,,120 Snelling Avenue,55104,+1-651-645-6111,nppes,1649782756,FRANCO & ASSOCIATES FAMILY AND COSMETIC DENTISTRY,,120 SNELLING AVE N,55104,651-645-6111,34
osm:way/510514973,nppes:1952418311,osm,way/510514973,Franco & Associates Family and Cosmetic Dentistry,,120 Snelling Avenue,55104,+1-651-645-6111,nppes,1952418311,KUBES DENTAL CARE,DAVID T KUBES DDS AND ASSOCIATES PA,"91 NO SNELLING AVE, SUITE 120",55104,651-644-9000,74
osm:way/526980397,nppes:1629521893,osm,way/526980397,Crestridge Dental,,50 McAndrews Road East,55337,+1-952-892-5050,nppes,1629521893,RIDGES FAMILY DENTAL PLLC,,50 MCANDREWS RD E,55337,952-892-5050,77
osm:way/526980397,nppes:1710749296,osm,way/526980397,Crestridge Dental,,50 McAndrews Road East,55337,+1-952-892-5050,nppes,1710749296,FAMILY SMILES-BURNSVILLE PLLC,,50 MCANDREWS RD E,55337,952-892-5050,77
osm:way/527080254,nppes:1952569220,osm,way/527080254,Harrison Dental Studio,,5 Wentworth Avenue East,55118,,nppes,1952569220,WILLIAM S JOHNSTON DDS PA,,1545 LIVINGTON AVE SUITE 101,55118,651-455-0505,184
osm:way/527997535,nppes:1437580818,osm,way/527997535,Brite Smile Dental Care,,8977 Hunters Way,55124,,nppes,1437580818,BRITE SMILES DENTAL CARE,,8977 HUNTERS WAY,55124,952-891-8484,319
osm:way/527997535,nppes:1588774152,osm,way/527997535,Brite Smile Dental Care,,8977 Hunters Way,55124,,nppes,1588774152,DENNIS C SIMMONS DDS PA,BRITE SMILES DENTAL CARE,8977 HUNTERS WAY,55124,952-891-8484,319
osm:way/528003975,nppes:1063288017,osm,way/528003975,Lakeville Family Dental Centre,,16372 Kenrick Avenue,55044,,nppes,1063288017,"LAKEVILLE FAMILY DENTAL CENTER, P.L.L.C.",,16372 KENRICK AVE STE 200,55044,952-435-5905,69
osm:way/528003975,nppes:1255442620,osm,way/528003975,Lakeville Family Dental Centre,,16372 Kenrick Avenue,55044,,nppes,1255442620,LAKEVILLE FAMILY DENTAL CENTRE PA,,16375 KENRICK AVE STE 200,55044,952-435-5905,116
osm:way/528466500,nppes:1053614867,osm,way/528466500,Lakeville Dental,,20171 Icenic Trail,55044,,nppes,1053614867,"LAKEVILLE DENTAL ASSOCIATES, PA",,20171 ICENIC TRL,55044,952-469-3300,37
osm:way/528914212,nppes:1144353780,osm,way/528914212,Eagan Family Dentistry,,4178 Knob Drive,55122,,nppes,1144353780,EAGAN FAMILY DENTISTRY,,4178 KNOB DR STE C,55122,651-452-4317,80
osm:way/531848023,nppes:1316913411,osm,way/531848023,Metro Dental,,1905 Plaza Drive,55122,,nppes,1316913411,"METRO DENTALCARE, PLC",,17597 CEDAR AVE,55044,952-431-6600,
osm:way/531848023,nppes:1619625043,osm,way/531848023,Metro Dental,,1905 Plaza Drive,55122,,nppes,1619625043,"NORTHLAND DENTAL PARTNERS, PLLC",METRO DENTALCARE EAGAN,1965 CLIFF LAKE RD STE 102,55122,651-452-4828,644
osm:way/531848023,nppes:1740438076,osm,way/531848023,Metro Dental,,1905 Plaza Drive,55122,,nppes,1740438076,"DENTAL SPECIALISTS OF MINNESOTA, PLLC",THE DENTAL SPECIALISTS,"1895 PLAZA DR, SUITE 130",55122,952-926-2763,59
osm:way/531848023,nppes:1770730954,osm,way/531848023,Metro Dental,,1905 Plaza Drive,55122,,nppes,1770730954,NORTHLAND DENTAL PARTNERS,METRO DENTALCARE,1905 PLAZA DR,55122,651-686-6678,48
osm:way/531848023,nppes:1881841021,osm,way/531848023,Metro Dental,,1905 Plaza Drive,55122,,nppes,1881841021,NORTHLAND DENTAL PARTNERS PLLC,METRO DENTALCARE,4670 PARK NICOLLET AVE SE,55372,952-447-7606,
osm:way/531848023,nppes:1932275971,osm,way/531848023,Metro Dental,,1905 Plaza Drive,55122,,nppes,1932275971,"PDG, P.A.",PARK DENTAL,"1895 PLAZA DR, SUITE 130",55122,651-454-2700,59
osm:way/533507284,nppes:1255639696,osm,way/533507284,Midwest Dental,,1121 Town Centre Drive,55123,,nppes,1255639696,MODERN DENTAL PROFESSIONALS MINNESOTA PC,MIDWEST DENTAL,"1121 TOWN CENTRE DR, #200",55123,651-454-4771,43
osm:way/533507284,nppes:1437369105,osm,way/533507284,Midwest Dental,,1121 Town Centre Drive,55123,,nppes,1437369105,SMILE DESIGN FAMILY DENTISTRY,,1121 TOWN CENTRE DR STE 200,55123,651-454-4771,43
osm:way/533507284,nppes:1861718173,osm,way/533507284,Midwest Dental,,1121 Town Centre Drive,55123,,nppes,1861718173,MODERN DENTAL PROFESSIONALS MN PC,MIDWEST DENTAL,"200 VILLAGE CENTER DR, SUITE 400",55127,651-631-2133,
osm:way/547126362,nppes:1467509851,osm,way/547126362,Cherrywood Dental,,14127 Vernon Ave S,55378,+19524409303,nppes,1467509851,CHERRYWOOD DENTAL CARE PA,,14127 VERNON AVE S,55378,952-440-9303,58
osm:way/601130228,nppes:1760693972,osm,way/601130228,Family Dentistry,,5020 Minnetonka Boulevard,55416,,nppes,1760693972,ADVANCED DENTISTRY INC.,,5020 MINNETONKA BLVD,55416,952-285-1677,32
osm:way/601130228,nppes:1831665603,osm,way/601130228,Family Dentistry,,5020 Minnetonka Boulevard,55416,,nppes,1831665603,WHITE SMILES FAMILY DENTISTRY PLLC,,1611 COUNTY HWY 10,55432,763-717-3989,
osm:way/603434082,nppes:1255491866,osm,way/603434082,Weingartner/Park Dental,,,,,nppes,1255491866,"INTEGRITY DENTAL CARE, P.A.",,7500 80TH ST S,55016,651-459-3039,69
osm:way/603434082,nppes:1447193297-pl1,osm,way/603434082,Weingartner/Park Dental,,,,,nppes,1447193297-pl1,MCFARLAND PLLC,,7501 80TH ST S STE 110,55016,651-459-7888,76
osm:way/603434082,nppes:1578211991,osm,way/603434082,Weingartner/Park Dental,,,,,nppes,1578211991,"NORTHLAND DENTAL PARTNERS, PLLC",METRO DENTALCARE COTTAGE GROVE,7430 80TH ST S STE 201,55016,651-459-2232,155
osm:way/603434082,nppes:1689732133,osm,way/603434082,Weingartner/Park Dental,,,,,nppes,1689732133,"PDG,P.A.",PARK DENTAL,"4670 PARK NICOLLET AVE SE, SUITE 100",55372,952-447-7606,
osm:way/603434082,nppes:1801068358,osm,way/603434082,Weingartner/Park Dental,,,,,nppes,1801068358,AL M VIRGEN DMD PA,ALL SMILES DENTISTRY,"7501 80TH ST S, SUITE 2",55016,651-459-7888,76
osm:way/603434089,nppes:1003035064,osm,way/603434089,Zirbel Orthodontics,,,,,nppes,1003035064,CASSANDRA L ZIRBEL DDS MS,ORTHODONTICS BY ZIRBEL,7729 79TH ST S,55016,651-459-6674,41
osm:way/603434089,nppes:1023681152,osm,way/603434089,Zirbel Orthodontics,,,,,nppes,1023681152,"ORTHODONTIC PARTNERS OF MINNESOTA, PLLC",DUNN ORTHODONTICS,650 COMMERCE DR STE 170,55125,651-738-3866,
osm:way/603434089,nppes:1023681152-pl1,osm,way/603434089,Zirbel Orthodontics,,,,,nppes,1023681152-pl1,"ORTHODONTIC PARTNERS OF MINNESOTA, PLLC",DUNN ORTHODONTICS,6936 PINE ARBOR DR S STE 220,55016,651-738-3866,1613
osm:way/603434089,nppes:1255491866,osm,way/603434089,Zirbel Orthodontics,,,,,nppes,1255491866,"INTEGRITY DENTAL CARE, P.A.",,7500 80TH ST S,55016,651-459-3039,283
osm:way/603434089,nppes:1447193297-pl1,osm,way/603434089,Zirbel Orthodontics,,,,,nppes,1447193297-pl1,MCFARLAND PLLC,,7501 80TH ST S STE 110,55016,651-459-7888,265
osm:way/603434089,nppes:1497348239-pl1,osm,way/603434089,Zirbel Orthodontics,,,,,nppes,1497348239-pl1,PERIODONTAL CENTER,THE PERIODONTAL CENTER,7791 79TH ST S,55016,715-690-3050,117
osm:way/603434089,nppes:1801068358,osm,way/603434089,Zirbel Orthodontics,,,,,nppes,1801068358,AL M VIRGEN DMD PA,ALL SMILES DENTISTRY,"7501 80TH ST S, SUITE 2",55016,651-459-7888,265
osm:way/605053952,nppes:1114360492,osm,way/605053952,East Dental Family Dentistry,,1346 Payne Avenue,,+1 651-774-6085,nppes,1114360492,INSIDE EDGE DENTAL PLLC,EAST DENTAL,1346 PAYNE AVE,55130,651-774-6085,15
osm:way/605096310,nppes:1528129293,osm,way/605096310,Natural Dental,,1439 Arcade Street,,,nppes,1528129293,ARCADE DENTAL ASSOCIATES PLLP,,1439 ARCADE STREET,55106,651-776-4766,27
osm:way/608991745,nppes:1689732133,osm,way/608991745,Northpark Dental,,9120 Baltimore Street Northeast,55449,,nppes,1689732133,"PDG,P.A.",PARK DENTAL,"4670 PARK NICOLLET AVE SE, SUITE 100",55372,952-447-7606,
osm:way/608991745,nppes:1710161500,osm,way/608991745,Northpark Dental,,9120 Baltimore Street Northeast,55449,,nppes,1710161500,NORTHPARK DENTAL,,9120 BALTIMORE ST NE,55449,763-786-1560,62
osm:way/636034786,nppes:1437704020,osm,way/636034786,Grand Avenue Smiles,,1845 Grand Avenue,55105,+16516905262,nppes,1437704020,GRAND AVENUE SMILES,,1845 GRAND AVENUE,55105,651-690-5262,41
osm:way/697893580,nppes:1851466155,osm,way/697893580,Chalet Dental,,1651 Dale Street North,55117,+1-651-413-9150,nppes,1851466155,CHALET DENTAL CARE,,1651 N DALE ST,55117,651-488-5888,26
osm:way/766562945,nppes:1437267598,osm,way/766562945,Larson Dental,,1632 Northeast Washington Street,55413,,nppes,1437267598,KIM F LARSON,LARSON DENTAL,1632 WASHINGTON ST NE,55413,612-789-2853,64
osm:way/766562945,nppes:1922726280,osm,way/766562945,Larson Dental,,1632 Northeast Washington Street,55413,,nppes,1922726280,LARSON DENTAL LLC,,1632 WASHINGTON ST NE,55413,612-789-2853,64
osm:way/778595987,nppes:1376409276,osm,way/778595987,Chicago Lake Family Dental,,,,,nppes,1376409276,"SOUTHSIDE COMMUNITY HEALTH SERVICES, INC.",SOUTHSIDE EAST LAKE STREET DENTAL CLINIC,1000 E LAKE ST,55407,612-822-9030,294
osm:way/778595987,nppes:1497936389,osm,way/778595987,Chicago Lake Family Dental,,,,,nppes,1497936389,CHICAGO LAKE DENTAL,,2900 CHICAGO AVE,55407,612-823-2080,33
osm:way/787322538,nppes:1477659050,osm,way/787322538,Pierce Dental Care,,,,,nppes,1477659050,"BRIAN L. PIERCE, D.D.S., P.A.",,"969 OLD HIGHWAY 8 NW, SUITE 200",55112,651-639-8445,54
osm:way/796682451,nppes:1689732133,osm,way/796682451,Park Dental,,13961,,,nppes,1689732133,"PDG,P.A.",PARK DENTAL,"4670 PARK NICOLLET AVE SE, SUITE 100",55372,952-447-7606,
osm:way/796682451,nppes:1689842841,osm,way/796682451,Park Dental,,13961,,,nppes,1689842841,"ST. CROIX VALLEY DENTAL, PLLC",NORTHERN ORTHODONTICS,13961 60TH ST N,55082,651-351-7777,146
osm:way/796682451,nppes:1740259464,osm,way/796682451,Park Dental,,13961,,,nppes,1740259464,"ST. CROIX VALLEY DENTAL, PLLC",ST CROIX VALLEY DENTAL,13961 60TH ST. NORTH,55082,651-439-2600,146
osm:way/796682451,nppes:1841417003,osm,way/796682451,Park Dental,,13961,,,nppes,1841417003,"TOWN DENTAL, PA",,407 CITY HALL PLZ,55318,952-448-3077,
osm:way/802023323,nppes:1295890895,osm,way/802023323,Cherokee Dentist,,374 Annapolis Street,55118,+1-651-457-6231,nppes,1295890895,"CHEROKEE DENTAL, P.A.",,374 ANNAPOLIS ST W,55118,651-457-6231,49
osm:way/914286353,nppes:1023681152,osm,way/914286353,Family Orthodontics,,5804 Excelsior Boulevard,55416,+19529227117,nppes,1023681152,"ORTHODONTIC PARTNERS OF MINNESOTA, PLLC",DUNN ORTHODONTICS,650 COMMERCE DR STE 170,55125,651-738-3866,
osm:way/914286353,nppes:1356967061,osm,way/914286353,Family Orthodontics,,5804 Excelsior Boulevard,55416,+19529227117,nppes,1356967061,ROSEMARY LELICH PA,,5804 EXCELSIOR BLVD,55416,952-922-7117,16
osm:way/914286353,nppes:1801991146,osm,way/914286353,Family Orthodontics,,5804 Excelsior Boulevard,55416,+19529227117,nppes,1801991146,FAMILY ORTHODONTICS PA,,5804 EXCELSIOR BLVD,55416,952-922-7117,16
osm:way/918683583,nppes:1043715204,osm,way/918683583,Pilot Knob Dental Care,,,,,nppes,1043715204,"MINNESOTA DENTAL PROFESSIONALS, P.C.",PILOT KNOB DENTAL CARE,16138 PILOT KNOB RD,55044,952-679-7779,50
osm:way/918683583,nppes:1043715204-pl1,osm,way/918683583,Pilot Knob Dental Care,,,,,nppes,1043715204-pl1,"MINNESOTA DENTAL PROFESSIONALS, P.C.",PILOT KNOB DENTAL CARE,16138 PILOT KNOB RD,55044,612-354-8875,50
osm:way/918683583,nppes:1578505152-pl6,osm,way/918683583,Pilot Knob Dental Care,,,,,nppes,1578505152-pl6,MINNESOTA ORTHODONTICS,NORTHFIELD ORTHODONTICS,16106 PILOT KNOB RD STE 120,55044,651-450-7273,92
osm:way/92189751,nppes:1821493396,osm,way/92189751,Fiant Dental,,3225 Lyndale Avenue South,55408,,nppes,1821493396,"FIANT DENTAL, PLLC",,2937 LYNDALE AVE S,55408,612-827-7400,625
osm:way/93677602,nppes:1407973605,osm,way/93677602,Children's Dental Services,,728 Hennepin Avenue East,55414,,nppes,1407973605,CHILDRENS DENTAL SERVICES INC,,636 BROADWAY ST. NE,55413,612-746-1530,1094
osm:way/93677602,nppes:1669842662-pl1,osm,way/93677602,Children's Dental Services,,728 Hennepin Avenue East,55414,,nppes,1669842662-pl1,CHILDREN'S DENTAL SERVICES,,636 BROADWAY ST NE,55413,612-746-1530,1094
osm:way/93677602,nppes:1669842662-pl2,osm,way/93677602,Children's Dental Services,,728 Hennepin Avenue East,55414,,nppes,1669842662-pl2,CHILDREN'S DENTAL SERVICES,,636 BROADWAY ST NE,55413,612-746-1530,1094
osm:way/958658188,nppes:1295859676,osm,way/958658188,Mill City Dental,,2218 Laurel Avenue West,55405,+16123773740,nppes,1295859676,ST CROIX VALLEY DENTAL PLLC,CITY WALK DENTAL,"10035 CITY WALK DR, STE A LAKE ELMO DENTAL",55042,651-714-5555,
osm:way/958658188,nppes:1982311916,osm,way/958658188,Mill City Dental,,2218 Laurel Avenue West,55405,+16123773740,nppes,1982311916,MILL CITY DENTAL PA,,2218 LAUREL AVE,55405,612-377-3740,24
osm:way/974484284,nppes:1073789913,osm,way/974484284,Excel Dentistry,,8001 State Highway 7 Service Road,55426,,nppes,1073789913,EXCEL DENTISTRY,,"8001 HIGHWAY 7, SUITE 100",55426,952-746-3233,73
osm:way/974484284,nppes:1235008343,osm,way/974484284,Excel Dentistry,,8001 State Highway 7 Service Road,55426,,nppes,1235008343,ST. LOUIS PARK DENTAL PLLC,,"8001 MN-7, SUITE 300",55426,952-920-4060,73
osm:way/974484284,nppes:1396914685,osm,way/974484284,Excel Dentistry,,8001 State Highway 7 Service Road,55426,,nppes,1396914685,"MICHAEL J NELSON D.D.S., PA",,"8001 HIGHWAY 7, #300",55426,952-920-4060,73
osm:way/974484284,nppes:1497149496,osm,way/974484284,Excel Dentistry,,8001 State Highway 7 Service Road,55426,,nppes,1497149496,"KNOLLWOOD DENTISTRY, PC",KNOLLWOOD DENTISTRY,8454 HIGHWAY 7,55426,952-933-3667,266
osm:way/993142838,nppes:1073789913,osm,way/993142838,Rhode Island Dental,,3645 Rhode Island Avenue South,55426,,nppes,1073789913,EXCEL DENTISTRY,,"8001 HIGHWAY 7, SUITE 100",55426,952-746-3233,254
osm:way/993142838,nppes:1235008343,osm,way/993142838,Rhode Island Dental,,3645 Rhode Island Avenue South,55426,,nppes,1235008343,ST. LOUIS PARK DENTAL PLLC,,"8001 MN-7, SUITE 300",55426,952-920-4060,254
osm:way/993142838,nppes:1346273059,osm,way/993142838,Rhode Island Dental,,3645 Rhode Island Avenue South,55426,,nppes,1346273059,"RHODE ISLAND DENTAL, P.A.",,3645 RHODE ISLAND AVE S,55426,952-938-7628,85
osm:way/993142838,nppes:1396914685,osm,way/993142838,Rhode Island Dental,,3645 Rhode Island Avenue South,55426,,nppes,1396914685,"MICHAEL J NELSON D.D.S., PA",,"8001 HIGHWAY 7, #300",55426,952-920-4060,254
