pair_key,verdict,routed_by,score,block,a_source,a_record_id,a_name,a_other_names,a_address,a_postal_code,a_phone,b_source,b_record_id,b_name,b_other_names,b_address,b_postal_code,b_phone,distance_m
nppes:1003009374|nppes:1093442048,distinct,,0.315,address,nppes,1003009374,ENDODONTIC PROFESSIONALS PA ARBOR LAKES ENDODONTICS,,"12000 ELM CREEK BLVD, SUITE 240",55369,763-416-3619,nppes,1093442048,WANG PERIODONTICS PLLC,MAPLE GROVE PERIODONTICS AND IMPLANT DENTISTRY,12000 ELM CREEK BLVD N STE 320,55369,763-420-0200,0
nppes:1003009374|nppes:1306424197,distinct,,0.363,address,nppes,1003009374,ENDODONTIC PROFESSIONALS PA ARBOR LAKES ENDODONTICS,,"12000 ELM CREEK BLVD, SUITE 240",55369,763-416-3619,nppes,1306424197,"MINNESOTA DENTAL PROFESSIONALS, P.C.",ARBOR LAKES DENTAL,12000 ELM CREEK BLVD N STE 230,55369,763-251-5280,0
nppes:1003009374|nppes:1891295861,distinct,,0.302,address,nppes,1003009374,ENDODONTIC PROFESSIONALS PA ARBOR LAKES ENDODONTICS,,"12000 ELM CREEK BLVD, SUITE 240",55369,763-416-3619,nppes,1891295861,MAPLE GROVE PERIODONTICS AND IMPLANT DENTISTRY,,12000 ELM CREEK BLVD N,55369,763-420-0200,0
nppes:1003009374|nppes:1922181197,distinct,,0.275,address,nppes,1003009374,ENDODONTIC PROFESSIONALS PA ARBOR LAKES ENDODONTICS,,"12000 ELM CREEK BLVD, SUITE 240",55369,763-416-3619,nppes,1922181197,"MAPLE GROVE FAMILY DENTAL CLINIC, PA",,"12000 ELM CREEK BLVD N, SUITE #220",55369,763-420-4421,0
nppes:1003035064|osm:way/603434089,review,same place,0.491,nearby,nppes,1003035064,CASSANDRA L ZIRBEL DDS MS,ORTHODONTICS BY ZIRBEL,7729 79TH ST S,55016,651-459-6674,osm,way/603434089,Zirbel Orthodontics,,,,,41
nppes:1003108895|osm:way/126155334,review,same place,0.500,nearby,nppes,1003108895,NICOLLET DENTAL,,6101 NICOLLET AVE. SO.,55419,612-866-8550,osm,way/126155334,Nicollet Dental,,6053 Nicollet Avenue,55419,,54
nppes:1003174764|nppes:1760802722,distinct,,0.450,phone,nppes,1003174764,DENTALIGN P.A.,,7860 MAIN ST,55369,763-420-1030,nppes,1760802722,"DENTALIGN, P.A",TC ORTHODONTICS,470 W 78TH ST,55317,763-420-1030,27194
nppes:1003174764|nppes:1871837708,distinct,,0.450,phone,nppes,1003174764,DENTALIGN P.A.,,7860 MAIN ST,55369,763-420-1030,nppes,1871837708,"DENTALIGN, P.A",,4630 EDGEBROOK PL,55424,763-420-1030,21808
nppes:1003231713|osm:node/7168431321,review,score,0.600,address,nppes,1003231713,RICHFIELD DENTISTRY PC,RICHFIELD DENTISTRY,6411 RICHFIELD PKWY,55423,612-869-3440,osm,node/7168431321,Richfield Dentistry,,6411 Richfield Parkway,55423,,
nppes:1003245333|nppes:1013216811,distinct,,0.309,address,nppes,1003245333,"DENTAL SPECIALISTS OF MINNESOTA, PLLC",THE DENTAL SPECIALISTS,1109 MOORE LAKE DR E,55432,763-571-9990,nppes,1013216811,MINNEAPOLIS-ST. PAUL PERIODONTICS,,1109 EAST MOORE LAKE DRIVE,55432,651-439-2600,0
nppes:1003245333|nppes:1306338553,review,same place,0.538,address+nearby,nppes,1003245333,"DENTAL SPECIALISTS OF MINNESOTA, PLLC",THE DENTAL SPECIALISTS,1109 MOORE LAKE DR E,55432,763-571-9990,nppes,1306338553,"ORTHODONTIC SPECIALISTS OF MINNESOTA, P.L.L.C.",THE DENTAL SPECIALISTS-ORTHODONTICS,1109 MOORE LAKE DR E,55432,763-572-2224,0
nppes:1003245333|nppes:1659670362,distinct,,0.261,address,nppes,1003245333,"DENTAL SPECIALISTS OF MINNESOTA, PLLC",THE DENTAL SPECIALISTS,1109 MOORE LAKE DR E,55432,763-571-9990,nppes,1659670362,NORTHERN ORTHODONTICS,,1109 EAST MOORE LAKE DRIVE,55432,651-439-2600,0
nppes:1003286808|nppes:1477112456,distinct,,0.317,address,nppes,1003286808,"MODERN DENTAL PROFESSIONALS, MN PC",MIDWEST DENTAL,"2147 NORTHDALE BLVD NW, NWOOD",55433,763-767-4888,nppes,1477112456,"FAMILY & COSMETIC GENTLE DENTISTRY, LTD","""GENTLE DENTISTRY""",2147 NORTHDALE BLVD NW,55433,651-209-3139,0
nppes:1003286808|nppes:1619287562,distinct,,0.223,address,nppes,1003286808,"MODERN DENTAL PROFESSIONALS, MN PC",MIDWEST DENTAL,"2147 NORTHDALE BLVD NW, NWOOD",55433,763-767-4888,nppes,1619287562,NORTHDALE DENTIST PA,,"2147, NORTHDALE BLVD NW.",55433,763-497-6977,
nppes:1003392739|nppes:1588005169,distinct,,0.282,address,nppes,1003392739,COMFORTABLE DENTAL PLLC,COMFORTABLE DENTAL,5700 BOTTINEAU BLVD STE 270,55429,763-210-8222,nppes,1588005169,COMMUNITY DENTAL CARE INC,,5700 BOTTINEAU BLVD STE 250,55429,763-270-5776,
nppes:1003392739|osm:node/7170036800,review,score,0.600,address,nppes,1003392739,COMFORTABLE DENTAL PLLC,COMFORTABLE DENTAL,5700 BOTTINEAU BLVD STE 270,55429,763-210-8222,osm,node/7170036800,Comfortable Dental,,"5700 Bottineau Boulevard, Suite 270",55429,,
nppes:1003431263|nppes:1669530101,distinct,,0.463,address+nearby,nppes,1003431263,"DENTAL SPECIALISTS OF MINNESOTA, PLLC",THE DENTAL SPECIALIST MINNETONKA,14525 HIGHWAY 7 STE 125,55345,952-303-8858,nppes,1669530101,"PDG, P.A.",PARK DENTAL MINNETONKA,14525 HIGHWAY 7 STE 125,55345,952-474-5622,0
nppes:1003431263|nppes:1861088197,distinct,,0.465,address+nearby,nppes,1003431263,"DENTAL SPECIALISTS OF MINNESOTA, PLLC",THE DENTAL SPECIALIST MINNETONKA,14525 HIGHWAY 7 STE 125,55345,952-303-8858,nppes,1861088197,ORTHODONTICS SPECIALIST OF MINNESOTA P.L.L.C.,THE DENTAL ORTHODONTICS MINNETONKA,14525 HIGHWAY 7 STE 125,55345,952-241-5860,0
nppes:1003654104|nppes:1134446370,distinct,,0.338,address,nppes,1003654104,PROACTIVE HEALTHCARE EDUCATION CENTER,PROACTIVE DENTAL CLINIC CORP,334 E LAKE ST STE 105,55408,310-883-8932,nppes,1134446370,BRITE DENTAL MINNESOTA P.C.,,334 EAST LAKE ST.,55408,708-439-4655,0
nppes:1003654104|nppes:1255249470,distinct,,0.274,address,nppes,1003654104,PROACTIVE HEALTHCARE EDUCATION CENTER,PROACTIVE DENTAL CLINIC CORP,334 E LAKE ST STE 105,55408,310-883-8932,nppes,1255249470,WHAT IF I AM A SURROGATE OF THE ORGANIZATION,,334 E LAKE ST STE 104,55408,612-910-1131,0
nppes:1003654104|nppes:1528805553,auto_merge,score,1.000,address+nearby+phone,nppes,1003654104,PROACTIVE HEALTHCARE EDUCATION CENTER,PROACTIVE DENTAL CLINIC CORP,334 E LAKE ST STE 105,55408,310-883-8932,nppes,1528805553,PROACTIVE HEALTHCARE EDUCATION CENTER,PROACTIVE DENTAL CLINIC CORP,334 E LAKE ST STE 105,55408,310-883-8932,0
nppes:1003886383|nppes:1013988765,distinct,,0.013,phone,nppes,1003886383,COMMUNITY DENTAL CARE INC,COMMUNITY DENTAL CARE,600 CARLTON STREET N,55119,651-774-2959,nppes,1013988765,PETERSON & PETERSON DDS PA,,1224 ARCADE ST,55106,651-774-2959,6143
nppes:1013062462|nppes:1386768851,distinct,,0.329,address,nppes,1013062462,"GROUP HEALTH, INC.",HEALTHPARTNERS INVER GROVE DENTAL CLINIC,5625 CENEX DR,55077,651-552-1752,nppes,1386768851,ORTHODONTIC CARE GROUP,ORTHODONTIC CARE SPECIALISTS,5625 CENEX DR,55077,651-552-2675,0
nppes:1013153352|nppes:1184770851,review,same place,0.531,address+nearby,nppes,1013153352,ASSOCIATED DENTISTS SHOLOM HOME,,"1371 7TH ST W, SUITE B",55102,651-488-5557,nppes,1184770851,ASSOCIATED DENTISTS,,1371 7TH ST W,55102,651-222-0351,0
nppes:1013153352|nppes:1699838011,distinct,,0.040,phone,nppes,1013153352,ASSOCIATED DENTISTS SHOLOM HOME,,"1371 7TH ST W, SUITE B",55102,651-488-5557,nppes,1699838011,LEXINGTON DENTAL,,"1790 LEXINGTON AVE N, SUITE B",55113,651-488-5557,8345
nppes:1013153352|osm:way/100102554,review,same place,0.381,nearby,nppes,1013153352,ASSOCIATED DENTISTS SHOLOM HOME,,"1371 7TH ST W, SUITE B",55102,651-488-5557,osm,way/100102554,Associated Dentists,,1371 7th Street West,,,24
nppes:1013199561|nppes:1477112456,distinct,,0.450,phone,nppes,1013199561,"FAMILY & COSMETIC GENTLE DENTISTRY, LTD",,1680 SUBURBAN AVE,55106,651-209-3139,nppes,1477112456,"FAMILY & COSMETIC GENTLE DENTISTRY, LTD","""GENTLE DENTISTRY""",2147 NORTHDALE BLVD NW,55433,651-209-3139,34645
nppes:1013216811|nppes:1306338553,distinct,,0.346,address,nppes,1013216811,MINNEAPOLIS-ST. PAUL PERIODONTICS,,1109 EAST MOORE LAKE DRIVE,55432,651-439-2600,nppes,1306338553,"ORTHODONTIC SPECIALISTS OF MINNESOTA, P.L.L.C.",THE DENTAL SPECIALISTS-ORTHODONTICS,1109 MOORE LAKE DR E,55432,763-572-2224,0
nppes:1013216811|nppes:1659670362,review,score,0.620,address+phone,nppes,1013216811,MINNEAPOLIS-ST. PAUL PERIODONTICS,,1109 EAST MOORE LAKE DRIVE,55432,651-439-2600,nppes,1659670362,NORTHERN ORTHODONTICS,,1109 EAST MOORE LAKE DRIVE,55432,651-439-2600,0
nppes:1013216811|nppes:1740259464,distinct,,0.032,phone,nppes,1013216811,MINNEAPOLIS-ST. PAUL PERIODONTICS,,1109 EAST MOORE LAKE DRIVE,55432,651-439-2600,nppes,1740259464,"ST. CROIX VALLEY DENTAL, PLLC",ST CROIX VALLEY DENTAL,13961 60TH ST. NORTH,55082,651-439-2600,33104
nppes:1013517093|nppes:1104193762,distinct,,0.348,address,nppes,1013517093,"ORTHODONTIC SPECIALISTS OF MINNESOTA, PLLC",THE DENTAL SPECIALIST ORTHODONTICS WOODBURY,10150 CITY WALK DR APT C,55129,651-268-2992,nppes,1104193762,MINNEAPOLIS-ST.PAUL ENDODONTICS,,10150 CITY WALK DR STE C,55129,651-714-7111,0
nppes:1013517093|nppes:1295227247,distinct,,0.362,phone,nppes,1013517093,"ORTHODONTIC SPECIALISTS OF MINNESOTA, PLLC",THE DENTAL SPECIALIST ORTHODONTICS WOODBURY,10150 CITY WALK DR APT C,55129,651-268-2992,nppes,1295227247,"ORTHODONTIC SPECIALISTS OF MINNESOTA, P.L.L.C.",THE DENTAL SPECIALISTS- ORTHODONTICS,8650 HUDSON BLVD N STE 105,55042,651-268-2992,1894
nppes:1013933381-pl1|nppes:1013933381-pl2,review,score,0.750,phone,nppes,1013933381-pl1,SHAKOPEE MDEWAKANTON SIOUX COMMUNITY,SHAKOPEE DAKOTA CLINIC,15000 MYSTIC CENTER DRIVE,55372,952-233-2886,nppes,1013933381-pl2,SHAKOPEE MDEWAKANTON SIOUX COMMUNITY,SHAKOPEE DAKOTA CLINIC,2360 SIOUX TRL NW,55372,952-233-2886,
nppes:1013933381-pl1|nppes:1013933381-pl3,review,score,0.750,phone,nppes,1013933381-pl1,SHAKOPEE MDEWAKANTON SIOUX COMMUNITY,SHAKOPEE DAKOTA CLINIC,15000 MYSTIC CENTER DRIVE,55372,952-233-2886,nppes,1013933381-pl3,SHAKOPEE MDEWAKANTON SIOUX COMMUNITY,SHAKOPEE DAKOTA CLINIC,2705 WOZANI OCANKU NW,55372,952-233-2886,
nppes:1013933381-pl2|nppes:1013933381-pl3,review,score,0.750,phone,nppes,1013933381-pl2,SHAKOPEE MDEWAKANTON SIOUX COMMUNITY,SHAKOPEE DAKOTA CLINIC,2360 SIOUX TRL NW,55372,952-233-2886,nppes,1013933381-pl3,SHAKOPEE MDEWAKANTON SIOUX COMMUNITY,SHAKOPEE DAKOTA CLINIC,2705 WOZANI OCANKU NW,55372,952-233-2886,
nppes:1013933381|nppes:1013933381-pl2,review,same place,0.500,nearby,nppes,1013933381,SHAKOPEE MDEWAKANTON SIOUX COMMUNITY,SHAKOPEE DAKOTA CLINIC,2330 SIOUX TRL NW,55372,952-496-6150,nppes,1013933381-pl2,SHAKOPEE MDEWAKANTON SIOUX COMMUNITY,SHAKOPEE DAKOTA CLINIC,2360 SIOUX TRL NW,55372,952-233-2886,107
nppes:1023127388|nppes:1821079583,review,score,0.689,nearby+phone,nppes,1023127388,G2 SOUTH PLLC,,5846 BLACKSHIRE PATH,55076,651-389-1133,nppes,1821079583,G2 SOUTH,,5846 BLACKSHIRE PATH,55016,651-389-1133,0
nppes:1023143161|nppes:1457393142-pl2,distinct,,0.186,address,nppes,1023143161,DAVID J ELASKY DDS PA,,7600 PARKLAWN STE 101,55435,952-835-6000,nppes,1457393142-pl2,"ALEC H. JARET, DMD, PC",HEALTHDRIVE DENTAL GROUP,7600 FRANCE AVE S STE 1100,55435,888-964-6681,597
nppes:1023143161|nppes:1528558244,distinct,,0.162,address,nppes,1023143161,DAVID J ELASKY DDS PA,,7600 PARKLAWN STE 101,55435,952-835-6000,nppes,1528558244,ON-SITE DENTISTRY,,7600 FRANCE AVE S STE 1100,55435,763-545-7545,597
nppes:1023314564|nppes:1538216411,distinct,,0.290,address,nppes,1023314564,"SMILE DESIGN DENTISTRY, PLLC",,"3475 PLYMOUTH BLVD, 100",55447,763-537-1238,nppes,1538216411,MINNESOTA ORTHODONTICS AND DENTOFACIAL ORTHOPEDICS PA,DR. D. ORTHODONTICS,"3475 PLYMOUTH BLVD, SUITE 300",55447,763-559-0559,0
nppes:1023314564|nppes:1740340561,distinct,,0.278,address,nppes,1023314564,"SMILE DESIGN DENTISTRY, PLLC",,"3475 PLYMOUTH BLVD, 100",55447,763-537-1238,nppes,1740340561,"STEPHEN W. ROBINSON, DDS, PA",,"3475 PLYMOUTH BLVD, SUITE 300",55447,763-546-6700,0
nppes:1023314564|nppes:1982767125,distinct,,0.268,address,nppes,1023314564,"SMILE DESIGN DENTISTRY, PLLC",,"3475 PLYMOUTH BLVD, 100",55447,763-537-1238,nppes,1982767125,JEANNE L BARSS DDS MS PA,JEANNE L BARSS DDS MS,"3475 PLYMOUTH BLVD, ST 200",55447,763-694-6158,0
nppes:1023452638|nppes:1790389005-pl1,distinct,,0.345,address,nppes,1023452638,FOREST LAKE ORTHODONTICS,"TRAVIS W. WILLE, DDS, MS","25 LAKE ST N, SUITE 135",55025,651-464-1151,nppes,1790389005-pl1,ST. CROIX ENDODONTICS,ST. CROIX ENDODONTICS,25 LAKE ST N STE 110,55025,651-464-7388,0
nppes:1023452638|nppes:1952709420,distinct,,0.345,address,nppes,1023452638,FOREST LAKE ORTHODONTICS,"TRAVIS W. WILLE, DDS, MS","25 LAKE ST N, SUITE 135",55025,651-464-1151,nppes,1952709420,ST. CROIX ENDODONTICS,,"25 LAKE ST N, SUITE 110",55025,651-464-7388,0
nppes:1023664935-pl1|nppes:1255974325-pl8,review,keys agree,0.577,address+phone,nppes,1023664935-pl1,"ESTEE WANG, DMD MS, PLLC",LAKES ORTHODONTICS,4535 HODGSON RD STE 700,55126,651-765-1945,nppes,1255974325-pl8,SMILE DOCTORS OF MINNESOTA PC,,4535 HODGSON RD STE 700,55126,651-765-1945,0
nppes:1023664935-pl1|nppes:1760583231,review,score,0.712,address+nearby+phone,nppes,1023664935-pl1,"ESTEE WANG, DMD MS, PLLC",LAKES ORTHODONTICS,4535 HODGSON RD STE 700,55126,651-765-1945,nppes,1760583231,ALAN B MONTGOMERY ORTHODONTICS,,"4535 HODGSON RD, 700",55126,651-765-1945,0
nppes:1023664935|nppes:1245393230,review,score,0.782,address+nearby+phone,nppes,1023664935,"ESTEE WANG, DMD MS, PLLC",LAKES ORTHODONTICS,1668 COPE AVE E,55109,651-777-7300,nppes,1245393230,"LAKES ORTHODONTIC ASSOCIATES, P.A.",,1668 COPE AVE E,55109,651-777-7300,0
nppes:1023664935|nppes:1255974325-pl4,review,keys agree,0.577,address+phone,nppes,1023664935,"ESTEE WANG, DMD MS, PLLC",LAKES ORTHODONTICS,1668 COPE AVE E,55109,651-777-7300,nppes,1255974325-pl4,SMILE DOCTORS OF MINNESOTA PC,,1668 COPE AVE E,55109,651-777-7300,0
nppes:1023664935|osm:node/11472428069,review,same place,0.500,nearby,nppes,1023664935,"ESTEE WANG, DMD MS, PLLC",LAKES ORTHODONTICS,1668 COPE AVE E,55109,651-777-7300,osm,node/11472428069,Lakes Orthodontics,,,,,83
nppes:1023681152-pl1|nppes:1114333986,distinct,,0.271,address,nppes,1023681152-pl1,"ORTHODONTIC PARTNERS OF MINNESOTA, PLLC",DUNN ORTHODONTICS,6936 PINE ARBOR DR S STE 220,55016,651-738-3866,nppes,1114333986,"DRESEN RESTORATIVE DENTISTRY, PA",,"6936 PINE ARBOR DR S, SUITE 210",55016,651-735-1585,0
nppes:1023681152-pl1|nppes:1215673454,distinct,,0.296,address,nppes,1023681152-pl1,"ORTHODONTIC PARTNERS OF MINNESOTA, PLLC",DUNN ORTHODONTICS,6936 PINE ARBOR DR S STE 220,55016,651-738-3866,nppes,1215673454,PROPER SLEEP EAST METRO PLLC,,6936 PINE ARBOR DR S STE 210,55016,651-769-1000,0
nppes:1023681152-pl1|nppes:1720647589,distinct,,0.289,address,nppes,1023681152-pl1,"ORTHODONTIC PARTNERS OF MINNESOTA, PLLC",DUNN ORTHODONTICS,6936 PINE ARBOR DR S STE 220,55016,651-738-3866,nppes,1720647589,LINDGREN DENTAL CARE PLLC,LINDGREN DENTAL CARE,6936 PINE ARBOR DR S STE 210,55016,651-769-1000,0
nppes:1023681152-pl1|osm:node/12029268611,review,same place,0.500,nearby,nppes,1023681152-pl1,"ORTHODONTIC PARTNERS OF MINNESOTA, PLLC",DUNN ORTHODONTICS,6936 PINE ARBOR DR S STE 220,55016,651-738-3866,osm,node/12029268611,Dunn Orthodontics,,,,,65
nppes:1023681152|nppes:1023681152-pl1,review,score,0.750,phone,nppes,1023681152,"ORTHODONTIC PARTNERS OF MINNESOTA, PLLC",DUNN ORTHODONTICS,650 COMMERCE DR STE 170,55125,651-738-3866,nppes,1023681152-pl1,"ORTHODONTIC PARTNERS OF MINNESOTA, PLLC",DUNN ORTHODONTICS,6936 PINE ARBOR DR S STE 220,55016,651-738-3866,
nppes:1023682507|nppes:1295566628,distinct,,0.302,address,nppes,1023682507,"BRILLIANT DENTISTRY, PLLC",,7727 FLYING CLOUD DR,55344,952-944-2052,nppes,1295566628,"BANURU SHETTY DENTAL GROUP, P.L.L.C",,7727 FLYING CLOUD DR,55344,201-336-0434,0
nppes:1033223581|osm:node/8829958521,auto_merge,score,0.850,nearby+phone,nppes,1033223581,WEST RIVER DENTAL CARE,,4103 E LAKE ST,55406,612-721-2424,osm,node/8829958521,West River Dental Care,,,,+1-612-721-2424,27
nppes:1033307046|nppes:1467640029,review,score,0.781,address+nearby+phone,nppes,1033307046,DOORSTEP HEALTHCARE SERVICES,,5861 CEDAR LAKE RD S,55416,763-541-6000,nppes,1467640029,DOORSTEP DENTAL SERVICES,,5861 CEDAR LAKE RD S,55416,763-541-6000,0
nppes:1033307046|nppes:1619089737,distinct,,0.200,phone,nppes,1033307046,DOORSTEP HEALTHCARE SERVICES,,5861 CEDAR LAKE RD S,55416,763-541-6000,nppes,1619089737,STEPHEN G SINYKIN DDS PA,DOORSTEP DENTAL SERVICE,"715 FLORIDA AVE SO., #206",55426,763-541-6000,1120
nppes:1033385653|nppes:1659028801,distinct,,0.299,nearby,nppes,1033385653,ST PAUL DENTAL CENTER LLC,,"30 7TH ST E, SUITE 101",55101,651-227-6646,nppes,1659028801,CAPITOL DENTAL CENTER PLC,,444 CEDAR ST STE 206,55101,651-222-1201,39
nppes:1033392014|nppes:1083331771,review,keys agree,0.561,address+phone,nppes,1033392014,ROBERT K. PETERSON DDS PA,,"7300 FRANCE AVE S, #110",55435,952-831-0414,nppes,1083331771,GEETA SUKHANI PLLC,,7300 FRANCE AVE S STE 110,55435,952-831-0414,0
nppes:1033451349|nppes:1205008661,distinct,,0.393,address+nearby,nppes,1033451349,METROPOLITAN ENDODONTICS LTD.,,"8401 SEASONS PKWY, SUITE 400",55125,651-735-6334,nppes,1205008661,"WOODBURY ENDODONTICS, LLC",,8401 SEASONS PKWY,55125,651-735-6430,0
nppes:1033840160|nppes:1235322504,review,score,0.616,address+phone,nppes,1033840160,"EMERGENCY DENTAL PROFESSIONALS, LLC",EMERGENCY DENTAL PROFESSIONALS,393 DUNLAP ST N STE 308,55104,651-788-7045,nppes,1235322504,OLSON DENTAL ASSOCIATES,,"393 DUNLAP ST N, SUITE 308",55104,651-788-7045,0
nppes:1033840160|nppes:1508594664,distinct,,0.108,phone,nppes,1033840160,"EMERGENCY DENTAL PROFESSIONALS, LLC",EMERGENCY DENTAL PROFESSIONALS,393 DUNLAP ST N STE 308,55104,651-788-7045,nppes,1508594664,"DR. PARK DENTAL OFFICE 1, LLC",CLEAR LAKES DENTAL,1550 WHITE BEAR AVE N,55106,651-788-7045,10502
nppes:1033840160|nppes:1689748295,distinct,,0.258,address,nppes,1033840160,"EMERGENCY DENTAL PROFESSIONALS, LLC",EMERGENCY DENTAL PROFESSIONALS,393 DUNLAP ST N STE 308,55104,651-788-7045,nppes,1689748295,"WAYNEWOOD & ASSOCIATES, P.A.",,393 DUNLAP ST N STE 650,55104,651-647-9697,0
nppes:1043095771|nppes:1457979031,distinct,,0.200,nearby,nppes,1043095771,"ORTHODONTIC PARTNERS OF MINNESOTA, PLLC",PEARSON ORTHODONTICS,7450 FRANCE AVE S STE 270,55435,952-926-2551,nppes,1457979031,CENTENNIAL LAKES ORTHODONTICS PLLC,,7373 FRANCE AVE S STE 400,55435,952-831-1324,97
nppes:1043265481|nppes:1548818560,distinct,,0.308,address,nppes,1043265481,NORTHSTAR DENTAL CLINIC PA,,"675 E NICOLLET BLVD, SUITE 120",55337,952-892-7700,nppes,1548818560,"ORTHODONTIC SPECIALISTS OF MINNESOTA, P.L.L.C.",THE DENTAL SPECIALISTS ORTHODONTICS BURNSVILLE EAST,675 E NICOLLET BLVD STE 120,55337,952-241-5890,0
nppes:1043265481|nppes:1821498858,auto_merge,score,0.950,address+nearby+phone,nppes,1043265481,NORTHSTAR DENTAL CLINIC PA,,"675 E NICOLLET BLVD, SUITE 120",55337,952-892-7700,nppes,1821498858,SARAH L CARLSON DDS PA,NORTHSTAR DENTAL CLINIC,675 E NICOLLET BLVD STE 120,55337,952-892-7700,0
nppes:1043265481|nppes:1841803723-pl1,distinct,,0.293,address,nppes,1043265481,NORTHSTAR DENTAL CLINIC PA,,"675 E NICOLLET BLVD, SUITE 120",55337,952-892-7700,nppes,1841803723-pl1,ALL ABOUT DENTISTRY,,675 E NICOLLET BLVD STE 120,55337,612-843-2951,0
nppes:1043265481|nppes:1891079851,auto_merge,score,0.950,address+nearby+phone,nppes,1043265481,NORTHSTAR DENTAL CLINIC PA,,"675 E NICOLLET BLVD, SUITE 120",55337,952-892-7700,nppes,1891079851,"BURNSVILLE DENTAL, P.A.",NORTHSTAR DENTAL CLINIC,675 E NICOLLET BLVD STE 120,55337,952-892-7700,0
nppes:1043300262|nppes:1982961942,review,same place,0.593,address+nearby,nppes,1043300262,ORTHODONTIC CARE GROUP,ORTHODONTIC CARE SPECIALISTS LTD,14605 GLAZIER AVE. S.,55124,952-432-1103,nppes,1982961942,"ORTHODONTIC CARE SPECIALISTS, PLLC",,14605 GLAZIER AVE,55124,952-891-8635,0
nppes:1043355225|nppes:1164803177,distinct,,0.257,address,nppes,1043355225,MICHAEL J HARRISON DDS PA,,"1421 EAST WAYZATA BLVD, SUITE 320",55391,952-475-2907,nppes,1164803177,FAMILY AND COSMETIC GENTLE DENTISTRY,,"1421 WAYZATA BLVD, SUITE 320",55391,952-224-9774,0
nppes:1043355225|nppes:1720413263,review,keys agree,0.581,address+phone,nppes,1043355225,MICHAEL J HARRISON DDS PA,,"1421 EAST WAYZATA BLVD, SUITE 320",55391,952-475-2907,nppes,1720413263,EXCEL DENTISTRY PLLC,,"1421 WAYZATA BLVD, SUITE 320",55391,952-475-2907,0
nppes:1043355225|nppes:1861507329,distinct,,0.342,address,nppes,1043355225,MICHAEL J HARRISON DDS PA,,"1421 EAST WAYZATA BLVD, SUITE 320",55391,952-475-2907,nppes,1861507329,MARK F SOUERS DDS PA,MARK F SOUERS DDS,"1421 WAYZATA BLVD, SUITE #325",55391,952-476-6655,0
nppes:1043365208|nppes:1407970973,distinct,,0.264,address,nppes,1043365208,"GROUP HEALTH, INC.",HEALTHPARTNERS MAPLEWOOD DENTAL CLINIC,2165 WHITE BEAR AVE N,55109,651-770-8828,nppes,1407970973,OCG LTD,ORTHODONTIC CARE SPECIALISTS,2165 WHITE BEAR AVE N,55109,651-748-0098,0
nppes:1043365992|nppes:1386489318,review,score,0.775,address+nearby+phone,nppes,1043365992,"ARNOLD ORTHODONTICS, PA","THOMAS G. ARNOLD, DDS, MS",10920 175TH CT W,55044,952-892-5300,nppes,1386489318,"DENTALIGN, PA",TC ORTHODONTICS,10920 175TH COURT W,55044,952-892-5300,0
nppes:1043365992|osm:way/1163631265,review,same place,0.591,address+nearby,nppes,1043365992,"ARNOLD ORTHODONTICS, PA","THOMAS G. ARNOLD, DDS, MS",10920 175TH CT W,55044,952-892-5300,osm,way/1163631265,Arnold Orthodontics,,10920 175th Court West,55044,,89
nppes:1043429970|nppes:1073063103,review,same place,0.518,address+nearby,nppes,1043429970,BIRCHWOOD DENTAL OF MINNEAPOLIS,,"825 NICOLLET MALL, 829 MEDICAL ARTS BLDG",55402,612-333-8677,nppes,1073063103,"MINNESOTA DENTAL PROFESSIONALS, P.C.",DENTAL ARTS OF MINNEAPOLIS,"825 NICOLLET MALL, STE 425",55402,612-332-7675,0
nppes:1043429970|nppes:1083676944,distinct,,0.267,address,nppes,1043429970,BIRCHWOOD DENTAL OF MINNEAPOLIS,,"825 NICOLLET MALL, 829 MEDICAL ARTS BLDG",55402,612-333-8677,nppes,1083676944,DANIEL O ODEGAARD DDS PA,,"825 NICOLLET MALL, STE 1001",55402,612-332-2618,0
nppes:1043429970|nppes:1104272939,distinct,,0.267,address,nppes,1043429970,BIRCHWOOD DENTAL OF MINNEAPOLIS,,"825 NICOLLET MALL, 829 MEDICAL ARTS BLDG",55402,612-333-8677,nppes,1104272939,DONALD CLAUSEN DDS MS PA,,"825 NICOLLET MALL, STE 825",55402,612-338-5420,0
nppes:1043429970|nppes:1346649712,distinct,,0.333,address,nppes,1043429970,BIRCHWOOD DENTAL OF MINNEAPOLIS,,"825 NICOLLET MALL, 829 MEDICAL ARTS BLDG",55402,612-333-8677,nppes,1346649712,IVORY DENTAL,,825 NICOLLET MALL STE 505,55402,612-338-8636,0
nppes:1043429970|nppes:1447372859,distinct,,0.313,address,nppes,1043429970,BIRCHWOOD DENTAL OF MINNEAPOLIS,,"825 NICOLLET MALL, 829 MEDICAL ARTS BLDG",55402,612-333-8677,nppes,1447372859,SCOTT R. KOIDAHL DDS PA,DOWNTOWN DENTAL ASSOCIATES,"825 NICOLLET MALL, SUITE 731",55402,612-339-5808,0
nppes:1043429970|nppes:1649867334,distinct,,0.267,address,nppes,1043429970,BIRCHWOOD DENTAL OF MINNEAPOLIS,,"825 NICOLLET MALL, 829 MEDICAL ARTS BLDG",55402,612-333-8677,nppes,1649867334,MSP ORTHODONTICS PLLC,,825 NICOLLET MALL STE 531,55402,612-332-4344,0
nppes:1043429970|nppes:1659039444,distinct,,0.421,address+nearby,nppes,1043429970,BIRCHWOOD DENTAL OF MINNEAPOLIS,,"825 NICOLLET MALL, 829 MEDICAL ARTS BLDG",55402,612-333-8677,nppes,1659039444,MINNEAPOLIS DENTAL PROFESSIONALS LLC,,825 NICOLLET MALL STE 939,55402,612-338-1255,0
nppes:1043429970|nppes:1669199741,distinct,,0.274,address,nppes,1043429970,BIRCHWOOD DENTAL OF MINNEAPOLIS,,"825 NICOLLET MALL, 829 MEDICAL ARTS BLDG",55402,612-333-8677,nppes,1669199741,METROPOLITAN PERIODONTISTS,,"825 NICOLLET MALL, STE. 210",55402,612-332-0869,0
nppes:1043429970|nppes:1821746249,distinct,,0.415,address+nearby,nppes,1043429970,BIRCHWOOD DENTAL OF MINNEAPOLIS,,"825 NICOLLET MALL, 829 MEDICAL ARTS BLDG",55402,612-333-8677,nppes,1821746249,"NORTHLAND DENTAL PARTNERS, PLLC",METRO DENTALCARE DOWNTOWN MINNEAPOLIS,825 NICOLLET MALL STE 1025,55402,612-333-2879,0
nppes:1043429970|nppes:1841656410,distinct,,0.320,address,nppes,1043429970,BIRCHWOOD DENTAL OF MINNEAPOLIS,,"825 NICOLLET MALL, 829 MEDICAL ARTS BLDG",55402,612-333-8677,nppes,1841656410,CITYSCAPE DENTAL PA,,"825 NICOLLET MALL, SUITE# 1921",55402,612-332-5916,0
nppes:1043429970|nppes:1861138133,distinct,,0.276,address,nppes,1043429970,BIRCHWOOD DENTAL OF MINNEAPOLIS,,"825 NICOLLET MALL, 829 MEDICAL ARTS BLDG",55402,612-333-8677,nppes,1861138133,DOWNTOWN PERIODONTICS AND IMPLANT DENTISTRY,,"825 NICOLLET MALL, SUITE 725",55402,612-339-5593,0
nppes:1043429970|nppes:1982775235,distinct,,0.273,address,nppes,1043429970,BIRCHWOOD DENTAL OF MINNEAPOLIS,,"825 NICOLLET MALL, 829 MEDICAL ARTS BLDG",55402,612-333-8677,nppes,1982775235,"METROPOLITAN PERIODONTISTS, P.A.",,"825 NICOLLET MALL, SUITE 210",55402,612-332-0869,0
nppes:1043435951|nppes:1295238178,review,score,0.632,address+phone,nppes,1043435951,"NORTHEAST DENTAL, P.A.",,4520 CENTERVILLE RD,55127,651-426-4799,nppes,1295238178,MODERN DENTAL PROFESSIONALS MINNESOTA PC,MIDWEST DENTAL - WHITE BEAR LAKE,4520 CENTERVILLE RD,55127,651-426-4799,0
nppes:1043471337|nppes:1073862637,distinct,,0.305,address,nppes,1043471337,NICOLLET 38TH ST DENTAL,,17 E 38TH ST,55409,612-825-7835,nppes,1073862637,KINGFIELD FAMILY DENTAL & ASSOCIATES PLLC,,17 E 38TH ST,55409,612-353-5443,0
nppes:1043471337|nppes:1366681082,distinct,,0.327,address,nppes,1043471337,NICOLLET 38TH ST DENTAL,,17 E 38TH ST,55409,612-825-7835,nppes,1366681082,"WAYNEWOOD & ASSOCIATES, P.A.",KINGFIELD FAMILY DENTAL,17 E 38TH ST,55409,612-353-5443,0
nppes:1043642135|nppes:1407923733,distinct,,0.280,address,nppes,1043642135,ST PAUL FAMILY DENTISTRY,,1050 LARPENTEUR AVE W,55113,651-488-5522,nppes,1407923733,TODD A THAYER DDS MS PA,THAYER ORTHODONTICS,1050 LARPEUTEUR AVENUE WEST,55113,651-488-5622,0
nppes:1043642135|osm:node/7147762888,distinct,,0.210,address,nppes,1043642135,ST PAUL FAMILY DENTISTRY,,1050 LARPENTEUR AVE W,55113,651-488-5522,osm,node/7147762888,Thayer Orthodontics,,1050 Larpenteur Avenue West,55113,+1-651-488-5622,71
nppes:1043642135|osm:node/7147762889,auto_merge,score,0.950,address+nearby+phone,nppes,1043642135,ST PAUL FAMILY DENTISTRY,,1050 LARPENTEUR AVE W,55113,651-488-5522,osm,node/7147762889,St. Paul Family Dentistry,,1050 Larpenteur Avenue West,55113,+1-651-488-5522,57
nppes:1043654411|nppes:1073610259,distinct,,0.275,address,nppes,1043654411,WEST ST PAUL FAMILY DENTISTY PLLC,,250 WENTWORTH AVE E,55118,651-455-1577,nppes,1073610259,"LUBOMIR SERAFIMOV DDS , P.A.",,250 WENTWORTH AVE E,55118,651-455-1601,0
nppes:1043715204-pl1|osm:way/918683583,review,same place,0.500,nearby,nppes,1043715204-pl1,"MINNESOTA DENTAL PROFESSIONALS, P.C.",PILOT KNOB DENTAL CARE,16138 PILOT KNOB RD,55044,612-354-8875,osm,way/918683583,Pilot Knob Dental Care,,,,,50
nppes:1043715204|nppes:1043715204-pl1,review,score,0.700,address+nearby,nppes,1043715204,"MINNESOTA DENTAL PROFESSIONALS, P.C.",PILOT KNOB DENTAL CARE,16138 PILOT KNOB RD,55044,952-679-7779,nppes,1043715204-pl1,"MINNESOTA DENTAL PROFESSIONALS, P.C.",PILOT KNOB DENTAL CARE,16138 PILOT KNOB RD,55044,612-354-8875,0
nppes:1043715204|osm:way/918683583,review,same place,0.500,nearby,nppes,1043715204,"MINNESOTA DENTAL PROFESSIONALS, P.C.",PILOT KNOB DENTAL CARE,16138 PILOT KNOB RD,55044,952-679-7779,osm,way/918683583,Pilot Knob Dental Care,,,,,50
nppes:1043807571|nppes:1679794176,review,keys agree,0.521,address+phone,nppes,1043807571,"PDG,P.A.",PARK DENTAL EDINBOROUGH WAY,3300 EDINBOROUGH WAY STE 210,55435,952-831-1112,nppes,1679794176,PAUL S STONE DDS KEITH E JOHNSON DDS AND ASSOCIATES PA,STONE AND JOHNSON DENTAL GROUP,"3300 EDINBOROUGH WAY, SUITE 210",55435,952-831-1112,
nppes:1043955412|nppes:1831528447,review,same place,0.598,address+nearby,nppes,1043955412,CREEKSIDE DENTAL PLLC,,3340 REPUBLIC AVE STE 130,55426,763-442-7624,nppes,1831528447,"PATRICK J. FOY DDS,PA",CREEKSIDE DENTAL,"3340 REPUBLIC AVE, STE 130",55426,952-938-2740,0
nppes:1043955412|osm:way/435068838,review,same place,0.598,address+nearby,nppes,1043955412,CREEKSIDE DENTAL PLLC,,3340 REPUBLIC AVE STE 130,55426,763-442-7624,osm,way/435068838,Creekside Dental,,3340 Republic Avenue,55426,,42
nppes:1043960776|osm:node/14125364900,review,same place,0.275,nearby,nppes,1043960776,"NORTHLAND DENTAL PARTNERS, PLLC",METRO DENTALCARE ROSEVILLE,2690 SNELLING AVE N STE 200,55113,651-633-1834,osm,node/14125364900,Metro Dental Care,,,,,141
nppes:1053127852|nppes:1063887719,distinct,,0.262,address,nppes,1053127852,RONALD H VESCIO DDS,,2677 INNSBRUCK DR STE B,55112,651-631-3777,nppes,1063887719,"PARKSIDE DENTAL, P.C.",,2677 INNSBRUCK DR STE B,55112,612-332-0559,0
nppes:1053481010|nppes:1992083125,review,score,0.748,address+nearby+phone,nppes,1053481010,PRINVEV DENTAL P.A,,4227 WINNETKA AVE N,55428,763-536-1100,nppes,1992083125,"PIONEER DENTAL, P.A.",,4227 WINNETKA AVE N,55428,763-536-1100,0
nppes:1053481010|osm:node/7089810773,distinct,,0.194,nearby,nppes,1053481010,PRINVEV DENTAL P.A,,4227 WINNETKA AVE N,55428,763-536-1100,osm,node/7089810773,Pioneer Dental,,,,,142
nppes:1053602888|nppes:1174294995,auto_merge,score,1.000,address+nearby+phone,nppes,1053602888,APPLE VALLEY FAMILY DENTISTRY,,"7493 147TH ST W, SUITE #100",55124,952-432-7145,nppes,1174294995,"MINNESOTA DENTAL PROFESSIONALS, P.C.",APPLE VALLEY FAMILY DENTISTRY,7493 147TH ST W STE 100,55124,952-432-7145,0
nppes:1053602888|nppes:1528226156,distinct,,0.265,address,nppes,1053602888,APPLE VALLEY FAMILY DENTISTRY,,"7493 147TH ST W, SUITE #100",55124,952-432-7145,nppes,1528226156,ERICKSON/AAMODT ORTHODONTICS PA,,"7493 147TH ST W, SUITE 202",55124,952-431-1111,0
nppes:1053602888|nppes:1770703688,distinct,,0.250,address,nppes,1053602888,APPLE VALLEY FAMILY DENTISTRY,,"7493 147TH ST W, SUITE #100",55124,952-432-7145,nppes,1770703688,"PERIODONTAL CARE, PA",,"7493 147TH ST W, SUITE 105",55124,952-432-0010,0
nppes:1053614867|osm:way/528466500,review,same place,0.497,address+nearby,nppes,1053614867,"LAKEVILLE DENTAL ASSOCIATES, PA",,20171 ICENIC TRL,55044,952-469-3300,osm,way/528466500,Lakeville Dental,,20171 Icenic Trail,55044,,37
nppes:1053685586|nppes:1689722639,review,score,0.831,address+nearby+phone,nppes,1053685586,"ORTHODONTIC SPECIALISTS OF MINNESOTA, PLLC",,"2200 COUNTY ROAD C W, SUITE 2210",55113,651-633-0500,nppes,1689722639,"DENTAL SPECIALISTS OF MINNESOTA, PLLC",,"2200 COUNTY ROAD C W, SUITE 2210",55113,651-633-0500,0
nppes:1053685586|nppes:1851772362,review,score,0.831,address+nearby+phone,nppes,1053685586,"ORTHODONTIC SPECIALISTS OF MINNESOTA, PLLC",,"2200 COUNTY ROAD C W, SUITE 2210",55113,651-633-0500,nppes,1851772362,"DENTAL SPECIALISTS OF MINNESOTA, PLLC",,"2200 COUNTY ROAD C W, SUITE 2210",55113,651-633-0500,0
nppes:1053685586|nppes:1932256344,review,keys agree,0.560,address+phone,nppes,1053685586,"ORTHODONTIC SPECIALISTS OF MINNESOTA, PLLC",,"2200 COUNTY ROAD C W, SUITE 2210",55113,651-633-0500,nppes,1932256344,"PDG,P.A.",PARK DENTAL,"2200 COUNTY ROAD C W, SUITE 2210",55113,651-633-0500,0
nppes:1053791319|nppes:1184701898,distinct,,0.381,phone,nppes,1053791319,LING FAMILY DENTISTRY,,10945 ULYSSES ST NE,55434,763-784-1993,nppes,1184701898,"LING FAMILY DENTISTRY, P.A.",,7766 HIGHWAY 65 NE,55432,763-784-1993,6690
nppes:1053791319|nppes:1982007803,distinct,,0.205,nearby,nppes,1053791319,LING FAMILY DENTISTRY,,10945 ULYSSES ST NE,55434,763-784-1993,nppes,1982007803,"BLAINE DENTISTRY, PC",BLAINE DENTISTRY,"1384 109TH AVE NE, SUITE 200",55434,763-757-6000,123
nppes:1053831941|osm:node/8141725494,review,score,0.656,address+nearby,nppes,1053831941,CHANHASSEN FAMILY DENTISTRY PA,,8116 MALLORY CT,55317,953-443-3368,osm,node/8141725494,Chanhassen Family Dentistry,,8116 Mallory Court,55317,+1-952-443-3368,38
nppes:1063288017|nppes:1255442620,review,score,0.673,nearby+phone,nppes,1063288017,"LAKEVILLE FAMILY DENTAL CENTER, P.L.L.C.",,16372 KENRICK AVE STE 200,55044,952-435-5905,nppes,1255442620,LAKEVILLE FAMILY DENTAL CENTRE PA,,16375 KENRICK AVE STE 200,55044,952-435-5905,131
nppes:1063288017|osm:way/528003975,review,same place,0.528,address+nearby,nppes,1063288017,"LAKEVILLE FAMILY DENTAL CENTER, P.L.L.C.",,16372 KENRICK AVE STE 200,55044,952-435-5905,osm,way/528003975,Lakeville Family Dental Centre,,16372 Kenrick Avenue,55044,,69
nppes:1063512234|nppes:1447350509,auto_merge,score,0.876,address+nearby+phone,nppes,1063512234,"FAMILY PERIODONTIC SPECIALISTS, PLC",METRO DENTALCARE SPECIALTY CENTER RICHFIELD - PERIODONTICS,6601 LYNDALE AVE S STE 220,55423,612-861-9123,nppes,1447350509,"FAMILY ORTHODONTIC SPECIALISTS, PLC",WOODLAKE ORTHODONTICS RICHFIELD,6601 LYNDALE AVE S STE 240,55423,612-861-9123,0
nppes:1063512234|nppes:1518616614,distinct,,0.343,address,nppes,1063512234,"FAMILY PERIODONTIC SPECIALISTS, PLC",METRO DENTALCARE SPECIALTY CENTER RICHFIELD - PERIODONTICS,6601 LYNDALE AVE S STE 220,55423,612-861-9123,nppes,1518616614,"NORTHLAND DENTAL PARTNERS, PLLC",MN DENTALCARE,6601 LYNDALE AVE S STE 230,55423,612-866-1234,0
nppes:1063512234|nppes:1598865651,review,score,0.835,address+nearby+phone,nppes,1063512234,"FAMILY PERIODONTIC SPECIALISTS, PLC",METRO DENTALCARE SPECIALTY CENTER RICHFIELD - PERIODONTICS,6601 LYNDALE AVE S STE 220,55423,612-861-9123,nppes,1598865651,FAMILY ORAL SURGERY SPECIALISTS PLC,METRO DENTALCARE SPECIALTY CENTER RICHFIELD - ORAL SURGERY,6601 LYNDALE AVE S STE 230,55423,612-861-9123,0
nppes:1063512234|nppes:1639815434,review,same place,0.426,nearby,nppes,1063512234,"FAMILY PERIODONTIC SPECIALISTS, PLC",METRO DENTALCARE SPECIALTY CENTER RICHFIELD - PERIODONTICS,6601 LYNDALE AVE S STE 220,55423,612-861-9123,nppes,1639815434,FAMILY ORTHODONTIC SPECIALISTS PLC,WOODLAKE ORTHODONTICS RICHFIELD,6602 LYNDALE AVE S STE 230A,55423,612-869-8834,13
nppes:1063512234|nppes:1679673867,review,same place,0.585,address+nearby,nppes,1063512234,"FAMILY PERIODONTIC SPECIALISTS, PLC",METRO DENTALCARE SPECIALTY CENTER RICHFIELD - PERIODONTICS,6601 LYNDALE AVE S STE 220,55423,612-861-9123,nppes,1679673867,FAMILY ENDODONTIC SPECIALISTS PLC,METRO DENTALCARE RICHFIELD,6601 LYNDALE AVE S STE 220A,55423,612-866-1234,0
nppes:1063512234|nppes:1720188998,review,score,0.687,address+nearby+phone,nppes,1063512234,"FAMILY PERIODONTIC SPECIALISTS, PLC",METRO DENTALCARE SPECIALTY CENTER RICHFIELD - PERIODONTICS,6601 LYNDALE AVE S STE 220,55423,612-861-9123,nppes,1720188998,"METRO DENTALCARE, PLC",,"6601 LYNDALE AVE S, SUITE 220",55423,612-861-9123,0
nppes:1063512234|nppes:1861140501,review,score,0.619,address+nearby,nppes,1063512234,"FAMILY PERIODONTIC SPECIALISTS, PLC",METRO DENTALCARE SPECIALTY CENTER RICHFIELD - PERIODONTICS,6601 LYNDALE AVE S STE 220,55423,612-861-9123,nppes,1861140501,FAMILY ENDODONTIC SPECIALISTS PLC,METRO DENTALCARE SPECIALTY CENTER RICHFIELD - ENDODONTICS,6601 LYNDALE AVE S STE 230A,55423,612-638-1206,0
nppes:1063768687|nppes:1245973817,review,score,0.748,address+nearby+phone,nppes,1063768687,BLAINE DENTAL LLC DBA PRO DENTAL,,"10210 BALTIMORE ST NE, SUITE 100",55449,763-231-2050,nppes,1245973817,DENTAL MANAGEMENT PARTNERS LLC,PRO DENTAL,10210 BALTIMORE ST NE STE 100,55449,763-231-2050,0
nppes:1063856359|nppes:1417399965,distinct,,0.384,address,nppes,1063856359,LAM FAMILY DENTISTRY,,28 NATHAN LN N,55441,763-544-0270,nppes,1417399965,WILLOW GROVE FAMILY DENTAL,,28 NATHAN LN N,55441,763-544-5555,0
nppes:1063887719|nppes:1083791362,distinct,,0.049,phone,nppes,1063887719,"PARKSIDE DENTAL, P.C.",,2677 INNSBRUCK DR STE B,55112,612-332-0559,nppes,1083791362,DRS ERICKSON & LANDE PA,,"825 SO 8TH ST, SUITE 1216",55404,612-332-0559,11236
nppes:1063887719|osm:node/11944869727,distinct,,0.188,nearby,nppes,1063887719,"PARKSIDE DENTAL, P.C.",,2677 INNSBRUCK DR STE B,55112,612-332-0559,osm,node/11944869727,Crescent Dental,,"2611 Innsbruck Drive, Suite A",55112,+1-763-571-4837,60
nppes:1073063103|nppes:1083676944,distinct,,0.269,address,nppes,1073063103,"MINNESOTA DENTAL PROFESSIONALS, P.C.",DENTAL ARTS OF MINNEAPOLIS,"825 NICOLLET MALL, STE 425",55402,612-332-7675,nppes,1083676944,DANIEL O ODEGAARD DDS PA,,"825 NICOLLET MALL, STE 1001",55402,612-332-2618,0
nppes:1073063103|nppes:1104272939,distinct,,0.302,address,nppes,1073063103,"MINNESOTA DENTAL PROFESSIONALS, P.C.",DENTAL ARTS OF MINNEAPOLIS,"825 NICOLLET MALL, STE 425",55402,612-332-7675,nppes,1104272939,DONALD CLAUSEN DDS MS PA,,"825 NICOLLET MALL, STE 825",55402,612-338-5420,0
nppes:1073063103|nppes:1346649712,distinct,,0.345,address,nppes,1073063103,"MINNESOTA DENTAL PROFESSIONALS, P.C.",DENTAL ARTS OF MINNEAPOLIS,"825 NICOLLET MALL, STE 425",55402,612-332-7675,nppes,1346649712,IVORY DENTAL,,825 NICOLLET MALL STE 505,55402,612-338-8636,0
nppes:1073063103|nppes:1447372859,distinct,,0.332,address,nppes,1073063103,"MINNESOTA DENTAL PROFESSIONALS, P.C.",DENTAL ARTS OF MINNEAPOLIS,"825 NICOLLET MALL, STE 425",55402,612-332-7675,nppes,1447372859,SCOTT R. KOIDAHL DDS PA,DOWNTOWN DENTAL ASSOCIATES,"825 NICOLLET MALL, SUITE 731",55402,612-339-5808,0
nppes:1073063103|nppes:1649867334,distinct,,0.269,address,nppes,1073063103,"MINNESOTA DENTAL PROFESSIONALS, P.C.",DENTAL ARTS OF MINNEAPOLIS,"825 NICOLLET MALL, STE 425",55402,612-332-7675,nppes,1649867334,MSP ORTHODONTICS PLLC,,825 NICOLLET MALL STE 531,55402,612-332-4344,0
nppes:1073063103|nppes:1659039444,review,same place,0.510,address+nearby,nppes,1073063103,"MINNESOTA DENTAL PROFESSIONALS, P.C.",DENTAL ARTS OF MINNEAPOLIS,"825 NICOLLET MALL, STE 425",55402,612-332-7675,nppes,1659039444,MINNEAPOLIS DENTAL PROFESSIONALS LLC,,825 NICOLLET MALL STE 939,55402,612-338-1255,0
nppes:1073063103|nppes:1669199741,distinct,,0.286,address,nppes,1073063103,"MINNESOTA DENTAL PROFESSIONALS, P.C.",DENTAL ARTS OF MINNEAPOLIS,"825 NICOLLET MALL, STE 425",55402,612-332-7675,nppes,1669199741,METROPOLITAN PERIODONTISTS,,"825 NICOLLET MALL, STE. 210",55402,612-332-0869,0
nppes:1073063103|nppes:1821746249,distinct,,0.434,address+nearby,nppes,1073063103,"MINNESOTA DENTAL PROFESSIONALS, P.C.",DENTAL ARTS OF MINNEAPOLIS,"825 NICOLLET MALL, STE 425",55402,612-332-7675,nppes,1821746249,"NORTHLAND DENTAL PARTNERS, PLLC",METRO DENTALCARE DOWNTOWN MINNEAPOLIS,825 NICOLLET MALL STE 1025,55402,612-333-2879,0
nppes:1073063103|nppes:1841656410,distinct,,0.340,address,nppes,1073063103,"MINNESOTA DENTAL PROFESSIONALS, P.C.",DENTAL ARTS OF MINNEAPOLIS,"825 NICOLLET MALL, STE 425",55402,612-332-7675,nppes,1841656410,CITYSCAPE DENTAL PA,,"825 NICOLLET MALL, SUITE# 1921",55402,612-332-5916,0
nppes:1073063103|nppes:1861138133,distinct,,0.286,address,nppes,1073063103,"MINNESOTA DENTAL PROFESSIONALS, P.C.",DENTAL ARTS OF MINNEAPOLIS,"825 NICOLLET MALL, STE 425",55402,612-332-7675,nppes,1861138133,DOWNTOWN PERIODONTICS AND IMPLANT DENTISTRY,,"825 NICOLLET MALL, SUITE 725",55402,612-339-5593,0
nppes:1073063103|nppes:1982775235,distinct,,0.293,address,nppes,1073063103,"MINNESOTA DENTAL PROFESSIONALS, P.C.",DENTAL ARTS OF MINNEAPOLIS,"825 NICOLLET MALL, STE 425",55402,612-332-7675,nppes,1982775235,"METROPOLITAN PERIODONTISTS, P.A.",,"825 NICOLLET MALL, SUITE 210",55402,612-332-0869,0
nppes:1073327995|nppes:1861463465,auto_merge,score,0.933,address+nearby+phone,nppes,1073327995,BBCCS PLLC,CREEKVIEW DENTAL,2145 WOODLANE DR STE 104,55125,651-738-8204,nppes,1861463465,CREEKVIEW DENTAL PA,,"2145 WOODLANE DR, SUITE 104",55125,651-738-8204,0
nppes:1073461810|nppes:1376222547,review,same place,0.596,address+nearby,nppes,1073461810,"TWIN CITIES CHILDREN'S ANESTHESIA DENTISTRY, PLLC",,1997 SLOAN PL STE 30,55117,651-383-3333,nppes,1376222547,TWIN CITIES CHILDREN'S GENERAL ANESTHESIA DENTISTRY,,1997 SLOAN PL,55117,301-494-3000,0
nppes:1073662292|osm:node/4621509971,review,keys agree,0.572,address+phone,nppes,1073662292,BARRY D GERST DDS PA,,2701 NICOLLET AVE,55408,612-874-7674,osm,node/4621509971,"Eat Street Dental, PLLC",,2701 Nicollet Avenue,55408,+1-612-874-7674,20
nppes:1073667051|nppes:1316538101-pl1,review,score,0.700,address+nearby,nppes,1073667051,"GROUP HEALTH, INC.",HEALTHPARTNERS BROOKLYN CENTER DENTAL CLINIC,5901 JOHN MARTIN DR,55430,763-566-3770,nppes,1316538101-pl1,"GROUP HEALTH, INC.",HEALTHPARTNERS PEDIATRIC DENTAL,5901 JOHN MARTIN DR,55430,763-585-8700,0
nppes:1073668877|nppes:1316538101-pl3,distinct,,0.450,phone,nppes,1073668877,"GROUP HEALTH, INC.",HEALTHPARTNERS APPLE VALLEY DENTAL CLINIC,15350 ENGLISH AVE,55124,952-431-8583,nppes,1316538101-pl3,"GROUP HEALTH, INC.",HEALTHPARTNERS PEDIATRIC DENTAL,15290 PENNOCK LN,55124,952-431-8583,3588
nppes:1073787669|nppes:1831857788,review,score,0.771,address+nearby+phone,nppes,1073787669,SEDATION & IMPLANT DENTISTRY,,1815 SUBURBAN AVE,55119,651-735-4661,nppes,1831857788,SEDATION AND IMPLANT DENSTISTRY - DR ANDERSON AND DR YANG PLLC,,1815 SUBURBAN AVE STE 200,55119,651-735-4661,0
nppes:1073789913|nppes:1235008343,distinct,,0.299,address,nppes,1073789913,EXCEL DENTISTRY,,"8001 HIGHWAY 7, SUITE 100",55426,952-746-3233,nppes,1235008343,ST. LOUIS PARK DENTAL PLLC,,"8001 MN-7, SUITE 300",55426,952-920-4060,0
nppes:1073789913|nppes:1396914685,distinct,,0.274,address,nppes,1073789913,EXCEL DENTISTRY,,"8001 HIGHWAY 7, SUITE 100",55426,952-746-3233,nppes,1396914685,"MICHAEL J NELSON D.D.S., PA",,"8001 HIGHWAY 7, #300",55426,952-920-4060,0
nppes:1073789913|osm:way/974484284,review,score,0.650,address+nearby,nppes,1073789913,EXCEL DENTISTRY,,"8001 HIGHWAY 7, SUITE 100",55426,952-746-3233,osm,way/974484284,Excel Dentistry,,8001 State Highway 7 Service Road,55426,,73
nppes:1073862637|nppes:1366681082,review,score,0.820,address+nearby+phone,nppes,1073862637,KINGFIELD FAMILY DENTAL & ASSOCIATES PLLC,,17 E 38TH ST,55409,612-353-5443,nppes,1366681082,"WAYNEWOOD & ASSOCIATES, P.A.",KINGFIELD FAMILY DENTAL,17 E 38TH ST,55409,612-353-5443,0
nppes:1073862819|nppes:1265589642,distinct,,0.260,address,nppes,1073862819,KENNETH B WEDDELL PLLC,,8900 PENN AVE S STE 211,55431,952-884-7706,nppes,1265589642,KUIPERS ORTHODONTICS,,"8900 PENN AVE S, SUITE 216",55431,952-884-9161,0
nppes:1073862819|nppes:1528150877,distinct,,0.306,address,nppes,1073862819,KENNETH B WEDDELL PLLC,,8900 PENN AVE S STE 211,55431,952-884-7706,nppes,1528150877,MALLINGER DENTAL PLLC,,"8900 PENN AVE SO, SUITE 100",55431,952-881-1154,0
nppes:1073862819|nppes:1548430101,review,keys agree,0.560,address+phone,nppes,1073862819,KENNETH B WEDDELL PLLC,,8900 PENN AVE S STE 211,55431,952-884-7706,nppes,1548430101,"RICHARD C. RENDER, D.D.S., P.A.",,"8900 PENN AVE S, SUITE 307",55431,952-884-7706,0
nppes:1073862819|nppes:1639214547,distinct,,0.260,address,nppes,1073862819,KENNETH B WEDDELL PLLC,,8900 PENN AVE S STE 211,55431,952-884-7706,nppes,1639214547,DR RICHARD E BRIMACOMB,,"8900 PENN AVE S, #112",55431,952-888-1311,0
nppes:1073862819|nppes:1679705404,distinct,,0.273,address,nppes,1073862819,KENNETH B WEDDELL PLLC,,8900 PENN AVE S STE 211,55431,952-884-7706,nppes,1679705404,ROY KRENGEL DDS PA,,"8900 PENN AVE S, SUITE #112",55431,952-888-1311,0
nppes:1073862819|nppes:1740455773,distinct,,0.311,address,nppes,1073862819,KENNETH B WEDDELL PLLC,,8900 PENN AVE S STE 211,55431,952-884-7706,nppes,1740455773,BISMILLAH DENTAL CARE PLLC,,"8900 PENN AVE S, SUITE 202",55431,952-888-1861,0
nppes:1073953832|nppes:1154926939,review,score,0.712,address+nearby+phone,nppes,1073953832,EAGAN VALLEY DENTAL CENTER,,14050 PILOT KNOB RD,55124,952-423-4414,nppes,1154926939,"MINNESOTA DENTAL PROFESSIONALS, P.C.",MOSAIC DENTAL-APPLE VALLEY,14050 PILOT KNOB RD STE 108,55124,952-423-4414,0
nppes:1073970273|nppes:1417447210-pl1,distinct,,0.274,address,nppes,1073970273,SAINT ANTHONY PARK DENTAL CARE PLLC,,2278 COMO AVE,55108,651-644-3685,nppes,1417447210-pl1,HIBERNATION SLEEP MN LLC,,2278 COMO AVE,55108,651-888-4680,0
nppes:1073970273|osm:way/157489492,distinct,,0.254,nearby,nppes,1073970273,SAINT ANTHONY PARK DENTAL CARE PLLC,,2278 COMO AVE,55108,651-644-3685,osm,way/157489492,Park Dental,,2282 Como Avenue,55108,+1-651-646-1123,21
nppes:1073970273|osm:way/157489499,review,score,0.649,address+nearby,nppes,1073970273,SAINT ANTHONY PARK DENTAL CARE PLLC,,2278 COMO AVE,55108,651-644-3685,osm,way/157489499,Saint Anthony Park Dental Care,,2278 Como Avenue,55108,+1-651-644-9216,20
nppes:1083357727|nppes:1518081082,review,score,0.820,address+nearby+phone,nppes,1083357727,"FAMILY ORTHODONTIC SPECIALISTS, PLC",WOODLAKE ORTHODONTICS MAPLE GROVE,13784 83RD WAY N,55369,763-494-6612,nppes,1518081082,OCG LTD,ORTHODONTIC CARE SPECIALISTS,13784 83RD WAY N,55369,763-494-6612,0
nppes:1083676944|nppes:1104272939,distinct,,0.329,address,nppes,1083676944,DANIEL O ODEGAARD DDS PA,,"825 NICOLLET MALL, STE 1001",55402,612-332-2618,nppes,1104272939,DONALD CLAUSEN DDS MS PA,,"825 NICOLLET MALL, STE 825",55402,612-338-5420,0
nppes:1083676944|nppes:1346649712,distinct,,0.263,address,nppes,1083676944,DANIEL O ODEGAARD DDS PA,,"825 NICOLLET MALL, STE 1001",55402,612-332-2618,nppes,1346649712,IVORY DENTAL,,825 NICOLLET MALL STE 505,55402,612-338-8636,0
nppes:1083676944|nppes:1447372859,distinct,,0.331,address,nppes,1083676944,DANIEL O ODEGAARD DDS PA,,"825 NICOLLET MALL, STE 1001",55402,612-332-2618,nppes,1447372859,SCOTT R. KOIDAHL DDS PA,DOWNTOWN DENTAL ASSOCIATES,"825 NICOLLET MALL, SUITE 731",55402,612-339-5808,0
nppes:1083676944|nppes:1649867334,distinct,,0.271,address,nppes,1083676944,DANIEL O ODEGAARD DDS PA,,"825 NICOLLET MALL, STE 1001",55402,612-332-2618,nppes,1649867334,MSP ORTHODONTICS PLLC,,825 NICOLLET MALL STE 531,55402,612-332-4344,0
nppes:1083676944|nppes:1659039444,distinct,,0.266,address,nppes,1083676944,DANIEL O ODEGAARD DDS PA,,"825 NICOLLET MALL, STE 1001",55402,612-332-2618,nppes,1659039444,MINNEAPOLIS DENTAL PROFESSIONALS LLC,,825 NICOLLET MALL STE 939,55402,612-338-1255,0
nppes:1083676944|nppes:1669199741,distinct,,0.259,address,nppes,1083676944,DANIEL O ODEGAARD DDS PA,,"825 NICOLLET MALL, STE 1001",55402,612-332-2618,nppes,1669199741,METROPOLITAN PERIODONTISTS,,"825 NICOLLET MALL, STE. 210",55402,612-332-0869,0
nppes:1083676944|nppes:1821746249,distinct,,0.277,address,nppes,1083676944,DANIEL O ODEGAARD DDS PA,,"825 NICOLLET MALL, STE 1001",55402,612-332-2618,nppes,1821746249,"NORTHLAND DENTAL PARTNERS, PLLC",METRO DENTALCARE DOWNTOWN MINNEAPOLIS,825 NICOLLET MALL STE 1025,55402,612-333-2879,0
nppes:1083676944|nppes:1841656410,distinct,,0.296,address,nppes,1083676944,DANIEL O ODEGAARD DDS PA,,"825 NICOLLET MALL, STE 1001",55402,612-332-2618,nppes,1841656410,CITYSCAPE DENTAL PA,,"825 NICOLLET MALL, SUITE# 1921",55402,612-332-5916,0
nppes:1083676944|nppes:1861138133,distinct,,0.265,address,nppes,1083676944,DANIEL O ODEGAARD DDS PA,,"825 NICOLLET MALL, STE 1001",55402,612-332-2618,nppes,1861138133,DOWNTOWN PERIODONTICS AND IMPLANT DENTISTRY,,"825 NICOLLET MALL, SUITE 725",55402,612-339-5593,0
nppes:1083676944|nppes:1982775235,distinct,,0.259,address,nppes,1083676944,DANIEL O ODEGAARD DDS PA,,"825 NICOLLET MALL, STE 1001",55402,612-332-2618,nppes,1982775235,"METROPOLITAN PERIODONTISTS, P.A.",,"825 NICOLLET MALL, SUITE 210",55402,612-332-0869,0
nppes:1083772669|nppes:1134547730,distinct,,0.264,address,nppes,1083772669,"PDG,P.A.",PARK DENTAL,"6545 FRANCE AVE S, SUITE 390",55435,952-926-3534,nppes,1134547730,"SOUTHDALE PERIODONTICS, PLLC",,"6545 FRANCE AVE S, SUITE 190",55435,952-922-6949,0
nppes:1083772669|nppes:1164546040,distinct,,0.314,address,nppes,1083772669,"PDG,P.A.",PARK DENTAL,"6545 FRANCE AVE S, SUITE 390",55435,952-926-3534,nppes,1164546040,"COSMETIC, FAMILY & SPORTS DENTISTRY, PA",,"6545 FRANCE AVE S, SUITE 585",55435,952-922-9119,0
nppes:1083772669|nppes:1194328914,distinct,,0.370,address,nppes,1083772669,"PDG,P.A.",PARK DENTAL,"6545 FRANCE AVE S, SUITE 390",55435,952-926-3534,nppes,1194328914,"MAGNOLIA DENTAL CARE, PLLC",,6545 FRANCE AVE S STE 270,55435,952-927-7744,0
nppes:1083772669|nppes:1326044538,distinct,,0.266,address,nppes,1083772669,"PDG,P.A.",PARK DENTAL,"6545 FRANCE AVE S, SUITE 390",55435,952-926-3534,nppes,1326044538,SOUTHDALE PERIODONTICS,,"6545 FRANCE AVE S, STE 190",55435,952-922-6949,0
nppes:1083772669|nppes:1376619114,distinct,,0.363,address,nppes,1083772669,"PDG,P.A.",PARK DENTAL,"6545 FRANCE AVE S, SUITE 390",55435,952-926-3534,nppes,1376619114,"DENTAL SPECIALISTS OF MINNESOTA, PLLC",THE DENTAL SPECIALISTS,"6545 FRANCE AVE S, SUITE 366",55435,952-929-4319,0
nppes:1083772669|nppes:1407008477,distinct,,0.273,address,nppes,1083772669,"PDG,P.A.",PARK DENTAL,"6545 FRANCE AVE S, SUITE 390",55435,952-926-3534,nppes,1407008477,DYLLA-JENSEN PERIODONTICS PLLC,,6545 FRANCE AVE S,55435,952-922-6949,0
nppes:1083772669|nppes:1417581240,distinct,,0.325,address,nppes,1083772669,"PDG,P.A.",PARK DENTAL,"6545 FRANCE AVE S, SUITE 390",55435,952-926-3534,nppes,1417581240,ELEGANT DENTISTRY PPLC,,6545 FRANCE AVE S STE 681,55435,612-800-8008,0
nppes:1083772669|nppes:1457411753,distinct,,0.290,address,nppes,1083772669,"PDG,P.A.",PARK DENTAL,"6545 FRANCE AVE S, SUITE 390",55435,952-926-3534,nppes,1457411753,JEROME E. EUTENEUER DDS PA,,"6545 FRANCE AVE S, SUITE 270",55435,952-927-7744,0
nppes:1083772669|nppes:1700589264,distinct,,0.300,address,nppes,1083772669,"PDG,P.A.",PARK DENTAL,"6545 FRANCE AVE S, SUITE 390",55435,952-926-3534,nppes,1700589264,ADVANCED RECONSTRUCTIVE DENTISTRY PLLC,,6545 FRANCE AVE S STE 680,55435,952-922-5326,0
nppes:1083772669|nppes:1710080809,distinct,,0.275,address,nppes,1083772669,"PDG,P.A.",PARK DENTAL,"6545 FRANCE AVE S, SUITE 390",55435,952-926-3534,nppes,1710080809,ENDODONTIC SPECIALISTS PA,,"6545 FRANCE AVE S, SUITE #665",55435,952-927-8694,0
nppes:1083772669|nppes:1821362302,distinct,,0.327,address,nppes,1083772669,"PDG,P.A.",PARK DENTAL,"6545 FRANCE AVE S, SUITE 390",55435,952-926-3534,nppes,1821362302,"ORTHODONTIC SPECIALISTS OF MINNESOTA, P.L.L.C.",THE DENTAL SPECIALISTS - ORTHODONTICS,"6545 FRANCE AVE S, SUITE 381",55435,952-926-7766,0
nppes:1083772669|nppes:1881312676,distinct,,0.286,address,nppes,1083772669,"PDG,P.A.",PARK DENTAL,"6545 FRANCE AVE S, SUITE 390",55435,952-926-3534,nppes,1881312676,"MARIE JOYCELYN LUA, DMD, MS, PA",,6545 FRANCE AVE S STE 680,55435,952-920-7482,0
nppes:1083789929|nppes:1992706550,distinct,,0.304,address,nppes,1083789929,EDINA 5-O DENTAL PA,DREW F SPENCER DDS,"3948 W 50TH ST, SUITE 205",55424,952-922-8111,nppes,1992706550,HEIDI M BRANDENBURG DDS PA,,"3948 W 50TH ST, STE 201",55424,952-722-8787,0
nppes:1083789929|osm:node/12139088878,review,score,0.725,address+nearby+phone,nppes,1083789929,EDINA 5-O DENTAL PA,DREW F SPENCER DDS,"3948 W 50TH ST, SUITE 205",55424,952-922-8111,osm,node/12139088878,Hälsa Edina Dental,,"3948 West 50th Street, Suite 205",55424,+1-952-922-8111,132
nppes:1083789929|osm:node/12139088880,review,same place,0.284,nearby,nppes,1083789929,EDINA 5-O DENTAL PA,DREW F SPENCER DDS,"3948 W 50TH ST, SUITE 205",55424,952-922-8111,osm,node/12139088880,Edina Dental Care,,,,,78
nppes:1083789929|osm:node/12139116012,distinct,,0.250,address,nppes,1083789929,EDINA 5-O DENTAL PA,DREW F SPENCER DDS,"3948 W 50TH ST, SUITE 205",55424,952-922-8111,osm,node/12139116012,"Heidi Brandenburg, DDS",,"3948 West 50th Street, Suite 201",55424,+1-952-900-2077,140
nppes:1083849558|nppes:1891402517,distinct,,0.234,address,nppes,1083849558,"SCOTT A. ARMSTRONG, D.D.S.",,"4001 STINSON BLVD, SUITE 420",55421,612-788-5151,nppes,1891402517,"FORBES DENTAL CARE, P.A.",,"4001 STINSON BLVD N.E, FORBES DENTAL CARE, P.A., SUITE #426",55421,612-788-0751,202
nppes:1093261190|nppes:1225629017-pl1,auto_merge,score,1.000,address+nearby+phone,nppes,1093261190,"GROUP HEALTH, INC.",,8515 EAGLE POINT BLVD,55042,651-523-9950,nppes,1225629017-pl1,"GROUP HEALTH, INC.",HEALTHPARTNERS SPECIALTY DENTAL,8515 EAGLE POINT BLVD STE 200,55042,651-523-9950,0
nppes:1093261190|nppes:1316538101-pl2,auto_merge,score,1.000,address+nearby+phone,nppes,1093261190,"GROUP HEALTH, INC.",,8515 EAGLE POINT BLVD,55042,651-523-9950,nppes,1316538101-pl2,"GROUP HEALTH, INC.",HEALTHPARTNERS PEDIATRIC DENTAL,8515 EAGLE POINT BLVD STE 200,55042,651-523-9950,0
nppes:1093442048|nppes:1306424197,distinct,,0.288,address,nppes,1093442048,WANG PERIODONTICS PLLC,MAPLE GROVE PERIODONTICS AND IMPLANT DENTISTRY,12000 ELM CREEK BLVD N STE 320,55369,763-420-0200,nppes,1306424197,"MINNESOTA DENTAL PROFESSIONALS, P.C.",ARBOR LAKES DENTAL,12000 ELM CREEK BLVD N STE 230,55369,763-251-5280,0
nppes:1093442048|nppes:1891295861,auto_merge,score,1.000,address+nearby+phone,nppes,1093442048,WANG PERIODONTICS PLLC,MAPLE GROVE PERIODONTICS AND IMPLANT DENTISTRY,12000 ELM CREEK BLVD N STE 320,55369,763-420-0200,nppes,1891295861,MAPLE GROVE PERIODONTICS AND IMPLANT DENTISTRY,,12000 ELM CREEK BLVD N,55369,763-420-0200,0
nppes:1093442048|nppes:1922181197,distinct,,0.368,address,nppes,1093442048,WANG PERIODONTICS PLLC,MAPLE GROVE PERIODONTICS AND IMPLANT DENTISTRY,12000 ELM CREEK BLVD N STE 320,55369,763-420-0200,nppes,1922181197,"MAPLE GROVE FAMILY DENTAL CLINIC, PA",,"12000 ELM CREEK BLVD N, SUITE #220",55369,763-420-4421,0
nppes:1093445082|osm:node/7202107156,auto_merge,score,1.000,address+nearby+phone,nppes,1093445082,THE DENTAL CLINIC,,1932 UNIVERSITY AVE W,55104,612-444-1949,osm,node/7202107156,The Dental Clinic,,1932 University Avenue,55104,+1-612-444-1949,22
nppes:1093468852|nppes:1194949511,review,score,0.635,address+phone,nppes,1093468852,"UNIVERSITY AVE DENTAL, PLLC",,10155 UNIVERSITY AVE NE STE 112,55434,763-784-1242,nppes,1194949511,DON BLAKESLEE DDS PA,BLAKESLEE DENTAL,"10155 UNIVERSITY AVE NE, STE 112",55434,763-784-1242,0
nppes:1093828261|nppes:1932206539,distinct,,0.261,address,nppes,1093828261,LOWRY HILL DENTAL CLINIC PATRICK J PROCHASKA DDS ET.AL PARTNERS,LOWRY HILL DENTAL CLINIC,"1516 W LAKE ST, SUITE 302",55408,612-822-1484,nppes,1932206539,UPTOWN SMILE LLC,UPTOWN SMILE,"1516 W LAKE ST, SUITE 302",55408,612-822-4184,0
nppes:1093842841|nppes:1659543320,auto_merge,score,1.000,address+nearby+phone,nppes,1093842841,PEIXIN LIU DDS,FAMILY DENTAL CARE,"2407 109TH AVENUE, SUITE 240",55449,763-783-8200,nppes,1659543320,PEIXIN LIU DDS,FAMILY DENTAL CARE,"2407 109TH AVENUE, SUITE 240",55449,763-783-8200,0
nppes:1093908360|nppes:1538577341,distinct,,0.272,phone,nppes,1093908360,ENDODONTIC PROFESSIONALS PA PLYMOUTH ENDODONTICS,,3401 HWY 169 N,55441,763-559-0859,nppes,1538577341,ENDODONTIC PROFESSIONALS PA - ST ANTHONY ENDODONTICS,,3905 SILVER LAKE RD NE,55421,763-559-0859,14580
nppes:1093997546|osm:node/1719957678,review,score,0.700,address+nearby+phone,nppes,1093997546,"FAMILY & COSMETIC GENTLE DENTISTRY, LTD",,1340 DUCKWOOD DR,55123,651-209-9999,osm,node/1719957678,Gentle Dentistry,,1340 Duckwood Drive,55123,+1 651-209-9999,81
nppes:1104156405|nppes:1821243858,distinct,,0.268,address,nppes,1104156405,RELAXATION DENTISTRY,,"1475 WHITE OAK DR, 200",55318,952-351-8282,nppes,1821243858,CHASKA ORTHODONTIC SPECIALISTS,,1475 WHITE OAK DR,55318,952-361-5550,0
nppes:1104249259|nppes:1376687103,auto_merge,score,1.000,address+nearby+phone,nppes,1104249259,CAMPODONICO FAMILY & COSMETIC DENTISTRY PC,ARDEN DENTAL ASSOCIATES,"11806 ABERDEEN ST NE, SUITE 150",55449,763-786-1545,nppes,1376687103,KILLIAN & MILNAR DENTISTRY PLLC,ARDEN DENTAL ASSOCIATES,"11806 ABERDEEN ST NE, SUITE 150",55449,763-786-1545,0
nppes:1104249259|nppes:1538220207,review,same place,0.421,nearby,nppes,1104249259,CAMPODONICO FAMILY & COSMETIC DENTISTRY PC,ARDEN DENTAL ASSOCIATES,"11806 ABERDEEN ST NE, SUITE 150",55449,763-786-1545,nppes,1538220207,ABERDEEN DENTAL ASSOCIATES,,"11800 ABERDEEN ST NE, SUITE 110",55449,763-786-4280,16
nppes:1104249259|nppes:1801910377,distinct,,0.309,address,nppes,1104249259,CAMPODONICO FAMILY & COSMETIC DENTISTRY PC,ARDEN DENTAL ASSOCIATES,"11806 ABERDEEN ST NE, SUITE 150",55449,763-786-1545,nppes,1801910377,ORTHODONTIC CARE GROUP,ORTHODONTIC CARE SPECIALISTS,11806 ABERDEEN ST NE,55449,763-757-2550,0
nppes:1104249259|nppes:1952997421,review,same place,0.421,nearby,nppes,1104249259,CAMPODONICO FAMILY & COSMETIC DENTISTRY PC,ARDEN DENTAL ASSOCIATES,"11806 ABERDEEN ST NE, SUITE 150",55449,763-786-1545,nppes,1952997421,"NODLANDMONDRY, P.L.L.C.",ABERDEEN DENTAL ASSOCIATES,11800 ABERDEEN ST NE STE 110,55449,402-560-8346,16
nppes:1104272939|nppes:1346649712,distinct,,0.263,address,nppes,1104272939,DONALD CLAUSEN DDS MS PA,,"825 NICOLLET MALL, STE 825",55402,612-338-5420,nppes,1346649712,IVORY DENTAL,,825 NICOLLET MALL STE 505,55402,612-338-8636,0
nppes:1104272939|nppes:1447372859,distinct,,0.329,address,nppes,1104272939,DONALD CLAUSEN DDS MS PA,,"825 NICOLLET MALL, STE 825",55402,612-338-5420,nppes,1447372859,SCOTT R. KOIDAHL DDS PA,DOWNTOWN DENTAL ASSOCIATES,"825 NICOLLET MALL, SUITE 731",55402,612-339-5808,0
nppes:1104272939|nppes:1649867334,distinct,,0.293,address,nppes,1104272939,DONALD CLAUSEN DDS MS PA,,"825 NICOLLET MALL, STE 825",55402,612-338-5420,nppes,1649867334,MSP ORTHODONTICS PLLC,,825 NICOLLET MALL STE 531,55402,612-332-4344,0
nppes:1104272939|nppes:1659039444,distinct,,0.290,address,nppes,1104272939,DONALD CLAUSEN DDS MS PA,,"825 NICOLLET MALL, STE 825",55402,612-338-5420,nppes,1659039444,MINNEAPOLIS DENTAL PROFESSIONALS LLC,,825 NICOLLET MALL STE 939,55402,612-338-1255,0
nppes:1104272939|nppes:1669199741,distinct,,0.278,address,nppes,1104272939,DONALD CLAUSEN DDS MS PA,,"825 NICOLLET MALL, STE 825",55402,612-338-5420,nppes,1669199741,METROPOLITAN PERIODONTISTS,,"825 NICOLLET MALL, STE. 210",55402,612-332-0869,0
nppes:1104272939|nppes:1821746249,distinct,,0.276,address,nppes,1104272939,DONALD CLAUSEN DDS MS PA,,"825 NICOLLET MALL, STE 825",55402,612-338-5420,nppes,1821746249,"NORTHLAND DENTAL PARTNERS, PLLC",METRO DENTALCARE DOWNTOWN MINNEAPOLIS,825 NICOLLET MALL STE 1025,55402,612-333-2879,0
nppes:1104272939|nppes:1841656410,distinct,,0.308,address,nppes,1104272939,DONALD CLAUSEN DDS MS PA,,"825 NICOLLET MALL, STE 825",55402,612-338-5420,nppes,1841656410,CITYSCAPE DENTAL PA,,"825 NICOLLET MALL, SUITE# 1921",55402,612-332-5916,0
nppes:1104272939|nppes:1861138133,distinct,,0.280,address,nppes,1104272939,DONALD CLAUSEN DDS MS PA,,"825 NICOLLET MALL, STE 825",55402,612-338-5420,nppes,1861138133,DOWNTOWN PERIODONTICS AND IMPLANT DENTISTRY,,"825 NICOLLET MALL, SUITE 725",55402,612-339-5593,0
nppes:1104272939|nppes:1982775235,distinct,,0.276,address,nppes,1104272939,DONALD CLAUSEN DDS MS PA,,"825 NICOLLET MALL, STE 825",55402,612-338-5420,nppes,1982775235,"METROPOLITAN PERIODONTISTS, P.A.",,"825 NICOLLET MALL, SUITE 210",55402,612-332-0869,0
nppes:1104569839|nppes:1801043096,review,score,0.669,address+phone,nppes,1104569839,FAMILY ORTHODONTIC SPECIALISTS PLC,WOODLAKE ORTHODONTICS ST LOUIS PARK,4959 EXCELSIOR BLVD STE 200,55416,952-920-8774,nppes,1801043096,"NORTHLAND DENTAL PARTNERS, PLLC",METRO DENTALCARE ST. LOUIS PARK,4959 EXCELSIOR BLVD STE 200,55416,952-920-8774,0
nppes:1104569839|osm:node/6611097224,review,same place,0.320,nearby,nppes,1104569839,FAMILY ORTHODONTIC SPECIALISTS PLC,WOODLAKE ORTHODONTICS ST LOUIS PARK,4959 EXCELSIOR BLVD STE 200,55416,952-920-8774,osm,node/6611097224,Orthodontic Care Specialists,,,,+1-952-920-1373,102
nppes:1104569839|osm:node/6611097229,distinct,,0.500,address+phone,nppes,1104569839,FAMILY ORTHODONTIC SPECIALISTS PLC,WOODLAKE ORTHODONTICS ST LOUIS PARK,4959 EXCELSIOR BLVD STE 200,55416,952-920-8774,osm,node/6611097229,Metro Dentalcare,,"4959 Excelsior Boulevard, 200",55416,+1-952-920-8774,109
nppes:1104977222|osm:node/3215276672,review,same place,0.507,address+nearby,nppes,1104977222,MINNEHAHA FALL FAMILY DENTAL,JAKUBAS DENTAL,4554 MINNEHAHA AVE,55406,612-721-3012,osm,node/3215276672,Jakubas Dental Clinic,,4554 Minnehaha Avenue,55406,,61
nppes:1104985456|nppes:1407325830,distinct,,0.308,address,nppes,1104985456,"PDG, P.A.",PARK DENTAL,"1835 CTY RD C-WEST, SUITE 220",55113,651-636-2123,nppes,1407325830,FACIAL PAIN CENTER PLLC,,1835 COUNTY ROAD C W STE 200,55113,651-636-2016,0
nppes:1104985456|nppes:1780750539,distinct,,0.363,address,nppes,1104985456,"PDG, P.A.",PARK DENTAL,"1835 CTY RD C-WEST, SUITE 220",55113,651-636-2123,nppes,1780750539,"DENTAL SPECIALISTS OF MINNESOTA, PLLC",THE DENTAL SPECIALISTS,"1835 COUNTY ROAD C-WEST, SUITE 200",55113,651-796-0193,0
nppes:1114072071|nppes:1679697148,distinct,,0.329,address,nppes,1114072071,"GROUP HEALTH, INC.",HEALTHPARTNERS ARDEN HILLS DENTAL CLINIC,3930 NORTHWOODS DR,55112,651-490-6775,nppes,1679697148,ORTHODONTIC CARE GROUP,ORTHODONTIC CARE SPECIALISTS,3930 NORTHWOODS DR,55112,651-490-6732,0
nppes:1114207362|osm:node/11852879266,review,score,0.700,address+nearby,nppes,1114207362,"TRANQUILITY DENTAL, P.A.",TRANQUILITY DENTAL,"7415 WAYZATA BLVD, STE 201",55426,952-334-3304,osm,node/11852879266,Tranquility Dental,,"7415 Wayzata Boulevard, 201",55426,,14
nppes:1114324951|nppes:1295858991,auto_merge,score,0.985,address+nearby+phone,nppes,1114324951,DENTAL ASSOCIATES OF ST. PAUL PA,,1790 7TH ST E,55119,651-735-0595,nppes,1295858991,"DENTAL DELIVERY SYSTEMS ST PAUL, PA",DENTAL ASSOCIATES OF ST. PAUL,1790 7TH STREET E.,55119,651-735-0595,0
nppes:1114324951|nppes:1619688751,review,score,0.719,address+nearby+phone,nppes,1114324951,DENTAL ASSOCIATES OF ST. PAUL PA,,1790 7TH ST E,55119,651-735-0595,nppes,1619688751,DENTAL DELIVERY SYSTEMS OF ST. PAUL LLC,,1790 7TH ST E,55119,651-735-0595,0
nppes:1114324951|osm:way/1474171336,review,score,0.835,nearby+phone,nppes,1114324951,DENTAL ASSOCIATES OF ST. PAUL PA,,1790 7TH ST E,55119,651-735-0595,osm,way/1474171336,Dental Associates of St Paul,,1790 7th Street East,55106,+1 651 735 0595,22
nppes:1114333986|nppes:1215673454,distinct,,0.258,address,nppes,1114333986,"DRESEN RESTORATIVE DENTISTRY, PA",,"6936 PINE ARBOR DR S, SUITE 210",55016,651-735-1585,nppes,1215673454,PROPER SLEEP EAST METRO PLLC,,6936 PINE ARBOR DR S STE 210,55016,651-769-1000,0
nppes:1114333986|nppes:1720647589,distinct,,0.304,address,nppes,1114333986,"DRESEN RESTORATIVE DENTISTRY, PA",,"6936 PINE ARBOR DR S, SUITE 210",55016,651-735-1585,nppes,1720647589,LINDGREN DENTAL CARE PLLC,LINDGREN DENTAL CARE,6936 PINE ARBOR DR S STE 210,55016,651-769-1000,0
nppes:1114360492|osm:way/605053952,review,score,0.616,nearby+phone,nppes,1114360492,INSIDE EDGE DENTAL PLLC,EAST DENTAL,1346 PAYNE AVE,55130,651-774-6085,osm,way/605053952,East Dental Family Dentistry,,1346 Payne Avenue,,+1 651-774-6085,15
nppes:1114514205|nppes:1780236539,distinct,,0.276,address,nppes,1114514205,CAROUSEL PEDIATRIC DENTISTRY PLLC,,15160 FOLIAGE AVE STE 110,55124,952-715-6177,nppes,1780236539,MODERN CARE ENDODONTICS OF APPLE VALLEY,,15160 FOLIAGE AVE STE 100,55124,952-920-4400,0
nppes:1114522992|nppes:1902146335,review,score,0.708,address+nearby+phone,nppes,1114522992,"MINNESOTA DENTAL PROFESSIONALS, P.C.",MOSAIC DENTAL-EAGAN,4555 ERIN DR STE 180,55122,651-681-9044,nppes,1902146335,EAGAN VALLEY DENTAL CENTER P.A.,,4555 ERIN DR,55122,651-681-9044,0
nppes:1114634086|nppes:1407536196,distinct,,0.313,address,nppes,1114634086,KEY FAMILY DENTAL CENTER PLLC,,"1099 HELMO AVE. N., SUITE 200",55128,651-770-9174,nppes,1407536196,MNPL02 PLLC,,1099 HELMO AVE N STE 110,55128,651-372-3300,0
nppes:1114634086|nppes:1598967382,distinct,,0.274,address,nppes,1114634086,KEY FAMILY DENTAL CENTER PLLC,,"1099 HELMO AVE. N., SUITE 200",55128,651-770-9174,nppes,1598967382,PETERS ORTHODONTIC SPECIALISTS,DR. NICOLE PETERS ORTHODONTICS,1099 HELMO AVE N STE 200,55128,651-578-8401,0
nppes:1114781739|osm:node/13967989885,review,score,0.600,address,nppes,1114781739,"MINNESOTA DENTAL PROFESSIONALS, P.C.",BLUE HERON DENTAL CARE,601 APOLLO DR STE 110,55014,763-542-3765,osm,node/13967989885,Blue Heron Dental Care,,601 Apollo Drive,55014,+17633733214,
nppes:1124192208|nppes:1134507718,review,keys agree,0.577,address+phone,nppes,1124192208,"CITY OF LAKES DENTAL, P.A.",,5524 NICOLLET AVE,55419,612-823-1816,nppes,1134507718,DJCM PLLC,,5524 NICOLLET AVE,55419,612-823-1816,0
nppes:1124192208|nppes:1720772791,review,score,0.672,address+phone,nppes,1124192208,"CITY OF LAKES DENTAL, P.A.",,5524 NICOLLET AVE,55419,612-823-1816,nppes,1720772791,TAXPAYER NAME: MORGANDIA D.C./DOING BUSINESS AS CITY IF LAKES DENTAL,,5524 NICOLLET AVE.,55419,612-823-1816,0
nppes:1124207899|nppes:1194053173,review,keys agree,0.566,address+phone,nppes,1124207899,"BRUCE A. BAKER, D.D.S., P.A.",,1405 78TH ST,55386,952-443-2994,nppes,1194053173,MODERN DENTAL PROFESSIONALS MINNESOTA PC,MIDWEST DENTAL,1405 78TH ST,55386,952-443-2994,0
nppes:1124230800|nppes:1265535868,distinct,,0.281,address,nppes,1124230800,MATTHEW P DALE DDS PA,,13998 MAPLE KNOLL WAY # LL103,55369,763-425-2072,nppes,1265535868,KOTTEMANN ORTHODONTICS PA,,"13998 MAPLE KNOLL WAY, SUITE 102",55369,763-420-6834,0
nppes:1124262514|nppes:1356977136,auto_merge,score,1.000,address+nearby+phone,nppes,1124262514,LINO LAKES FAMILY DENTISTRY,,591 APOLLO DR,55014,651-786-7630,nppes,1356977136,"CHARYL WEINGARTEN, D.D.S., P.L.L.C",LINO LAKES FAMILY DENTISTRY,591 APOLLO DR,55014,651-786-7630,0
nppes:1124284732|nppes:1558848119-pl1,distinct,,0.322,address,nppes,1124284732,ADVANCIA DENTAL,,"1625 RADIO DR, SUITE 170",55125,651-207-9660,nppes,1558848119-pl1,"CAITLIN HEMMERICH, DDS, PA",RIDGE PERIODONTICS & DENTAL IMPLANTS,1625 RADIO DR STE 210,55125,651-738-9050,0
nppes:1124411772|nppes:1710321930,review,score,0.647,address+phone,nppes,1124411772,AHMED SALAD ASSOCIATES,SIGNAL HILL DENTAL,"1200 S ROBERT ST, SUITE C",55118,651-340-9151,nppes,1710321930,BRITE DENTAL WEST ST PAUL PC,,"1200 ROBERT ST S, SUITE C",55118,651-340-9151,0
nppes:1124411772|nppes:1841803723,distinct,,0.320,address,nppes,1124411772,AHMED SALAD ASSOCIATES,SIGNAL HILL DENTAL,"1200 S ROBERT ST, SUITE C",55118,651-340-9151,nppes,1841803723,ALL ABOUT DENTISTRY,,1200 ROBERT ST S STE C,55118,952-564-0339,0
nppes:1134446370|nppes:1255249470,distinct,,0.257,address,nppes,1134446370,BRITE DENTAL MINNESOTA P.C.,,334 EAST LAKE ST.,55408,708-439-4655,nppes,1255249470,WHAT IF I AM A SURROGATE OF THE ORGANIZATION,,334 E LAKE ST STE 104,55408,612-910-1131,0
nppes:1134446370|nppes:1528805553,distinct,,0.338,address,nppes,1134446370,BRITE DENTAL MINNESOTA P.C.,,334 EAST LAKE ST.,55408,708-439-4655,nppes,1528805553,PROACTIVE HEALTHCARE EDUCATION CENTER,PROACTIVE DENTAL CLINIC CORP,334 E LAKE ST STE 105,55408,310-883-8932,0
nppes:1134446370|osm:node/7170492212,distinct,,0.247,nearby,nppes,1134446370,BRITE DENTAL MINNESOTA P.C.,,334 EAST LAKE ST.,55408,708-439-4655,osm,node/7170492212,Brite Dental Center,,,,+1-612-886-3238,65
nppes:1134507718|nppes:1720772791,review,keys agree,0.556,address+phone,nppes,1134507718,DJCM PLLC,,5524 NICOLLET AVE,55419,612-823-1816,nppes,1720772791,TAXPAYER NAME: MORGANDIA D.C./DOING BUSINESS AS CITY IF LAKES DENTAL,,5524 NICOLLET AVE.,55419,612-823-1816,0
nppes:1134547730|nppes:1164546040,distinct,,0.281,address,nppes,1134547730,"SOUTHDALE PERIODONTICS, PLLC",,"6545 FRANCE AVE S, SUITE 190",55435,952-922-6949,nppes,1164546040,"COSMETIC, FAMILY & SPORTS DENTISTRY, PA",,"6545 FRANCE AVE S, SUITE 585",55435,952-922-9119,0
nppes:1134547730|nppes:1194328914,distinct,,0.297,address,nppes,1134547730,"SOUTHDALE PERIODONTICS, PLLC",,"6545 FRANCE AVE S, SUITE 190",55435,952-922-6949,nppes,1194328914,"MAGNOLIA DENTAL CARE, PLLC",,6545 FRANCE AVE S STE 270,55435,952-927-7744,0
nppes:1134547730|nppes:1326044538,auto_merge,score,0.933,address+nearby+phone,nppes,1134547730,"SOUTHDALE PERIODONTICS, PLLC",,"6545 FRANCE AVE S, SUITE 190",55435,952-922-6949,nppes,1326044538,SOUTHDALE PERIODONTICS,,"6545 FRANCE AVE S, STE 190",55435,952-922-6949,0
nppes:1134547730|nppes:1376619114,distinct,,0.297,address,nppes,1134547730,"SOUTHDALE PERIODONTICS, PLLC",,"6545 FRANCE AVE S, SUITE 190",55435,952-922-6949,nppes,1376619114,"DENTAL SPECIALISTS OF MINNESOTA, PLLC",THE DENTAL SPECIALISTS,"6545 FRANCE AVE S, SUITE 366",55435,952-929-4319,0
nppes:1134547730|nppes:1407008477,review,score,0.741,address+nearby+phone,nppes,1134547730,"SOUTHDALE PERIODONTICS, PLLC",,"6545 FRANCE AVE S, SUITE 190",55435,952-922-6949,nppes,1407008477,DYLLA-JENSEN PERIODONTICS PLLC,,6545 FRANCE AVE S,55435,952-922-6949,0
nppes:1134547730|nppes:1417581240,distinct,,0.279,address,nppes,1134547730,"SOUTHDALE PERIODONTICS, PLLC",,"6545 FRANCE AVE S, SUITE 190",55435,952-922-6949,nppes,1417581240,ELEGANT DENTISTRY PPLC,,6545 FRANCE AVE S STE 681,55435,612-800-8008,0
nppes:1134547730|nppes:1457411753,distinct,,0.259,address,nppes,1134547730,"SOUTHDALE PERIODONTICS, PLLC",,"6545 FRANCE AVE S, SUITE 190",55435,952-922-6949,nppes,1457411753,JEROME E. EUTENEUER DDS PA,,"6545 FRANCE AVE S, SUITE 270",55435,952-927-7744,0
nppes:1134547730|nppes:1700589264,distinct,,0.296,address,nppes,1134547730,"SOUTHDALE PERIODONTICS, PLLC",,"6545 FRANCE AVE S, SUITE 190",55435,952-922-6949,nppes,1700589264,ADVANCED RECONSTRUCTIVE DENTISTRY PLLC,,6545 FRANCE AVE S STE 680,55435,952-922-5326,0
nppes:1134547730|nppes:1710080809,distinct,,0.318,address,nppes,1134547730,"SOUTHDALE PERIODONTICS, PLLC",,"6545 FRANCE AVE S, SUITE 190",55435,952-922-6949,nppes,1710080809,ENDODONTIC SPECIALISTS PA,,"6545 FRANCE AVE S, SUITE #665",55435,952-927-8694,0
nppes:1134547730|nppes:1821362302,distinct,,0.315,address,nppes,1134547730,"SOUTHDALE PERIODONTICS, PLLC",,"6545 FRANCE AVE S, SUITE 190",55435,952-922-6949,nppes,1821362302,"ORTHODONTIC SPECIALISTS OF MINNESOTA, P.L.L.C.",THE DENTAL SPECIALISTS - ORTHODONTICS,"6545 FRANCE AVE S, SUITE 381",55435,952-926-7766,0
nppes:1134547730|nppes:1881312676,distinct,,0.258,address,nppes,1134547730,"SOUTHDALE PERIODONTICS, PLLC",,"6545 FRANCE AVE S, SUITE 190",55435,952-922-6949,nppes,1881312676,"MARIE JOYCELYN LUA, DMD, MS, PA",,6545 FRANCE AVE S STE 680,55435,952-920-7482,0
nppes:1134862865|nppes:1194474593,review,same place,0.576,address+nearby,nppes,1134862865,FAMILY ORTHODONTIC SPECIALISTS PLC,WOODLAKE ORTHODONTICS MIDWAY - ST. PAUL,1375 SAINT ANTHONY AVE,55104,651-286-8153,nppes,1194474593,"FAMILY PERIODONTIC SPECIALISTS, PLC",METRO DENTALCARE ST. PAUL MIDWAY - PERIODONTICS,1375 SAINT ANTHONY AVE,55104,651-645-4671,0
nppes:1134862865|nppes:1558010967,review,score,0.800,address+nearby+phone,nppes,1134862865,FAMILY ORTHODONTIC SPECIALISTS PLC,WOODLAKE ORTHODONTICS MIDWAY - ST. PAUL,1375 SAINT ANTHONY AVE,55104,651-286-8153,nppes,1558010967,FAMILY ORAL SURGERY SPECIALISTS PLC,METRO DENTALCARE ST. PAUL MIDWAY - ORAL SURGERY,1375 SAINT ANTHONY AVE,55104,651-286-8153,0
nppes:1134862865|nppes:1669817557,review,score,0.839,address+nearby+phone,nppes,1134862865,FAMILY ORTHODONTIC SPECIALISTS PLC,WOODLAKE ORTHODONTICS MIDWAY - ST. PAUL,1375 SAINT ANTHONY AVE,55104,651-286-8153,nppes,1669817557,"ORTHODONTIC CARE SPECIALISTS, PLLC",ORTHODONTIC CARE SPECIALISTS,1375 SAINT ANTHONY AVE,55104,651-286-8153,0
nppes:1134862865|nppes:1730837105,distinct,,0.377,address,nppes,1134862865,FAMILY ORTHODONTIC SPECIALISTS PLC,WOODLAKE ORTHODONTICS MIDWAY - ST. PAUL,1375 SAINT ANTHONY AVE,55104,651-286-8153,nppes,1730837105,"NORTHLAND DENTAL PARTNERS, PLLC",METRO DENTALCARE ST. PAUL MIDWAY,1375 SAINT ANTHONY AVE,55104,651-645-4671,0
nppes:1144353780|osm:way/528914212,review,score,0.650,address+nearby,nppes,1144353780,EAGAN FAMILY DENTISTRY,,4178 KNOB DR STE C,55122,651-452-4317,osm,way/528914212,Eagan Family Dentistry,,4178 Knob Drive,55122,,80
nppes:1144632993|nppes:1730247180,distinct,,0.300,phone,nppes,1144632993,CASEY LUKE NEWTON,,13911 RIDGEDALE DR,55305,952-545-8603,nppes,1730247180,"PDG,P.A.",PARK DENTAL,13059 RIDGEDALE DR,55305,952-545-8603,995
nppes:1144656059|nppes:1225104458,distinct,,0.274,address,nppes,1144656059,BURNSVILLE ORTHODONTIC ASSOCIATES PLLC,EKIM ORTHODONTICS,"625 E NICOLLET BLVD, SUITE 300",55337,952-435-0350,nppes,1225104458,"OAK RIDGE DENTAL, LLC",,"625 E NICOLLET BLVD, SUITE 310",55337,952-435-0355,0
nppes:1144656059|nppes:1396340642,distinct,,0.351,address,nppes,1144656059,BURNSVILLE ORTHODONTIC ASSOCIATES PLLC,EKIM ORTHODONTICS,"625 E NICOLLET BLVD, SUITE 300",55337,952-435-0350,nppes,1396340642,"MINNESOTA DENTAL PROFESSIONALS, P.C.",MOSAIC DENTAL-BURNSVILLE/RIDGES,625 E NICOLLET BLVD STE 201,55337,952-435-0300,0
nppes:1144656059|nppes:1407945199,distinct,,0.342,address,nppes,1144656059,BURNSVILLE ORTHODONTIC ASSOCIATES PLLC,EKIM ORTHODONTICS,"625 E NICOLLET BLVD, SUITE 300",55337,952-435-0350,nppes,1407945199,"METROPOLITAN ENDODONTICS, LTD.",,"625 E NICOLLET BLVD, SUITE 340",55337,952-435-0370,0
nppes:1144656059|nppes:1548818560,distinct,,0.202,nearby,nppes,1144656059,BURNSVILLE ORTHODONTIC ASSOCIATES PLLC,EKIM ORTHODONTICS,"625 E NICOLLET BLVD, SUITE 300",55337,952-435-0350,nppes,1548818560,"ORTHODONTIC SPECIALISTS OF MINNESOTA, P.L.L.C.",THE DENTAL SPECIALISTS ORTHODONTICS BURNSVILLE EAST,675 E NICOLLET BLVD STE 120,55337,952-241-5890,66
nppes:1144696063|nppes:1760667091,review,score,0.700,address+nearby,nppes,1144696063,SAWYER DENTAL LLC,MENDOTA DENTAL ASSOCIATES,"720 MAIN ST, SUITE 213",55118,651-209-9219,nppes,1760667091,MENDOTA DENTAL ASSOCIATES,,"720 MAIN ST, SUITE 213",55118,651-454-1502,0
nppes:1144717299|nppes:1619781770,auto_merge,score,1.000,address+nearby+phone,nppes,1144717299,"GREAT ODENS, LLC",RIVERBEND FAMILY DENTAL,241 CLEVELAND AVE S STE D,55105,651-699-3212,nppes,1619781770,RIVERBEND FAMILY DENTAL,,241 CLEVELAND AVE S STE D1,55105,651-699-3212,0
nppes:1144717299|osm:node/1696599650,review,score,0.670,nearby+phone,nppes,1144717299,"GREAT ODENS, LLC",RIVERBEND FAMILY DENTAL,241 CLEVELAND AVE S STE D,55105,651-699-3212,osm,node/1696599650,Riverbed Family Dentist,,,,+1 651-699-3212,27
nppes:1144978560|nppes:1285774398,review,score,0.635,address+phone,nppes,1144978560,"NORTHLAND DENTAL PARTNERS, PLLC",METRO DENTALCARE BLAINE PHEASANT RIDGE,4255 PHEASANT RIDGE DR NE STE 407,55449,763-225-6100,nppes,1285774398,ASSOCIATED DENTAL,ASSURE DENTAL,"4255 PHEASANT RIDGE DR NE, SUITE 407",55449,763-225-6100,0
nppes:1154568293|nppes:1649597204,distinct,,0.262,address,nppes,1154568293,DULAC DENTAL LTD,,6550 YORK AVE S STE 202,55435,952-925-2176,nppes,1649597204,DRS WILLIAMS & WIMMER DDS PA,,"6550 YORK AVE S, SUITE 315",55435,952-929-3368,0
nppes:1154568293|nppes:1811058746,review,score,0.654,address+phone,nppes,1154568293,DULAC DENTAL LTD,,6550 YORK AVE S STE 202,55435,952-925-2176,nppes,1811058746,JEROME DULAC DDS,,"6550 YORK AVE S, #202",55435,952-925-2176,0
nppes:1154568293|nppes:1831309152,distinct,,0.262,address,nppes,1154568293,DULAC DENTAL LTD,,6550 YORK AVE S STE 202,55435,952-925-2176,nppes,1831309152,NEIL C BONSTROM DDS PA,,"6550 YORK AVE S, STE 302",55435,952-920-0863,0
nppes:1154763688|nppes:1831665603,review,keys agree,0.517,address+phone,nppes,1154763688,"ALL ABOUT SMILES, INC",,1611 COUNTY HIGHWAY 10,55432,763-717-3989,nppes,1831665603,WHITE SMILES FAMILY DENTISTRY PLLC,,1611 COUNTY HWY 10,55432,763-717-3989,
nppes:1154971380-pl1|nppes:1235429267,review,score,0.679,address+phone,nppes,1154971380-pl1,GENTLE DENTISTRY OF BLOOMINGTON PLLC,,1714 COPE AVE E,55109,651-770-0055,nppes,1235429267,"FAMILY & COSMETIC GENTLE DENTISTRY, LTD",,1714 COPE AVE E,55109,651-770-0055,0
nppes:1154971380|nppes:1598413916,distinct,,0.397,address+nearby,nppes,1154971380,GENTLE DENTISTRY OF BLOOMINGTON PLLC,,10611 FRANCE AVE S STE 201,55431,952-881-8404,nppes,1598413916,"NORTHLAND DENTAL PARTNERS, PLLC",METRO DENTALCARE BLOOMINGTON,10611 FRANCE AVE S STE 200,55431,952-888-4125,0
nppes:1154971380|nppes:1710344494,review,same place,0.280,nearby,nppes,1154971380,GENTLE DENTISTRY OF BLOOMINGTON PLLC,,10611 FRANCE AVE S STE 201,55431,952-881-8404,nppes,1710344494,"BLOOMINGTON SMILES DENTISTRY, PC",BLOOMINGTON SMILES DENITSTRY,"10700 FRANCE AVENUE, SUITE 102",55437,952-679-3531,134
nppes:1154971380|nppes:1821145723,review,score,0.667,address+phone,nppes,1154971380,GENTLE DENTISTRY OF BLOOMINGTON PLLC,,10611 FRANCE AVE S STE 201,55431,952-881-8404,nppes,1821145723,"POINT FAMILY DENTISTRY, LLC",,"10611 FRANCE AVE S, SUITE 201",55431,952-881-8404,0
nppes:1154971380|nppes:1942668702,review,score,0.653,address+phone,nppes,1154971380,GENTLE DENTISTRY OF BLOOMINGTON PLLC,,10611 FRANCE AVE S STE 201,55431,952-881-8404,nppes,1942668702,POINT FAMILY DENTISTRY,,10611 FRANCE AVE S STE 201,55431,952-881-8404,0
nppes:1154972909|nppes:1225229503,auto_merge,score,1.000,address+nearby+phone,nppes,1154972909,"MINNESOTA DENTAL PROFESSIONALS, P.C.",RAMSEY DENTAL CENTER,15243 NOWTHEN BLVD NW,55303,763-421-2660,nppes,1225229503,"ROGER E AUSTIN, DDS, PA",RAMSEY DENTAL CENTER,15243 NOWTHEN BLVD NW,55303,763-421-2660,0
nppes:1154972909|osm:way/1202670640,review,score,0.650,address+nearby,nppes,1154972909,"MINNESOTA DENTAL PROFESSIONALS, P.C.",RAMSEY DENTAL CENTER,15243 NOWTHEN BLVD NW,55303,763-421-2660,osm,way/1202670640,Ramsey Dental Center,,15243 Nowthen Boulevard Northwest,55303,,87
nppes:1154989507|osm:node/11988975533,review,same place,0.379,nearby,nppes,1154989507,RED OAK FAMILY DENTAL,,9939 HUDSON BLVD N # 107,55042,651-300-2334,osm,node/11988975533,Red Oak Family Dentist,,"9931 Hudson Boulevard North, 107",,,124
nppes:1164040457|nppes:1508476482,distinct,,0.259,nearby,nppes,1164040457,COLBY ORTHODONTICS LLC,,9TH ST. AND NICOLLET AVE. SUITE 531,55402,612-332-4344,nppes,1508476482,SENSATIONAL SMILES,MUVE ORTHODONTICS,950 NICOLLET MALL STE 220,55403,612-271-0773,62
nppes:1164040457|nppes:1649867334,review,same place,0.575,nearby+phone,nppes,1164040457,COLBY ORTHODONTICS LLC,,9TH ST. AND NICOLLET AVE. SUITE 531,55402,612-332-4344,nppes,1649867334,MSP ORTHODONTICS PLLC,,825 NICOLLET MALL STE 531,55402,612-332-4344,93
nppes:1164165890|nppes:1942958301,distinct,,0.334,address,nppes,1164165890,FAMILY ORTHODONTIC SPECIALISTS PLC,WOODLAKE ORTHODONTICS SHAKOPEE,1759 17TH AVE E,55379,952-746-8996,nppes,1942958301,"NORTHLAND DENTAL PARTNERS, PLLC",METRO DENTALCARE SHAKOPEE,1759 17TH AVE E,55379,952-496-2385,0
nppes:1164165890|nppes:1982728333,distinct,,0.270,phone,nppes,1164165890,FAMILY ORTHODONTIC SPECIALISTS PLC,WOODLAKE ORTHODONTICS SHAKOPEE,1759 17TH AVE E,55379,952-746-8996,nppes,1982728333,ORTHODONTIC CARE GROUP,ORTHODONTIC CARE SPECIALISTS,1275 RAMSEY ST,55379,952-746-8996,1435
nppes:1164165890|osm:node/9018998040,distinct,,0.200,address,nppes,1164165890,FAMILY ORTHODONTIC SPECIALISTS PLC,WOODLAKE ORTHODONTICS SHAKOPEE,1759 17TH AVE E,55379,952-746-8996,osm,node/9018998040,Metro Dentalcare,,1759 17th Avenue East,55379,+1-952-496-2385,132
nppes:1164474003|osm:way/1220338509,auto_merge,score,0.876,address+nearby+phone,nppes,1164474003,ROBBINSDALE DENTALCARE PA,,3920 W BROADWAY AVE,55422,763-535-5555,osm,way/1220338509,Robbinsdale Dental Care,,3920 West Broadway Avenue,55422,+1-763-535-5555,30
nppes:1164546040|nppes:1194328914,distinct,,0.298,address,nppes,1164546040,"COSMETIC, FAMILY & SPORTS DENTISTRY, PA",,"6545 FRANCE AVE S, SUITE 585",55435,952-922-9119,nppes,1194328914,"MAGNOLIA DENTAL CARE, PLLC",,6545 FRANCE AVE S STE 270,55435,952-927-7744,0
nppes:1164546040|nppes:1326044538,distinct,,0.283,address,nppes,1164546040,"COSMETIC, FAMILY & SPORTS DENTISTRY, PA",,"6545 FRANCE AVE S, SUITE 585",55435,952-922-9119,nppes,1326044538,SOUTHDALE PERIODONTICS,,"6545 FRANCE AVE S, STE 190",55435,952-922-6949,0
nppes:1164546040|nppes:1376619114,distinct,,0.321,address,nppes,1164546040,"COSMETIC, FAMILY & SPORTS DENTISTRY, PA",,"6545 FRANCE AVE S, SUITE 585",55435,952-922-9119,nppes,1376619114,"DENTAL SPECIALISTS OF MINNESOTA, PLLC",THE DENTAL SPECIALISTS,"6545 FRANCE AVE S, SUITE 366",55435,952-929-4319,0
nppes:1164546040|nppes:1407008477,distinct,,0.279,address,nppes,1164546040,"COSMETIC, FAMILY & SPORTS DENTISTRY, PA",,"6545 FRANCE AVE S, SUITE 585",55435,952-922-9119,nppes,1407008477,DYLLA-JENSEN PERIODONTICS PLLC,,6545 FRANCE AVE S,55435,952-922-6949,0
nppes:1164546040|nppes:1417581240,distinct,,0.353,address,nppes,1164546040,"COSMETIC, FAMILY & SPORTS DENTISTRY, PA",,"6545 FRANCE AVE S, SUITE 585",55435,952-922-9119,nppes,1417581240,ELEGANT DENTISTRY PPLC,,6545 FRANCE AVE S STE 681,55435,612-800-8008,0
nppes:1164546040|nppes:1457411753,distinct,,0.282,address,nppes,1164546040,"COSMETIC, FAMILY & SPORTS DENTISTRY, PA",,"6545 FRANCE AVE S, SUITE 585",55435,952-922-9119,nppes,1457411753,JEROME E. EUTENEUER DDS PA,,"6545 FRANCE AVE S, SUITE 270",55435,952-927-7744,0
nppes:1164546040|nppes:1700589264,distinct,,0.329,address,nppes,1164546040,"COSMETIC, FAMILY & SPORTS DENTISTRY, PA",,"6545 FRANCE AVE S, SUITE 585",55435,952-922-9119,nppes,1700589264,ADVANCED RECONSTRUCTIVE DENTISTRY PLLC,,6545 FRANCE AVE S STE 680,55435,952-922-5326,0
nppes:1164546040|nppes:1710080809,distinct,,0.337,address,nppes,1164546040,"COSMETIC, FAMILY & SPORTS DENTISTRY, PA",,"6545 FRANCE AVE S, SUITE 585",55435,952-922-9119,nppes,1710080809,ENDODONTIC SPECIALISTS PA,,"6545 FRANCE AVE S, SUITE #665",55435,952-927-8694,0
nppes:1164546040|nppes:1821362302,distinct,,0.331,address,nppes,1164546040,"COSMETIC, FAMILY & SPORTS DENTISTRY, PA",,"6545 FRANCE AVE S, SUITE 585",55435,952-922-9119,nppes,1821362302,"ORTHODONTIC SPECIALISTS OF MINNESOTA, P.L.L.C.",THE DENTAL SPECIALISTS - ORTHODONTICS,"6545 FRANCE AVE S, SUITE 381",55435,952-926-7766,0
nppes:1164546040|nppes:1881312676,distinct,,0.280,address,nppes,1164546040,"COSMETIC, FAMILY & SPORTS DENTISTRY, PA",,"6545 FRANCE AVE S, SUITE 585",55435,952-922-9119,nppes,1881312676,"MARIE JOYCELYN LUA, DMD, MS, PA",,6545 FRANCE AVE S STE 680,55435,952-920-7482,0
nppes:1164758199|osm:node/12124640947,auto_merge,score,0.950,address+phone,nppes,1164758199,"STEPHEN P. BOGER, DDS, PA",BOGER DENTAL,"2720 ANNAPOLIS CIRCLE, SUITE A",55441,763-546-7707,osm,node/12124640947,Boger Dental,,"2720 Annapolis Circle North, Suite A",55441,+1-763-546-7707,186
nppes:1164803177|nppes:1720413263,distinct,,0.346,address,nppes,1164803177,FAMILY AND COSMETIC GENTLE DENTISTRY,,"1421 WAYZATA BLVD, SUITE 320",55391,952-224-9774,nppes,1720413263,EXCEL DENTISTRY PLLC,,"1421 WAYZATA BLVD, SUITE 320",55391,952-475-2907,0
nppes:1164803177|nppes:1861507329,distinct,,0.267,address,nppes,1164803177,FAMILY AND COSMETIC GENTLE DENTISTRY,,"1421 WAYZATA BLVD, SUITE 320",55391,952-224-9774,nppes,1861507329,MARK F SOUERS DDS PA,MARK F SOUERS DDS,"1421 WAYZATA BLVD, SUITE #325",55391,952-476-6655,0
nppes:1164959938|nppes:1225629017-pl2,auto_merge,score,1.000,address+nearby+phone,nppes,1164959938,"GROUP HEALTH, INC.",,8455 FLYING CLOUD DR,55344,952-883-9040,nppes,1225629017-pl2,"GROUP HEALTH, INC.",HEALTHPARTNERS SPECIALTY DENTAL,8455 FLYING CLOUD DR,55344,952-883-9040,0
nppes:1174045975|nppes:1225095052,auto_merge,score,0.888,address+nearby+phone,nppes,1174045975,"THE DENTAL SPECIALISTS OF MINNESOTA, PLLC",TWIN CITIES ENDODONTICS SPECIALIST PA,4640 NICOLS RD STE 202,55122,651-994-1344,nppes,1225095052,"TWIN CITIES ENDODONTIC SPECIALISTS, P.A.",,"4640 NICOLS RD, SUITE 202",55122,651-994-1344,0
nppes:1174045975|nppes:1619041969,distinct,,0.317,address,nppes,1174045975,"THE DENTAL SPECIALISTS OF MINNESOTA, PLLC",TWIN CITIES ENDODONTICS SPECIALIST PA,4640 NICOLS RD STE 202,55122,651-994-1344,nppes,1619041969,"DOUGLAS M BAUER DDS,PA",OAK CLIFF DENTAL CARE,"4640 NICOLS RD, SUITE 100",55122,651-454-1414,0
nppes:1174045975|nppes:1942474457,distinct,,0.258,address,nppes,1174045975,"THE DENTAL SPECIALISTS OF MINNESOTA, PLLC",TWIN CITIES ENDODONTICS SPECIALIST PA,4640 NICOLS RD STE 202,55122,651-994-1344,nppes,1942474457,"TOH-ENG LIM, DDS",EAGAN DENTAL CLINIC,4640 SLATER RD STE 150,55122,651-808-5252,432
nppes:1174294995|nppes:1528226156,distinct,,0.265,address,nppes,1174294995,"MINNESOTA DENTAL PROFESSIONALS, P.C.",APPLE VALLEY FAMILY DENTISTRY,7493 147TH ST W STE 100,55124,952-432-7145,nppes,1528226156,ERICKSON/AAMODT ORTHODONTICS PA,,"7493 147TH ST W, SUITE 202",55124,952-431-1111,0
nppes:1174294995|nppes:1770703688,distinct,,0.297,address,nppes,1174294995,"MINNESOTA DENTAL PROFESSIONALS, P.C.",APPLE VALLEY FAMILY DENTISTRY,7493 147TH ST W STE 100,55124,952-432-7145,nppes,1770703688,"PERIODONTAL CARE, PA",,"7493 147TH ST W, SUITE 105",55124,952-432-0010,0
nppes:1174460984|nppes:1194887521,distinct,,0.275,address,nppes,1174460984,"OLGA IVETT CASTRO, DDS, PC",,4801 HIGHWAY 61 N STE 200,55110,651-429-3535,nppes,1194887521,"ROGER G. ETTEL D.D.S. & ASSOCIATES, PA",,4801 HIGHWAY 61 N # SU-300,55110,651-429-2299,0
nppes:1174460984|nppes:1508300252,distinct,,0.300,address,nppes,1174460984,"OLGA IVETT CASTRO, DDS, PC",,4801 HIGHWAY 61 N STE 200,55110,651-429-3535,nppes,1508300252,"MINNESOTA PERIODONTAL ASSOCIATES, PA","ROGER G. ETTEL DDS AND ASSOCIATES, PA","4801 HWY 61 N., SUITE 300",55110,651-429-2299,0
nppes:1174600621|nppes:1356586804,distinct,,0.267,address,nppes,1174600621,INTERLACHEN DENTAL ASSOCIATES,,"5101 VERNON AVENUE, SUITE 1B",55436,952-920-9579,nppes,1356586804,"STANLEY P. WILLIAMSON, D.D.S., P.A.",WILLIAMSON ORTHODONTICS,5101 VERNON AVE S STE 502,55436,952-926-3747,0
nppes:1174600621|nppes:1396089298,distinct,,0.250,address,nppes,1174600621,INTERLACHEN DENTAL ASSOCIATES,,"5101 VERNON AVENUE, SUITE 1B",55436,952-920-9579,nppes,1396089298,PAN ORTHODONTIC CLINICS,,"5101 VERNON AVE S, SUITE 502",55436,952-926-3747,0
nppes:1174600621|nppes:1437847654,auto_merge,score,1.000,address+nearby+phone,nppes,1174600621,INTERLACHEN DENTAL ASSOCIATES,,"5101 VERNON AVENUE, SUITE 1B",55436,952-920-9579,nppes,1437847654,INTERLACHEN DENTAL ASSOCIATES,,"5101 VERNON AVE S, STE 1B",55436,952-920-9579,0
nppes:1174600621|osm:node/12335504029,review,score,0.800,nearby+phone,nppes,1174600621,INTERLACHEN DENTAL ASSOCIATES,,"5101 VERNON AVENUE, SUITE 1B",55436,952-920-9579,osm,node/12335504029,Interlachen Dental Associates,,,,+1 952 920 9579,65
nppes:1174706865|nppes:1225201213,distinct,,0.372,address,nppes,1174706865,TWIN CITIES PERIODONTICS,,6600 EXCELSIOR BLVD STE 180,55426,952-935-9009,nppes,1225201213,"TWIN CITIES TMJ & FACIAL PAIN CLINIC, LTD.",,"6600 EXCELSIOR BLVD, SUITE 191",55426,952-931-9961,0
nppes:1174797476|nppes:1821356502,review,keys agree,0.579,address+phone,nppes,1174797476,"JEFFREY H. MILLER, DDS.",,3345 DAKOTA AVE S,55416,952-929-9450,nppes,1821356502,"MODERN DENTAL PROFESSIONALS, MINNESOTA PC",MIDWEST DENTAL - ST. LOUIS PARK,3345 DAKOTA AVE S,55416,952-929-9450,0
nppes:1174872949|nppes:1285350736-pl1,review,same place,0.480,address+nearby,nppes,1174872949,SHAMBLOTT FAMILY DENTISTRY,,"33 10TH AVE S, SUITE 250",55343,952-935-5599,nppes,1285350736-pl1,SHAMBLOTT FAMILY DENTAL CENTER PLLC,DENTAL CARE ALLIANCE,33 10TH AVE S STE 250,55343,651-222-6880,0
nppes:1184046385|nppes:1275707580,auto_merge,score,1.000,address+nearby+phone,nppes,1184046385,"MARK CHARLES WALLACE, DDS, PC",ADVANCED DENTAL GROUP,3909 SILVER LAKE RD NE,55421,612-789-3573,nppes,1275707580,ADVANCED DENTAL GROUP,,3909 SILVER LAKE RD NE,55421,612-789-3573,0
nppes:1184046385|nppes:1881060069,review,score,0.655,address+phone,nppes,1184046385,"MARK CHARLES WALLACE, DDS, PC",ADVANCED DENTAL GROUP,3909 SILVER LAKE RD NE,55421,612-789-3573,nppes,1881060069,"MODERN DENTAL PROFESSIONALS, MN PC",MIDWEST DENTAL,3909 SILVER LAKE RD NE,55421,612-789-3573,0
nppes:1184093551|osm:node/13942955984,review,same place,0.304,nearby,nppes,1184093551,"EAGAN SMILES DENTISTRY, PC",EAGAN SMILES DENTISTRY,"3405 PROMENADE AVE, SUITE 300",55123,651-236-7458,osm,node/13942955984,Eagan Smiles,,,,,67
nppes:1184169153|nppes:1871750026,review,keys agree,0.550,address+phone,nppes,1184169153,KANJI AND SAVTRI INC,,3803 SILVER LAKE RD NE,55421,612-782-7000,nppes,1871750026,TWIN CITIES DENTAL,,3803 SILVER LAKE RD NE,55421,612-782-7000,0
nppes:1184732620|osm:way/1462838098,distinct,,0.238,address,nppes,1184732620,HOGLUND WALLIN DENTISTRY PARTNERSHIP,,1270 COPE AVE E,55109,651-482-8332,osm,way/1462838098,Dental Health of Maplewood,,1270 Cope Avenue East,55109,,50
nppes:1184770851|osm:way/100102554,review,same place,0.550,nearby,nppes,1184770851,ASSOCIATED DENTISTS,,1371 7TH ST W,55102,651-222-0351,osm,way/100102554,Associated Dentists,,1371 7th Street West,,,24
nppes:1184782542|nppes:1245722297,distinct,,0.327,address,nppes,1184782542,"PDG,P.A.",PARK DENTAL,40 W NICOLLET BLVD,55337,952-898-0990,nppes,1245722297,"ORTHODONTIC SPECIALISTS OF MINNESOTA, P.L.L.C.",THE DENTAL SPECIALISTS- ORTHODONTICS,40 W NICOLLET BLVD,55337,952-241-2496,0
nppes:1184782542|nppes:1407325830-pl7,distinct,,0.308,address,nppes,1184782542,"PDG,P.A.",PARK DENTAL,40 W NICOLLET BLVD,55337,952-898-0990,nppes,1407325830-pl7,FACIAL PAIN CENTER PLLC,,40 W NICOLLET BLVD,55337,952-926-3858,0
nppes:1184782542|nppes:1508932344,distinct,,0.363,address,nppes,1184782542,"PDG,P.A.",PARK DENTAL,40 W NICOLLET BLVD,55337,952-898-0990,nppes,1508932344,"DENTAL SPECIALISTS OF MINNESOTA, PLLC",THE DENTAL SPECIALISTS,40 W NICOLLET BLVD,55337,952-929-4458,0
nppes:1184782617|nppes:1346649712,distinct,,0.225,nearby,nppes,1184782617,"PDG, P.A.",PARK DENTAL,"800 LASALLE AVE, SUITE 100",55402,612-338-4546,nppes,1346649712,IVORY DENTAL,,825 NICOLLET MALL STE 505,55402,612-338-8636,147
nppes:1184782617|nppes:1821746249,distinct,,0.191,nearby,nppes,1184782617,"PDG, P.A.",PARK DENTAL,"800 LASALLE AVE, SUITE 100",55402,612-338-4546,nppes,1821746249,"NORTHLAND DENTAL PARTNERS, PLLC",METRO DENTALCARE DOWNTOWN MINNEAPOLIS,825 NICOLLET MALL STE 1025,55402,612-333-2879,147
nppes:1184782617|nppes:1841656410,distinct,,0.226,nearby,nppes,1184782617,"PDG, P.A.",PARK DENTAL,"800 LASALLE AVE, SUITE 100",55402,612-338-4546,nppes,1841656410,CITYSCAPE DENTAL PA,,"825 NICOLLET MALL, SUITE# 1921",55402,612-332-5916,147
nppes:1184782617|osm:node/13265552513,review,score,0.700,address+nearby,nppes,1184782617,"PDG, P.A.",PARK DENTAL,"800 LASALLE AVE, SUITE 100",55402,612-338-4546,osm,node/13265552513,Park Dental,,"800 LaSalle Ave S, Suite 100",55402,,39
nppes:1184878431|nppes:1578505152-pl2,distinct,,0.163,address,nppes,1184878431,ST. CROIX VALLEY DENTAL,ONEKA DENTAL,"14643 MERCANTILE DR N, SUITE 113",55038,651-407-0999,nppes,1578505152-pl2,MINNESOTA ORTHODONTICS,NORTHFIELD ORTHODONTICS,14643 MERCANTILE DR N STE 113,55038,651-450-7273,
nppes:1184878431|nppes:1578505152-pl4,distinct,,0.163,address,nppes,1184878431,ST. CROIX VALLEY DENTAL,ONEKA DENTAL,"14643 MERCANTILE DR N, SUITE 113",55038,651-407-0999,nppes,1578505152-pl4,MINNESOTA ORTHODONTICS,NORTHFIELD ORTHODONTICS,14643 MERCANTILE DR N STE 113,55038,651-450-7273,
nppes:1194198309|osm:node/7137228124,review,same place,0.500,nearby,nppes,1194198309,"CHAMPLIN DENTISTRY, PC",CHAMPLIN DENTISTRY,11231 AQUILA DRIVE N,55316,763-275-1318,osm,node/7137228124,Champlin Dentistry,,,,,98
nppes:1194328914|nppes:1326044538,distinct,,0.259,address,nppes,1194328914,"MAGNOLIA DENTAL CARE, PLLC",,6545 FRANCE AVE S STE 270,55435,952-927-7744,nppes,1326044538,SOUTHDALE PERIODONTICS,,"6545 FRANCE AVE S, STE 190",55435,952-922-6949,0
nppes:1194328914|nppes:1376619114,distinct,,0.367,address,nppes,1194328914,"MAGNOLIA DENTAL CARE, PLLC",,6545 FRANCE AVE S STE 270,55435,952-927-7744,nppes,1376619114,"DENTAL SPECIALISTS OF MINNESOTA, PLLC",THE DENTAL SPECIALISTS,"6545 FRANCE AVE S, SUITE 366",55435,952-929-4319,0
nppes:1194328914|nppes:1407008477,distinct,,0.304,address,nppes,1194328914,"MAGNOLIA DENTAL CARE, PLLC",,6545 FRANCE AVE S STE 270,55435,952-927-7744,nppes,1407008477,DYLLA-JENSEN PERIODONTICS PLLC,,6545 FRANCE AVE S,55435,952-922-6949,0
nppes:1194328914|nppes:1417581240,distinct,,0.313,address,nppes,1194328914,"MAGNOLIA DENTAL CARE, PLLC",,6545 FRANCE AVE S STE 270,55435,952-927-7744,nppes,1417581240,ELEGANT DENTISTRY PPLC,,6545 FRANCE AVE S STE 681,55435,612-800-8008,0
nppes:1194328914|nppes:1457411753,review,keys agree,0.568,address+phone,nppes,1194328914,"MAGNOLIA DENTAL CARE, PLLC",,6545 FRANCE AVE S STE 270,55435,952-927-7744,nppes,1457411753,JEROME E. EUTENEUER DDS PA,,"6545 FRANCE AVE S, SUITE 270",55435,952-927-7744,0
nppes:1194328914|nppes:1700589264,distinct,,0.324,address,nppes,1194328914,"MAGNOLIA DENTAL CARE, PLLC",,6545 FRANCE AVE S STE 270,55435,952-927-7744,nppes,1700589264,ADVANCED RECONSTRUCTIVE DENTISTRY PLLC,,6545 FRANCE AVE S STE 680,55435,952-922-5326,0
nppes:1194328914|nppes:1710080809,distinct,,0.259,address,nppes,1194328914,"MAGNOLIA DENTAL CARE, PLLC",,6545 FRANCE AVE S STE 270,55435,952-927-7744,nppes,1710080809,ENDODONTIC SPECIALISTS PA,,"6545 FRANCE AVE S, SUITE #665",55435,952-927-8694,0
nppes:1194328914|nppes:1821362302,distinct,,0.307,address,nppes,1194328914,"MAGNOLIA DENTAL CARE, PLLC",,6545 FRANCE AVE S STE 270,55435,952-927-7744,nppes,1821362302,"ORTHODONTIC SPECIALISTS OF MINNESOTA, P.L.L.C.",THE DENTAL SPECIALISTS - ORTHODONTICS,"6545 FRANCE AVE S, SUITE 381",55435,952-926-7766,0
nppes:1194328914|nppes:1881312676,distinct,,0.286,address,nppes,1194328914,"MAGNOLIA DENTAL CARE, PLLC",,6545 FRANCE AVE S STE 270,55435,952-927-7744,nppes,1881312676,"MARIE JOYCELYN LUA, DMD, MS, PA",,6545 FRANCE AVE S STE 680,55435,952-920-7482,0
nppes:1194453951|osm:node/7147743967,review,score,0.650,address+nearby,nppes,1194453951,COMO PARK DENTISTRY PA,COMO PARK DENTISTRY,1132 LARPENTEUR AVE W,55113,507-272-5955,osm,node/7147743967,Como Park Dentistry,,1132 Larpenteur Avenue West,55113,+1-651-489-0641,51
nppes:1194474593|nppes:1558010967,review,same place,0.504,address+nearby,nppes,1194474593,"FAMILY PERIODONTIC SPECIALISTS, PLC",METRO DENTALCARE ST. PAUL MIDWAY - PERIODONTICS,1375 SAINT ANTHONY AVE,55104,651-645-4671,nppes,1558010967,FAMILY ORAL SURGERY SPECIALISTS PLC,METRO DENTALCARE ST. PAUL MIDWAY - ORAL SURGERY,1375 SAINT ANTHONY AVE,55104,651-286-8153,0
nppes:1194474593|nppes:1669817557,distinct,,0.451,address+nearby,nppes,1194474593,"FAMILY PERIODONTIC SPECIALISTS, PLC",METRO DENTALCARE ST. PAUL MIDWAY - PERIODONTICS,1375 SAINT ANTHONY AVE,55104,651-645-4671,nppes,1669817557,"ORTHODONTIC CARE SPECIALISTS, PLLC",ORTHODONTIC CARE SPECIALISTS,1375 SAINT ANTHONY AVE,55104,651-286-8153,0
nppes:1194474593|nppes:1730837105,auto_merge,score,0.874,address+nearby+phone,nppes,1194474593,"FAMILY PERIODONTIC SPECIALISTS, PLC",METRO DENTALCARE ST. PAUL MIDWAY - PERIODONTICS,1375 SAINT ANTHONY AVE,55104,651-645-4671,nppes,1730837105,"NORTHLAND DENTAL PARTNERS, PLLC",METRO DENTALCARE ST. PAUL MIDWAY,1375 SAINT ANTHONY AVE,55104,651-645-4671,0
nppes:1194667436|nppes:1568189520,review,keys agree,0.570,address+phone,nppes,1194667436,OSSEO DENTAL STUDIO PLLC,,100 CENTRAL AVE,55369,763-425-8200,nppes,1568189520,JOHN F. ENGLUND DDS PA,,100 CENTRAL AVE,55369,763-425-8200,0
nppes:1194667436|nppes:1952051682,distinct,,0.200,nearby,nppes,1194667436,OSSEO DENTAL STUDIO PLLC,,100 CENTRAL AVE,55369,763-425-8200,nppes,1952051682,"NORTHLAND DENTAL PARTNERS, PLLC",METRO DENTALCARE OSSEO,40 CENTRAL AVE,55369,763-425-3023,80
nppes:1194693259|nppes:1407701253,review,same place,0.595,address+nearby,nppes,1194693259,MARC MONTGOMERY DDS PA,MONTGOMERY DENTAL CARE,8380 CITY CENTRE DR STE 130,55125,651-738-1880,nppes,1407701253,MARC MONTGOMERY DENTAL GPS PLLC,MONTGOMERY WOLKEN DENTAL CARE,8380 CITY CENTRE DR STE 120,55125,651-714-1642,0
nppes:1194693259|nppes:1417825563,review,score,0.700,address+nearby,nppes,1194693259,MARC MONTGOMERY DDS PA,MONTGOMERY DENTAL CARE,8380 CITY CENTRE DR STE 130,55125,651-738-1880,nppes,1417825563,MARC MONTGOMERY DDS PA,,8380 CITY CENTRE DR STE 120,55125,651-714-1642,0
nppes:1194693259|nppes:1720329535,distinct,,0.109,phone,nppes,1194693259,MARC MONTGOMERY DDS PA,MONTGOMERY DENTAL CARE,8380 CITY CENTRE DR STE 130,55125,651-738-1880,nppes,1720329535,MINNESOTA DENTAL CENTER,,"17601 HIGHWAY 7, #200",55345,651-738-1880,44767
nppes:1194849661|nppes:1669894986,distinct,,0.450,phone,nppes,1194849661,ORTHODONTIC CARE GROUP,ORTHODONTIC CARE SPECIALISTS,200 COON RAPIDS BLVD NW,55433,763-786-9457,nppes,1669894986,"ORTHODONTIC CARE SPECIALISTS, PLLC",ORTHODONTIC CARE SPECIALISTS,7600 SUNWOOD DR. N.W.,55303,763-786-9457,18036
nppes:1194885491|nppes:1447506571,distinct,,0.277,address,nppes,1194885491,"50TH AND FRANCE DENTAL CARE, P.A.",,"3939 W 50TH ST, SUITE 210",55424,952-922-5561,nppes,1447506571,GERALD D. CAVANAUGH & WILLIAM F. LILJEMARK,EDINA ORTHODONTIC ASSOCIATES,"3939 W. 50TH ST, SUITE #207",55424,952-926-2335,0
nppes:1194885491|nppes:1548926876,distinct,,0.238,nearby,nppes,1194885491,"50TH AND FRANCE DENTAL CARE, P.A.",,"3939 W 50TH ST, SUITE 210",55424,952-922-5561,nppes,1548926876,DR RICHARD J ANDERSON DDS PA,ANDERSON DENTALCARE,3925 W 50TH ST STE 104,55424,952-926-0284,14
nppes:1194885491|nppes:1821199852,distinct,,0.267,address,nppes,1194885491,"50TH AND FRANCE DENTAL CARE, P.A.",,"3939 W 50TH ST, SUITE 210",55424,952-922-5561,nppes,1821199852,MICHAEL T KRATZ DDS PA,,"3939 W 50TH STREET, #208",55424,952-922-2214,0
nppes:1194885491|nppes:1962127464,distinct,,0.259,address,nppes,1194885491,"50TH AND FRANCE DENTAL CARE, P.A.",,"3939 W 50TH ST, SUITE 210",55424,952-922-5561,nppes,1962127464,EDINA ENDODONTICS PLLC,,"3939 WEST 50TH STREET, SUITE 201",55424,952-653-4500,0
nppes:1194885491|osm:node/12138867368,review,same place,0.456,nearby,nppes,1194885491,"50TH AND FRANCE DENTAL CARE, P.A.",,"3939 W 50TH ST, SUITE 210",55424,952-922-5561,osm,node/12138867368,50th and France Dental Care,,,,,81
nppes:1194885491|osm:node/12138867396,distinct,,0.188,nearby,nppes,1194885491,"50TH AND FRANCE DENTAL CARE, P.A.",,"3939 W 50TH ST, SUITE 210",55424,952-922-5561,osm,node/12138867396,Anderson Dentalcare,,,,,57
nppes:1194885491|osm:node/12139088880,distinct,,0.196,nearby,nppes,1194885491,"50TH AND FRANCE DENTAL CARE, P.A.",,"3939 W 50TH ST, SUITE 210",55424,952-922-5561,osm,node/12139088880,Edina Dental Care,,,,,78
nppes:1194886630|osm:node/13516981216,review,same place,0.359,nearby,nppes,1194886630,SCANDIA FAMILY DENTAL PA,,21080 OLINDA TRAIL N,55073,651-433-2655,osm,node/13516981216,Scandia Family Dental Clinic,,,,,65
nppes:1194887521|nppes:1508300252,auto_merge,score,0.893,address+nearby+phone,nppes,1194887521,"ROGER G. ETTEL D.D.S. & ASSOCIATES, PA",,4801 HIGHWAY 61 N # SU-300,55110,651-429-2299,nppes,1508300252,"MINNESOTA PERIODONTAL ASSOCIATES, PA","ROGER G. ETTEL DDS AND ASSOCIATES, PA","4801 HWY 61 N., SUITE 300",55110,651-429-2299,0
nppes:1194939041|nppes:1235564725,distinct,,0.273,address,nppes,1194939041,BASILE ORTHODONTICS PA,MINNETONKA LAKE ORTHODONTICS,"17809 HUTCHINS DRIVE, SUITE 101",55345,952-474-3203,nppes,1235564725,DENTISTRY BY DESIGN,,"17809 HUTCHINS DR, 108",55345,952-474-5041,0
nppes:1194939041|nppes:1265143671,distinct,,0.425,address+nearby,nppes,1194939041,BASILE ORTHODONTICS PA,MINNETONKA LAKE ORTHODONTICS,"17809 HUTCHINS DRIVE, SUITE 101",55345,952-474-3203,nppes,1265143671,ANCHORED ORTHODONTICS PLLC,,17809 HUTCHINS DR STE 101,55345,612-889-7211,0
nppes:1194939041|nppes:1538225677,review,keys agree,0.560,address+phone,nppes,1194939041,BASILE ORTHODONTICS PA,MINNETONKA LAKE ORTHODONTICS,"17809 HUTCHINS DRIVE, SUITE 101",55345,952-474-3203,nppes,1538225677,"GARY L. CARLSON, D.D.S., P.A.",,"17809 HUTCHINS DR, STE 101",55345,952-474-3203,0
nppes:1194939041|nppes:1619959426,distinct,,0.279,address,nppes,1194939041,BASILE ORTHODONTICS PA,MINNETONKA LAKE ORTHODONTICS,"17809 HUTCHINS DRIVE, SUITE 101",55345,952-474-3203,nppes,1619959426,DR JAMES R SCHWARTZ DDS PA,,"17809 HUTCHINS DR, SUITE 108",55345,952-474-5041,0
nppes:1194997783|nppes:1447860523,review,keys agree,0.566,address+phone,nppes,1194997783,DR ALAN RUSSELL PLC,,2010 27TH AVE S,55406,612-336-8478,nppes,1447860523,MODERN DENTAL PROFESSIONALS MINNESOTA PC,MIDWEST DENTAL - SEWARD,2010 27TH AVE S,55406,612-336-8478,0
nppes:1194997783|osm:node/5361754637,review,keys agree,0.563,address+phone,nppes,1194997783,DR ALAN RUSSELL PLC,,2010 27TH AVE S,55406,612-336-8478,osm,node/5361754637,Midwest Dental,,2010 27th Avenue South,55406,+1-612-336-8478,15
nppes:1205777182|nppes:1518231596,distinct,,0.227,nearby,nppes,1205777182,"WOODBURY MODERN DENTISTRY, PC",WOODBURY MODERN DENTISTRY,265 RADIO DR STE E,55125,612-294-6742,nppes,1518231596,WOODBURY DENTAL ARTS,,237 RADIO DR STE 110,55125,651-436-7559,55
nppes:1205957776|nppes:1972760098,distinct,,0.258,address,nppes,1205957776,"MIDWEST ENDODONTICS, P.A.",,"6949 VALLEY CREEK RD, #130",55125,651-731-1630,nppes,1972760098,VALLEY CREEK FAMILY DENTISTRY,,"6949 VALLEY CREEK RD, SUITE 100",55125,651-731-1054,0
nppes:1215003371|nppes:1902398944,distinct,,0.327,address,nppes,1215003371,"PDG,P.A.",PARK DENTAL,12904 CENTRAL AVE NE,55434,763-755-1330,nppes,1902398944,"ORTHODONTIC SPECIALISTS OF MINNESOTA, P.L.L.C.",THE DENTAL SPECIALISTS- ORTHODONTICS,12904 CENTRAL AVE NE,55434,763-201-6960,0
nppes:1215003371|nppes:1922308113,distinct,,0.363,address,nppes,1215003371,"PDG,P.A.",PARK DENTAL,12904 CENTRAL AVE NE,55434,763-755-1330,nppes,1922308113,"DENTAL SPECIALISTS OF MINNESOTA, PLLC",THE DENTAL SPECIALISTS,12904 CENTRAL AVE. NE,55434,651-746-0587,0
nppes:1215083183|nppes:1699816132,distinct,,0.270,address,nppes,1215083183,NORTHWOODS DENTAL,,"15600 36TH AVE N, SUITE 270",55446,763-557-0911,nppes,1699816132,HARRINGTON ORTHODONTICS LTD,,"15600 36TH AVE N, SUITE 170",55446,763-473-7656,0
nppes:1215083183|nppes:1811483795,distinct,,0.275,address,nppes,1215083183,NORTHWOODS DENTAL,,"15600 36TH AVE N, SUITE 270",55446,763-557-0911,nppes,1811483795,MINNESOTA DURABLE MEDICAL EQUIPMENT LLC,,15600 36TH AVE N STE 270,55446,612-210-2452,0
nppes:1215590575|nppes:1922185016,auto_merge,score,0.854,address+nearby+phone,nppes,1215590575,LAKE MINNETONKA DENTAL CENTER PLLC,,109 BUSHAWAY RD STE 300,55391,952-475-0225,nppes,1922185016,LAKE MINNETONKA DENTAL,BRYAN N LASKIN DDS PA,"109 BUSHAWAY RD, SUITE 300",55391,952-475-0225,0
nppes:1215590575|nppes:1942214200,review,score,0.642,address+phone,nppes,1215590575,LAKE MINNETONKA DENTAL CENTER PLLC,,109 BUSHAWAY RD STE 300,55391,952-475-0225,nppes,1942214200,MCKONE DENTAL CARE DDS PA,,"109 BUSHAWAY RD, SUITE 300",55391,952-475-0225,0
nppes:1215673454|nppes:1720647589,review,keys agree,0.596,address+phone,nppes,1215673454,PROPER SLEEP EAST METRO PLLC,,6936 PINE ARBOR DR S STE 210,55016,651-769-1000,nppes,1720647589,LINDGREN DENTAL CARE PLLC,LINDGREN DENTAL CARE,6936 PINE ARBOR DR S STE 210,55016,651-769-1000,0
nppes:1225031156|nppes:1679843619,distinct,,0.380,address,nppes,1225031156,"NORTHVIEW DENTAL, P.A.",NORTHVIEW DENTAL,4700 LEXINGTON AVE N,55126,651-483-1858,nppes,1679843619,SHOREVIEW DENTAL ASSOCIATES,NATURAL SMILES DENTAL CARE,"4700 LEXINGTON AVENUE N, SUITE D",55126,651-483-9800,0
nppes:1225095052|nppes:1619041969,distinct,,0.258,address,nppes,1225095052,"TWIN CITIES ENDODONTIC SPECIALISTS, P.A.",,"4640 NICOLS RD, SUITE 202",55122,651-994-1344,nppes,1619041969,"DOUGLAS M BAUER DDS,PA",OAK CLIFF DENTAL CARE,"4640 NICOLS RD, SUITE 100",55122,651-454-1414,0
nppes:1225095052|nppes:1942474457,distinct,,0.226,address,nppes,1225095052,"TWIN CITIES ENDODONTIC SPECIALISTS, P.A.",,"4640 NICOLS RD, SUITE 202",55122,651-994-1344,nppes,1942474457,"TOH-ENG LIM, DDS",EAGAN DENTAL CLINIC,4640 SLATER RD STE 150,55122,651-808-5252,432
nppes:1225104458|nppes:1396340642,distinct,,0.382,address,nppes,1225104458,"OAK RIDGE DENTAL, LLC",,"625 E NICOLLET BLVD, SUITE 310",55337,952-435-0355,nppes,1396340642,"MINNESOTA DENTAL PROFESSIONALS, P.C.",MOSAIC DENTAL-BURNSVILLE/RIDGES,625 E NICOLLET BLVD STE 201,55337,952-435-0300,0
nppes:1225104458|nppes:1407945199,distinct,,0.259,address,nppes,1225104458,"OAK RIDGE DENTAL, LLC",,"625 E NICOLLET BLVD, SUITE 310",55337,952-435-0355,nppes,1407945199,"METROPOLITAN ENDODONTICS, LTD.",,"625 E NICOLLET BLVD, SUITE 340",55337,952-435-0370,0
nppes:1225107998|nppes:1467112037,auto_merge,score,1.000,address+nearby+phone,nppes,1225107998,BRUCE F FILSON DDS PA,FILSON GENTLE DENTISTRY,277 3RD ST N,55003,651-439-2352,nppes,1467112037,"NATHAN J. JENSEN, DMD, PLLC",FILSON GENTLE DENTISTRY,277 3RD ST N,55003,651-439-2352,0
nppes:1225150881|osm:node/8963308986,distinct,,0.368,phone,nppes,1225150881,"CITIES DENTISTRY, PA",,235 1ST AVE E,55379,952-445-6220,osm,node/8963308986,Progessive Dental,,"1036 1st Avenue East, 100",55379,+1-952-445-6220,884
nppes:1225178361|nppes:1780902080,auto_merge,score,1.000,address+nearby+phone,nppes,1225178361,"ROBBINSDALE FAMILY DENTISTRY, P.A.",MINNESOTA DENTAL GROUP,"4125 LAKELAND AVE N, 100",55422,763-537-5123,nppes,1780902080,ROBBINSDALE DENTAL PLLC,MINNESOTA DENTAL GROUP,"4125 LAKELAND AVE N, SUITE 100",55422,763-537-5123,0
nppes:1225178361|osm:node/7129231770,review,score,0.650,address+nearby,nppes,1225178361,"ROBBINSDALE FAMILY DENTISTRY, P.A.",MINNESOTA DENTAL GROUP,"4125 LAKELAND AVE N, 100",55422,763-537-5123,osm,node/7129231770,Minnesota Dental Group,,"4125 Lakeland Avenue North, #200",55422,,73
nppes:1225229503|osm:way/1202670640,review,score,0.650,address+nearby,nppes,1225229503,"ROGER E AUSTIN, DDS, PA",RAMSEY DENTAL CENTER,15243 NOWTHEN BLVD NW,55303,763-421-2660,osm,way/1202670640,Ramsey Dental Center,,15243 Nowthen Boulevard Northwest,55303,,87
nppes:1225285208|nppes:1790014777,review,score,0.652,address+phone,nppes,1225285208,DR. HOWARD E. OLSON PA,,15870 FRANKLIN TRL SE,55372,952-447-4463,nppes,1790014777,OLSON DENTAL LLC,,"15870 FRANKLIN TRL SE, SUITE 200",55372,952-447-4463,0
nppes:1225629017-pl1|nppes:1316538101-pl2,auto_merge,score,1.000,address+nearby+phone,nppes,1225629017-pl1,"GROUP HEALTH, INC.",HEALTHPARTNERS SPECIALTY DENTAL,8515 EAGLE POINT BLVD STE 200,55042,651-523-9950,nppes,1316538101-pl2,"GROUP HEALTH, INC.",HEALTHPARTNERS PEDIATRIC DENTAL,8515 EAGLE POINT BLVD STE 200,55042,651-523-9950,0
nppes:1225629017-pl3|nppes:1609990175,distinct,,0.309,address,nppes,1225629017-pl3,"GROUP HEALTH, INC.",HEALTHPARTNERS SPECIALTY DENTAL,8600 NICOLLET AVE S,55420,952-541-2888,nppes,1609990175,OCG LTD,ORTHODONTIC CARE SPECIALISTS,8600 NICOLLET AVE S,55420,952-888-8640,0
nppes:1225629017-pl3|nppes:1922153881,review,score,0.700,address+nearby,nppes,1225629017-pl3,"GROUP HEALTH, INC.",HEALTHPARTNERS SPECIALTY DENTAL,8600 NICOLLET AVE S,55420,952-541-2888,nppes,1922153881,"GROUP HEALTH, INC.",HEALTHPARTNERS BLOOMINGTON DENTAL CLIIC,8600 NICOLLET AVE S,55420,952-884-1148,0
nppes:1225629017|nppes:1588788053,distinct,,0.229,address,nppes,1225629017,"GROUP HEALTH, INC.",HEALTHPARTNERS SPECIALTY DENTAL,2500 COMO AVE,55108,651-647-2500,nppes,1588788053,ORTHODONTIC CARE GROUP,ORTHODONTIC CARE SPECIALISTS,2500 COMO AVE,55108,651-917-0790,
nppes:1225629017|nppes:1780739417,review,score,0.600,address,nppes,1225629017,"GROUP HEALTH, INC.",HEALTHPARTNERS SPECIALTY DENTAL,2500 COMO AVE,55108,651-647-2500,nppes,1780739417,"GROUP HEALTH, INC.",HEALTHPARTNERS COMO DENTAL CLINIC,2500 COMO AVE,55108,651-641-0020,
nppes:1225788953|nppes:1316913411,review,keys agree,0.573,address+phone,nppes,1225788953,"NORTHLAND DENTAL PARTNERS, PLLC",CEDARVIEW DENTAL CARE,17597 CEDAR AVE,55044,952-431-6600,nppes,1316913411,"METRO DENTALCARE, PLC",,17597 CEDAR AVE,55044,952-431-6600,
nppes:1235008343|nppes:1396914685,review,keys agree,0.590,address+phone,nppes,1235008343,ST. LOUIS PARK DENTAL PLLC,,"8001 MN-7, SUITE 300",55426,952-920-4060,nppes,1396914685,"MICHAEL J NELSON D.D.S., PA",,"8001 HIGHWAY 7, #300",55426,952-920-4060,0
nppes:1235008343|osm:way/974484284,distinct,,0.249,address,nppes,1235008343,ST. LOUIS PARK DENTAL PLLC,,"8001 MN-7, SUITE 300",55426,952-920-4060,osm,way/974484284,Excel Dentistry,,8001 State Highway 7 Service Road,55426,,73
nppes:1235311614|nppes:1356854442-pl10,distinct,,0.250,address,nppes,1235311614,COMMUNITY DENTAL CARE INC,,1670 BEAM AVE,55109,651-925-8400,nppes,1356854442-pl10,SMILE ORTHODONTICS STILLWATER LLC,SMILE ORTHODONTICS|SM:)E ORTHO,1670 BEAM AVE STE 203,55109,651-351-7777,0
nppes:1235311614|nppes:1356854442-pl2,distinct,,0.250,address,nppes,1235311614,COMMUNITY DENTAL CARE INC,,1670 BEAM AVE,55109,651-925-8400,nppes,1356854442-pl2,SMILE ORTHODONTICS STILLWATER LLC,SMILE ORTHODONTICS|SM:)E ORTHO,1670 BEAM AVE STE 202,55109,651-351-7777,0
nppes:1235311614|nppes:1831509827,distinct,,0.335,address,nppes,1235311614,COMMUNITY DENTAL CARE INC,,1670 BEAM AVE,55109,651-925-8400,nppes,1831509827,METROPOLITAN STATE UNIVERSITY,MERTOPOLITAN STATE UNIVERSITY DENTAL CLINIC,"1670 BEAM AVE, #203",55109,651-621-8840,0
nppes:1235311614|nppes:1942357397,distinct,,0.214,nearby,nppes,1235311614,COMMUNITY DENTAL CARE INC,,1670 BEAM AVE,55109,651-925-8400,nppes,1942357397,VENEMAN DENTAL CARE,,1650 BEAM AVE,55109,651-770-7175,63
nppes:1235322504|nppes:1508594664,distinct,,0.103,phone,nppes,1235322504,OLSON DENTAL ASSOCIATES,,"393 DUNLAP ST N, SUITE 308",55104,651-788-7045,nppes,1508594664,"DR. PARK DENTAL OFFICE 1, LLC",CLEAR LAKES DENTAL,1550 WHITE BEAR AVE N,55106,651-788-7045,10502
nppes:1235322504|nppes:1689748295,distinct,,0.384,address,nppes,1235322504,OLSON DENTAL ASSOCIATES,,"393 DUNLAP ST N, SUITE 308",55104,651-788-7045,nppes,1689748295,"WAYNEWOOD & ASSOCIATES, P.A.",,393 DUNLAP ST N STE 650,55104,651-647-9697,0
nppes:1235366808|nppes:1649329384,review,score,0.625,address+nearby,nppes,1235366808,"HILLTOP DENTAL, PA",,50 COUNTY ROAD B E,55117,651-490-1200,nppes,1649329384,"APRIL M. SNYDER, D.D.S., P.A.",HILLTOP DENTAL,50 COUNTY ROAD B E,55117,651-488-2541,0
nppes:1235564725|nppes:1265143671,distinct,,0.260,address,nppes,1235564725,DENTISTRY BY DESIGN,,"17809 HUTCHINS DR, 108",55345,952-474-5041,nppes,1265143671,ANCHORED ORTHODONTICS PLLC,,17809 HUTCHINS DR STE 101,55345,612-889-7211,0
nppes:1235564725|nppes:1538225677,distinct,,0.273,address,nppes,1235564725,DENTISTRY BY DESIGN,,"17809 HUTCHINS DR, 108",55345,952-474-5041,nppes,1538225677,"GARY L. CARLSON, D.D.S., P.A.",,"17809 HUTCHINS DR, STE 101",55345,952-474-3203,0
nppes:1235564725|nppes:1619959426,review,keys agree,0.560,address+phone,nppes,1235564725,DENTISTRY BY DESIGN,,"17809 HUTCHINS DR, 108",55345,952-474-5041,nppes,1619959426,DR JAMES R SCHWARTZ DDS PA,,"17809 HUTCHINS DR, SUITE 108",55345,952-474-5041,0
nppes:1235583832|nppes:1851471460,auto_merge,score,0.955,address+nearby+phone,nppes,1235583832,"LE M. HO, D.D.S., P.A.",ROSEMOUNT FAMILY DENTISTRY,14590 S ROBERT TRL,55068,651-423-3993,nppes,1851471460,ROSEMOUNT FAMILY DENTISTRY PA,,14590 SOUTH ROBERT TRAIL,55068,651-423-3993,0
nppes:1245315829|osm:node/11780026077,review,same place,0.314,nearby,nppes,1245315829,EXCELSIOR FAMILY DENTAL,,"348 2ND ST, SUITE 200",55331,952-474-6515,osm,node/11780026077,Town Dental - Excelsior,,425 2nd Street,55331,+1-952-295-1622,112
nppes:1245393230|nppes:1255974325-pl4,review,keys agree,0.565,address+phone,nppes,1245393230,"LAKES ORTHODONTIC ASSOCIATES, P.A.",,1668 COPE AVE E,55109,651-777-7300,nppes,1255974325-pl4,SMILE DOCTORS OF MINNESOTA PC,,1668 COPE AVE E,55109,651-777-7300,0
nppes:1245393230|osm:node/11472428069,review,same place,0.282,nearby,nppes,1245393230,"LAKES ORTHODONTIC ASSOCIATES, P.A.",,1668 COPE AVE E,55109,651-777-7300,osm,node/11472428069,Lakes Orthodontics,,,,,83
nppes:1245416403|nppes:1275150989,distinct,,0.097,phone,nppes,1245416403,SNELLING AVENUE DENTAL,,604 SNELLING AVE S,55116,651-699-5600,nppes,1275150989,HAMLINE FAMILY DENTAL,,1347 LARPENTEUR AVE W,55113,651-699-5600,7677
nppes:1245416403|osm:node/1411811129,auto_merge,score,0.850,nearby+phone,nppes,1245416403,SNELLING AVENUE DENTAL,,604 SNELLING AVE S,55116,651-699-5600,osm,node/1411811129,Snelling Avenue Dental,,,,+1-651-699-5600,34
nppes:1245416403|osm:node/8165857405,distinct,,0.097,phone,nppes,1245416403,SNELLING AVENUE DENTAL,,604 SNELLING AVE S,55116,651-699-5600,osm,node/8165857405,Hamline Family Dental,,,,+1-651-699-5600,7705
nppes:1245722297|nppes:1407325830-pl7,distinct,,0.283,address,nppes,1245722297,"ORTHODONTIC SPECIALISTS OF MINNESOTA, P.L.L.C.",THE DENTAL SPECIALISTS- ORTHODONTICS,40 W NICOLLET BLVD,55337,952-241-2496,nppes,1407325830-pl7,FACIAL PAIN CENTER PLLC,,40 W NICOLLET BLVD,55337,952-926-3858,0
nppes:1245722297|nppes:1508932344,review,same place,0.538,address+nearby,nppes,1245722297,"ORTHODONTIC SPECIALISTS OF MINNESOTA, P.L.L.C.",THE DENTAL SPECIALISTS- ORTHODONTICS,40 W NICOLLET BLVD,55337,952-241-2496,nppes,1508932344,"DENTAL SPECIALISTS OF MINNESOTA, PLLC",THE DENTAL SPECIALISTS,40 W NICOLLET BLVD,55337,952-929-4458,0
nppes:1245881093|nppes:1710052691,distinct,,0.250,address,nppes,1245881093,"MINNESOTA DENTAL PROFESSIONALS, P.C.",FOLEY DENTAL OFFICE,11237 FOLEY BLVD NW,55448,763-757-1234,nppes,1710052691,THOMAS W. ANDERSON,,11237 FOLEY BLVD. NW,55448,763-757-3120,0
nppes:1245881093|nppes:1932399557,distinct,,0.467,address+nearby,nppes,1245881093,"MINNESOTA DENTAL PROFESSIONALS, P.C.",FOLEY DENTAL OFFICE,11237 FOLEY BLVD NW,55448,763-757-1234,nppes,1932399557,"ROGER E AUSTIN, DDS, PA",FOLEY DENTAL CLINIC,11237 FOLEY BLVD NW,55448,763-757-3120,0
nppes:1255024295|nppes:1508086455,distinct,,0.499,phone,nppes,1255024295,JORDAN FAMILY DENTAL PLLC,,301 EL DORADO DRIVE,55352,952-492-2021,nppes,1508086455,"JORDAN DENTAL CARE, P.A.",,224 BROADWAY ST S,55352,952-492-2021,973
nppes:1255024295|osm:way/1310687224,review,same place,0.413,nearby,nppes,1255024295,JORDAN FAMILY DENTAL PLLC,,301 EL DORADO DRIVE,55352,952-492-2021,osm,way/1310687224,Jordan Family Dental,,,,,102
nppes:1255044723|nppes:1336683036,auto_merge,score,0.939,address+nearby+phone,nppes,1255044723,KYLE NOVOTNY DDS PLLC,LEGACY DENTAL CARE,12265 CENTRAL AVE NE,55434,763-757-1323,nppes,1336683036,LEGACY DENTAL CARE LLC,,12265 CENTRAL AVE NE,55434,763-757-1323,0
nppes:1255098323|osm:way/339270935,distinct,,0.262,address,nppes,1255098323,HONEYCOMB DENTISTRY,,4201 MINNEHAHA AVE,55406,612-721-2833,osm,way/339270935,"Thomas d. Bruss, DDS",,4201 Minnehaha Avenue,55406,,38
nppes:1255136560|nppes:1346353968,review,score,0.613,address+phone,nppes,1255136560,"JOSEPH HORST, DDS, PLLC",,5972 CAHILL AVE STE 109,55076,651-450-1602,nppes,1346353968,STEVEN J BENKE DDS,BENKE DENTAL CARE,"5972 CAHILL AVENUE, SUITE 109",55076,651-450-1602,0
nppes:1255136560|nppes:1588049480,distinct,,0.264,address,nppes,1255136560,"JOSEPH HORST, DDS, PLLC",,5972 CAHILL AVE STE 109,55076,651-450-1602,nppes,1588049480,STAR DENTAL,,5972 CAHILL AVE STE 104,55076,651-455-0068,0
nppes:1255249470|nppes:1528805553,distinct,,0.274,address,nppes,1255249470,WHAT IF I AM A SURROGATE OF THE ORGANIZATION,,334 E LAKE ST STE 104,55408,612-910-1131,nppes,1528805553,PROACTIVE HEALTHCARE EDUCATION CENTER,PROACTIVE DENTAL CLINIC CORP,334 E LAKE ST STE 105,55408,310-883-8932,0
nppes:1255369278|osm:way/358201240,review,same place,0.594,address+nearby,nppes,1255369278,"CAMEO DENTAL, P.A.",,14470 CAMEO AVE,55068,651-423-2259,osm,way/358201240,Cameo Dental,,14470 Cameo Avenue,55068,,34
nppes:1255442620|osm:way/528003975,review,same place,0.459,nearby,nppes,1255442620,LAKEVILLE FAMILY DENTAL CENTRE PA,,16375 KENRICK AVE STE 200,55044,952-435-5905,osm,way/528003975,Lakeville Family Dental Centre,,16372 Kenrick Avenue,55044,,116
nppes:1255490389|osm:node/10652451249,review,same place,0.550,nearby,nppes,1255490389,LAKES DENTAL ASSOC PA,LAKES DENTAL CLINIC,956 WEST BROADWAY,55025,651-464-7277,osm,node/10652451249,Lakes Dental Clinic,,,,,33
nppes:1255491866|osm:node/5728461222,review,same place,0.481,nearby,nppes,1255491866,"INTEGRITY DENTAL CARE, P.A.",,7500 80TH ST S,55016,651-459-3039,osm,node/5728461222,Integrity Dental Care,,,,,48
nppes:1255639696|nppes:1437369105,review,keys agree,0.597,address+phone,nppes,1255639696,MODERN DENTAL PROFESSIONALS MINNESOTA PC,MIDWEST DENTAL,"1121 TOWN CENTRE DR, #200",55123,651-454-4771,nppes,1437369105,SMILE DESIGN FAMILY DENTISTRY,,1121 TOWN CENTRE DR STE 200,55123,651-454-4771,0
nppes:1255639696|osm:way/533507284,review,score,0.700,address+nearby,nppes,1255639696,MODERN DENTAL PROFESSIONALS MINNESOTA PC,MIDWEST DENTAL,"1121 TOWN CENTRE DR, #200",55123,651-454-4771,osm,way/533507284,Midwest Dental,,1121 Town Centre Drive,55123,,43
nppes:1255870531|osm:node/12020737355,review,score,0.650,address,nppes,1255870531,"DENTISTS OF EDEN PRAIRIE, PC",DENTISTS OF EDEN PRAIRIE,"13000 TECHNOLOGY DR, SUITE 110",55344,952-562-1463,osm,node/12020737355,Dentists of Eden Prairie,,"13000 Technology Drive, 110",55344,,276
nppes:1255974325-pl7|osm:node/3497689945,review,keys agree,0.559,address+phone,nppes,1255974325-pl7,SMILE DOCTORS OF MINNESOTA PC,,1696 GRAND AVE,55105,651-699-2013,osm,node/3497689945,Lakeside Orthodontics,,1696 Grand Avenue,55105,+1-651-699-2013,11
nppes:1255974325-pl8|nppes:1760583231,review,keys agree,0.566,address+phone,nppes,1255974325-pl8,SMILE DOCTORS OF MINNESOTA PC,,4535 HODGSON RD STE 700,55126,651-765-1945,nppes,1760583231,ALAN B MONTGOMERY ORTHODONTICS,,"4535 HODGSON RD, 700",55126,651-765-1945,0
nppes:1265143671|nppes:1538225677,distinct,,0.269,address,nppes,1265143671,ANCHORED ORTHODONTICS PLLC,,17809 HUTCHINS DR STE 101,55345,612-889-7211,nppes,1538225677,"GARY L. CARLSON, D.D.S., P.A.",,"17809 HUTCHINS DR, STE 101",55345,952-474-3203,0
nppes:1265143671|nppes:1619959426,distinct,,0.259,address,nppes,1265143671,ANCHORED ORTHODONTICS PLLC,,17809 HUTCHINS DR STE 101,55345,612-889-7211,nppes,1619959426,DR JAMES R SCHWARTZ DDS PA,,"17809 HUTCHINS DR, SUITE 108",55345,952-474-5041,0
nppes:1265180699|nppes:1649692864,distinct,,0.305,address,nppes,1265180699,"NORTHLAND DENTAL PARTNERS, PLLC",METRO DENTALCARE LAKEVILLE IDEALIC,20143 IDEALIC AVE,55044,952-303-7012,nppes,1649692864,"ORTHODONTIC CARE SPECIALISTS, PLLC",ORTHODONTIC CARE SPECIALISTS,20143 IDEALIC AVE.,55044,952-432-2682,0
nppes:1265586192|nppes:1336337526,distinct,,0.275,address,nppes,1265586192,OSAGE DENTAL ASSOCIATES PA,,11441 OSAGE ST NW,55433,763-757-6600,nppes,1336337526,NORTHSIDE MINNESOTA ORAL AND MAXILLOFACIAL SURGEONS,,11441 OSAGE ST NW,55433,763-862-6442,0
nppes:1265586192|osm:node/9236659368,review,same place,0.450,nearby,nppes,1265586192,OSAGE DENTAL ASSOCIATES PA,,11441 OSAGE ST NW,55433,763-757-6600,osm,node/9236659368,Osage Dental Associates,,,,,64
nppes:1265589642|nppes:1528150877,distinct,,0.250,address,nppes,1265589642,KUIPERS ORTHODONTICS,,"8900 PENN AVE S, SUITE 216",55431,952-884-9161,nppes,1528150877,MALLINGER DENTAL PLLC,,"8900 PENN AVE SO, SUITE 100",55431,952-881-1154,0
nppes:1265589642|nppes:1548430101,distinct,,0.250,address,nppes,1265589642,KUIPERS ORTHODONTICS,,"8900 PENN AVE S, SUITE 216",55431,952-884-9161,nppes,1548430101,"RICHARD C. RENDER, D.D.S., P.A.",,"8900 PENN AVE S, SUITE 307",55431,952-884-7706,0
nppes:1265589642|nppes:1639214547,distinct,,0.250,address,nppes,1265589642,KUIPERS ORTHODONTICS,,"8900 PENN AVE S, SUITE 216",55431,952-884-9161,nppes,1639214547,DR RICHARD E BRIMACOMB,,"8900 PENN AVE S, #112",55431,952-888-1311,0
nppes:1265589642|nppes:1679705404,distinct,,0.262,address,nppes,1265589642,KUIPERS ORTHODONTICS,,"8900 PENN AVE S, SUITE 216",55431,952-884-9161,nppes,1679705404,ROY KRENGEL DDS PA,,"8900 PENN AVE S, SUITE #112",55431,952-888-1311,0
nppes:1265589642|nppes:1740455773,distinct,,0.250,address,nppes,1265589642,KUIPERS ORTHODONTICS,,"8900 PENN AVE S, SUITE 216",55431,952-884-9161,nppes,1740455773,BISMILLAH DENTAL CARE PLLC,,"8900 PENN AVE S, SUITE 202",55431,952-888-1861,0
nppes:1265606248|nppes:1740402932,review,keys agree,0.562,address+phone,nppes,1265606248,"TRENT M. ANDERSON, D.D.S., P.L.L.C.",SUN RAY FAMILY DENTAL,1871 OLD HUDSON RD,55119,651-738-0900,nppes,1740402932,DR. JERRY BARNES,,1871 OLD HUDSON RD,55119,651-738-0900,0
nppes:1265644926|nppes:1275969263,distinct,,0.355,address,nppes,1265644926,"VALLEY RIDGE DENTAL, LLC",,12425 55TH ST N,55042,651-439-0322,nppes,1275969263,MAHTOMEDI DENTAL P.C.,GRACE DENTAL,12425 55TH ST N,55042,651-430-1020,0
nppes:1275150989|osm:node/1411811129,distinct,,0.097,phone,nppes,1275150989,HAMLINE FAMILY DENTAL,,1347 LARPENTEUR AVE W,55113,651-699-5600,osm,node/1411811129,Snelling Avenue Dental,,,,+1-651-699-5600,7670
nppes:1275150989|osm:node/8165857405,auto_merge,score,0.850,nearby+phone,nppes,1275150989,HAMLINE FAMILY DENTAL,,1347 LARPENTEUR AVE W,55113,651-699-5600,osm,node/8165857405,Hamline Family Dental,,,,+1-651-699-5600,31
nppes:1275318628-pl1|osm:node/9713220536,distinct,,0.261,address,nppes,1275318628-pl1,FOUNDATIONS PSA LLC,,5205 SHORELINE DR,55364,952-955-4300,osm,node/9713220536,West Lakes Dentistry,,5205 Shoreline Drive,55364,+1-952-472-7717,27
nppes:1275628331|nppes:1720918840,review,keys agree,0.560,address+phone,nppes,1275628331,"JAMES M. ERLANDSON, DDS, PA",,2185 WOODLANE DR,55125,651-731-1560,nppes,1720918840,ST. CROIX SLEEP PLLC,,2185 WOODLANE DR,55125,651-731-1560,0
nppes:1275704520|nppes:1710358379,distinct,,0.318,address,nppes,1275704520,DENTAL DELLIVERY SYSTEMS BROOKLYN PARK PA,THE SMILE CENTER,7532 BROOKLYN BLVD,55443,763-263-2222,nppes,1710358379,"MODERN DENTAL PROFESSIONALS, MN PC",MIDWEST DENTAL,7532 BROOKLYN BLVD,55443,763-280-5737,0
nppes:1275707580|nppes:1881060069,review,score,0.655,address+phone,nppes,1275707580,ADVANCED DENTAL GROUP,,3909 SILVER LAKE RD NE,55421,612-789-3573,nppes,1881060069,"MODERN DENTAL PROFESSIONALS, MN PC",MIDWEST DENTAL,3909 SILVER LAKE RD NE,55421,612-789-3573,0
nppes:1285350736|nppes:1285350736-pl1,distinct,,0.450,phone,nppes,1285350736,SHAMBLOTT FAMILY DENTAL CENTER PLLC,DENTAL CARE ALLIANCE,400 SELBY AVE,55102,651-222-6880,nppes,1285350736-pl1,SHAMBLOTT FAMILY DENTAL CENTER PLLC,DENTAL CARE ALLIANCE,33 10TH AVE S STE 250,55343,651-222-6880,23535
nppes:1285350736|osm:node/12818327001,distinct,,0.430,address,nppes,1285350736,SHAMBLOTT FAMILY DENTAL CENTER PLLC,DENTAL CARE ALLIANCE,400 SELBY AVE,55102,651-222-6880,osm,node/12818327001,Shamblott Family Dentistry,,"400 Selby Avenue, Suite A",55102,,168
nppes:1285377820|nppes:1336361534,distinct,,0.204,nearby,nppes,1285377820,"NORTHLAND DENTAL PARTNERS, PLLC",METRO DENTALCARE BLAINE 10,261 COUNTY ROAD 10 NE STE 10,55434,763-786-9644,nppes,1336361534,NORTHTOWN CENTER DENTAL CENTER,NORTHTOWN DENTAL,113 NORTHTOWN DR NE,55434,763-780-5007,105
nppes:1285377820|osm:node/6453441261,distinct,,0.219,nearby,nppes,1285377820,"NORTHLAND DENTAL PARTNERS, PLLC",METRO DENTALCARE BLAINE 10,261 COUNTY ROAD 10 NE STE 10,55434,763-786-9644,osm,node/6453441261,Metro Denal Care,,,,,83
nppes:1285691220|nppes:1457979031,distinct,,0.273,address,nppes,1285691220,SOUTHDALE DENTAL ASSOCIATES,,"7373 FRANCE AVE S, STE 600",55435,952-896-1111,nppes,1457979031,CENTENNIAL LAKES ORTHODONTICS PLLC,,7373 FRANCE AVE S STE 400,55435,952-831-1324,0
nppes:1285691220|nppes:1801982111,distinct,,0.325,address,nppes,1285691220,SOUTHDALE DENTAL ASSOCIATES,,"7373 FRANCE AVE S, STE 600",55435,952-896-1111,nppes,1801982111,CENTENNIAL LAKES DENTAL GROUP,,7373 FRANCE AVE S STE 500,55435,952-831-2800,0
nppes:1285757864|nppes:1770540502,distinct,,0.295,address,nppes,1285757864,"MINNESOTA CRANIOFACIAL CENTER MIDWAY, P.A.",,"2550 UNIVERSITY AVE W, SUITE 143N",55114,651-642-1013,nppes,1770540502,"TWIN CITIES ENDODONTIC SPECIALISTS, P.A.",,"2550 UNIVERSITY AVE W, SUITE 155S",55114,651-646-6386,0
nppes:1285757864|nppes:1861914061,distinct,,0.357,address,nppes,1285757864,"MINNESOTA CRANIOFACIAL CENTER MIDWAY, P.A.",,"2550 UNIVERSITY AVE W, SUITE 143N",55114,651-642-1013,nppes,1861914061,"THE DENTAL SPECIALIST OF MINNESOTA, PLLC",TWIN CITITES ENDODOONTICS SPECIALIST PA,2550 UNIVERSITY AVE W STE 155S,55114,651-646-6386,0
nppes:1285757864|osm:node/6275543772,distinct,,0.216,address,nppes,1285757864,"MINNESOTA CRANIOFACIAL CENTER MIDWAY, P.A.",,"2550 UNIVERSITY AVE W, SUITE 143N",55114,651-642-1013,osm,node/6275543772,St. Paul Oral Surgery,,2550 University Avenue West,55114,,131
nppes:1285825729|osm:node/2047264671,distinct,,0.429,phone,nppes,1285825729,"CRAIG V. DUREN, D.D.S. , P.A.",,351 W NICOLLET BLVD,55337,952-435-4142,osm,node/2047264671,Duren Family Dental,,,,+1 952 4354142,383
nppes:1295227247|nppes:1346316189,distinct,,0.471,address+nearby,nppes,1295227247,"ORTHODONTIC SPECIALISTS OF MINNESOTA, P.L.L.C.",THE DENTAL SPECIALISTS- ORTHODONTICS,8650 HUDSON BLVD N STE 105,55042,651-268-2992,nppes,1346316189,"DENTAL SPECIALISTS OF MINNESOTA, PLLC",THE DENTAL SPECIALISTS HIGH POINTE,"8650 HUDSON BLVD N, SUITE 105",55042,651-714-9477,0
nppes:1295227247|nppes:1356854442-pl13,distinct,,0.254,nearby,nppes,1295227247,"ORTHODONTIC SPECIALISTS OF MINNESOTA, P.L.L.C.",THE DENTAL SPECIALISTS- ORTHODONTICS,8650 HUDSON BLVD N STE 105,55042,651-268-2992,nppes,1356854442-pl13,SMILE ORTHODONTICS STILLWATER LLC,SMILE ORTHODONTICS|SM:)E ORTHO,8980 HUDSON BLVD N,55042,651-351-7777,23
nppes:1295227247|nppes:1477677946,review,same place,0.346,nearby,nppes,1295227247,"ORTHODONTIC SPECIALISTS OF MINNESOTA, P.L.L.C.",THE DENTAL SPECIALISTS- ORTHODONTICS,8650 HUDSON BLVD N STE 105,55042,651-268-2992,nppes,1477677946,ORTHODONTIC CARE GROUP,ORTHODONTIC CARE SPECIALISTS,8980 HUDSON BLVD N,55042,651-501-1467,23
nppes:1295227247|nppes:1932842663,distinct,,0.316,nearby,nppes,1295227247,"ORTHODONTIC SPECIALISTS OF MINNESOTA, P.L.L.C.",THE DENTAL SPECIALISTS- ORTHODONTICS,8650 HUDSON BLVD N STE 105,55042,651-268-2992,nppes,1932842663,FAMILY ORTHODONTIC SPECIALISTS PLC,WOODLAKE ORTHODONTICS LAKE ELMO,8980 HUDSON BLVD N,55042,651-501-1467,23
nppes:1295284701|nppes:1710108022,distinct,,0.338,address,nppes,1295284701,HENSELER ORTHODONTICS,,2850 CURVE CREST BLVD W,55082,651-439-8909,nppes,1710108022,LAND OF LAKES ENDODONTICS PA,,2850 CURVE CREST BLVD W STE 115,55082,651-439-8764,0
nppes:1295284701|nppes:1770702714,distinct,,0.250,address,nppes,1295284701,HENSELER ORTHODONTICS,,2850 CURVE CREST BLVD W,55082,651-439-8909,nppes,1770702714,"GOSSAI & KNUTSON, DDS, PA",SOUTHILL DENTAL GROUP PA,"2850 CURVE CREST BLVD W, SUITE 200",55082,651-439-9400,0
nppes:1295858991|nppes:1619688751,auto_merge,score,0.903,address+nearby+phone,nppes,1295858991,"DENTAL DELIVERY SYSTEMS ST PAUL, PA",DENTAL ASSOCIATES OF ST. PAUL,1790 7TH STREET E.,55119,651-735-0595,nppes,1619688751,DENTAL DELIVERY SYSTEMS OF ST. PAUL LLC,,1790 7TH ST E,55119,651-735-0595,0
nppes:1295858991|osm:way/1474171336,auto_merge,score,0.850,nearby+phone,nppes,1295858991,"DENTAL DELIVERY SYSTEMS ST PAUL, PA",DENTAL ASSOCIATES OF ST. PAUL,1790 7TH STREET E.,55119,651-735-0595,osm,way/1474171336,Dental Associates of St Paul,,1790 7th Street East,55106,+1 651 735 0595,22
nppes:1295890895|osm:way/802023323,review,score,0.794,address+nearby+phone,nppes,1295890895,"CHEROKEE DENTAL, P.A.",,374 ANNAPOLIS ST W,55118,651-457-6231,osm,way/802023323,Cherokee Dentist,,374 Annapolis Street,55118,+1-651-457-6231,49
nppes:1295907202|osm:node/13089392420,review,same place,0.474,address+nearby,nppes,1295907202,SUMMIT DENTAL P.A.,,10756 BUTTERNUT ST NW,55448,763-757-4170,osm,node/13089392420,Summit Dental Care,,10756 Butternut Street Northwest,55448,,76
nppes:1306338553|nppes:1659670362,distinct,,0.400,address+nearby,nppes,1306338553,"ORTHODONTIC SPECIALISTS OF MINNESOTA, P.L.L.C.",THE DENTAL SPECIALISTS-ORTHODONTICS,1109 MOORE LAKE DR E,55432,763-572-2224,nppes,1659670362,NORTHERN ORTHODONTICS,,1109 EAST MOORE LAKE DRIVE,55432,651-439-2600,0
nppes:1306424197|nppes:1891295861,distinct,,0.288,address,nppes,1306424197,"MINNESOTA DENTAL PROFESSIONALS, P.C.",ARBOR LAKES DENTAL,12000 ELM CREEK BLVD N STE 230,55369,763-251-5280,nppes,1891295861,MAPLE GROVE PERIODONTICS AND IMPLANT DENTISTRY,,12000 ELM CREEK BLVD N,55369,763-420-0200,0
nppes:1306424197|nppes:1922181197,distinct,,0.325,address,nppes,1306424197,"MINNESOTA DENTAL PROFESSIONALS, P.C.",ARBOR LAKES DENTAL,12000 ELM CREEK BLVD N STE 230,55369,763-251-5280,nppes,1922181197,"MAPLE GROVE FAMILY DENTAL CLINIC, PA",,"12000 ELM CREEK BLVD N, SUITE #220",55369,763-420-4421,0
nppes:1306912480|nppes:1407325830-pl6,distinct,,0.308,address,nppes,1306912480,"PDG,P.A.",PARK DENTAL,"4200 W OLD SHAKOPEE RD, SUITE 100",55437,952-831-6126,nppes,1407325830-pl6,FACIAL PAIN CENTER PLLC,,4200 W OLD SHAKOPEE RD STE 100,55437,952-926-3858,0
nppes:1306933577|osm:way/1220408471,review,score,0.645,address+phone,nppes,1306933577,A GENTLE DENTAL CENTER P.A.,,4930 42ND AVE N,55422,763-537-4531,osm,way/1220408471,The Dental Suite,,4930 42nd Avenue North,55422,+1-763-537-4531,45
nppes:1316035595|nppes:1336430149,review,keys agree,0.561,address+phone,nppes,1316035595,"BRUCE K.A. DORMANEN, P.A.",,2150 3RD AVE STE 200,55303,763-421-9292,nppes,1336430149,"GROUP HEALTH PLAN, INC",THREE RIVERS ORTHODONTICS,"2150 THIRD AVENUE, SUITE 200",55303,763-421-9292,0
nppes:1316035595|nppes:1356854442-pl5,distinct,,0.250,address,nppes,1316035595,"BRUCE K.A. DORMANEN, P.A.",,2150 3RD AVE STE 200,55303,763-421-9292,nppes,1356854442-pl5,SMILE ORTHODONTICS STILLWATER LLC,SMILE ORTHODONTICS|SM:)E ORTHO,2150 3RD AVE STE 200,55303,651-351-7777,0
nppes:1316035595|nppes:1457064800,distinct,,0.250,address,nppes,1316035595,"BRUCE K.A. DORMANEN, P.A.",,2150 3RD AVE STE 200,55303,763-421-9292,nppes,1457064800,"SMILE ORTHODONTICS STILLWATER, LLC",SMILE ORTHODONTICS,2150 3RD AVE STE 110,55303,651-351-7777,0
nppes:1316035595|nppes:1720479462,distinct,,0.261,address,nppes,1316035595,"BRUCE K.A. DORMANEN, P.A.",,2150 3RD AVE STE 200,55303,763-421-9292,nppes,1720479462,"GROUP HEALTH PLAN, INC",,"2150 3RD AVE, SUITE 200",55303,763-585-7610,0
nppes:1316062557|nppes:1811630551,review,score,0.820,address+nearby+phone,nppes,1316062557,ORTHODONTIC CARE GROUP,ORTHODONTIC CARE SPECIALISTS,14455 SOUTH ROBERT TRAIL,55068,651-423-6302,nppes,1811630551,FAMILY ORTHODONTIC SPECIALISTS PLC,WOODLAKE ORTHODONTICS ROSEMOUNT,14455 S ROBERT TRL,55068,651-423-6302,0
nppes:1316097116|nppes:1386297398,distinct,,0.257,address,nppes,1316097116,HULTGREN & HOXIE ORTHODONTICS,,"7825 TERREY PINE CT, SUITE 101",55347,952-937-0111,nppes,1386297398,ROBERT E. DERR D.D.S. AND AMY CHI D.D.S. FAMILY DENTISTRY,,7825 TERREY PINE CT,55347,952-934-3569,0
nppes:1316450091|nppes:1912395419,distinct,,0.393,address+nearby,nppes,1316450091,TRAN DENTAL LLC,,3570 RIVER RAPIDS DR NW STE 110,55448,651-523-1093,nppes,1912395419,"MN DENTISTRY, PC",ASPEN DENTAL,"3570 RIVER RAPIDS DRIVE NW, STE 110",55448,315-454-6000,0
nppes:1316538101|nppes:1801941943,review,score,0.700,address+nearby,nppes,1316538101,"GROUP HEALTH, INC.",HEALTHPARTNERS PEDIATRIC DENTAL,205 WABASHA ST S,55107,651-293-8300,nppes,1801941943,"GROUP HEALTH, INC.",HEALTHPARTNERS ST. PAUL DENTAL CLINIC,205 WABASHA ST S,55107,651-227-3757,0
nppes:1316538101|nppes:1952042053,review,score,0.700,address+nearby,nppes,1316538101,"GROUP HEALTH, INC.",HEALTHPARTNERS PEDIATRIC DENTAL,205 WABASHA ST S,55107,651-293-8300,nppes,1952042053,"GROUP HEALTH, INC.",HEALTHPARTNERS ST. PAUL RESIDENCY DENTAL,205 WABASHA ST S,55107,651-254-7373,0
nppes:1326023474|nppes:1578606067,distinct,,0.391,address+nearby,nppes,1326023474,INFINITY DENTAL CARE,ASPEN DENTAL CARE ALLIANCE DENTAL,"101 5TH ST E, STE 299",55101,651-224-7470,nppes,1578606067,ARENDAL DENTAL CLINIC,,"101 5TH ST E, SUITE 299",55101,651-204-9353,0
nppes:1326044538|nppes:1376619114,distinct,,0.266,address,nppes,1326044538,SOUTHDALE PERIODONTICS,,"6545 FRANCE AVE S, STE 190",55435,952-922-6949,nppes,1376619114,"DENTAL SPECIALISTS OF MINNESOTA, PLLC",THE DENTAL SPECIALISTS,"6545 FRANCE AVE S, SUITE 366",55435,952-929-4319,0
nppes:1326044538|nppes:1407008477,review,score,0.696,address+nearby+phone,nppes,1326044538,SOUTHDALE PERIODONTICS,,"6545 FRANCE AVE S, STE 190",55435,952-922-6949,nppes,1407008477,DYLLA-JENSEN PERIODONTICS PLLC,,6545 FRANCE AVE S,55435,952-922-6949,0
nppes:1326044538|nppes:1417581240,distinct,,0.270,address,nppes,1326044538,SOUTHDALE PERIODONTICS,,"6545 FRANCE AVE S, STE 190",55435,952-922-6949,nppes,1417581240,ELEGANT DENTISTRY PPLC,,6545 FRANCE AVE S STE 681,55435,612-800-8008,0
nppes:1326044538|nppes:1457411753,distinct,,0.260,address,nppes,1326044538,SOUTHDALE PERIODONTICS,,"6545 FRANCE AVE S, STE 190",55435,952-922-6949,nppes,1457411753,JEROME E. EUTENEUER DDS PA,,"6545 FRANCE AVE S, SUITE 270",55435,952-927-7744,0
nppes:1326044538|nppes:1700589264,distinct,,0.265,address,nppes,1326044538,SOUTHDALE PERIODONTICS,,"6545 FRANCE AVE S, STE 190",55435,952-922-6949,nppes,1700589264,ADVANCED RECONSTRUCTIVE DENTISTRY PLLC,,6545 FRANCE AVE S STE 680,55435,952-922-5326,0
nppes:1326044538|nppes:1710080809,distinct,,0.325,address,nppes,1326044538,SOUTHDALE PERIODONTICS,,"6545 FRANCE AVE S, STE 190",55435,952-922-6949,nppes,1710080809,ENDODONTIC SPECIALISTS PA,,"6545 FRANCE AVE S, SUITE #665",55435,952-927-8694,0
nppes:1326044538|nppes:1821362302,distinct,,0.321,address,nppes,1326044538,SOUTHDALE PERIODONTICS,,"6545 FRANCE AVE S, STE 190",55435,952-922-6949,nppes,1821362302,"ORTHODONTIC SPECIALISTS OF MINNESOTA, P.L.L.C.",THE DENTAL SPECIALISTS - ORTHODONTICS,"6545 FRANCE AVE S, SUITE 381",55435,952-926-7766,0
nppes:1326044538|nppes:1881312676,distinct,,0.259,address,nppes,1326044538,SOUTHDALE PERIODONTICS,,"6545 FRANCE AVE S, STE 190",55435,952-922-6949,nppes,1881312676,"MARIE JOYCELYN LUA, DMD, MS, PA",,6545 FRANCE AVE S STE 680,55435,952-920-7482,0
nppes:1326156910|nppes:1356525331,auto_merge,score,0.871,address+nearby+phone,nppes,1326156910,ECKART DENTAL CENTER LLC,,300 1ST AVE E,55379,952-445-1352,nppes,1356525331,ECKART DENTAL CENTER P.A.,,300 1ST AVE E,55379,952-445-1352,0
nppes:1326156910|nppes:1619791019,distinct,,0.261,address,nppes,1326156910,ECKART DENTAL CENTER LLC,,300 1ST AVE E,55379,952-445-1352,nppes,1619791019,"JAMES R JENSEN, DDS",JAMES R JENSEN DDS,300 1ST AVE E,55379,952-426-0367,0
nppes:1326156910|nppes:1972995587,auto_merge,score,1.000,address+nearby+phone,nppes,1326156910,ECKART DENTAL CENTER LLC,,300 1ST AVE E,55379,952-445-1352,nppes,1972995587,"ECKART DENTAL CENTER, LLC",,300 1ST AVENUE E,55379,952-445-1352,0
nppes:1326156910|osm:way/42789254,review,same place,0.425,nearby,nppes,1326156910,ECKART DENTAL CENTER LLC,,300 1ST AVE E,55379,952-445-1352,osm,way/42789254,Eckart Dental Center,,,,,74
nppes:1326284597|nppes:1720415896,review,score,0.797,address+nearby+phone,nppes,1326284597,MAHTOMEDI DENTAL CLINIC,,814 MAHTOMEDI AVE,55115,651-426-0011,nppes,1720415896,MAHTOMEDI FAMILY DENTAL,,814 MAHTOMEDI AVE,55115,651-426-0011,0
nppes:1326284597|nppes:1841462652,auto_merge,score,1.000,address+nearby+phone,nppes,1326284597,MAHTOMEDI DENTAL CLINIC,,814 MAHTOMEDI AVE,55115,651-426-0011,nppes,1841462652,MAHTOMEDI DENTAL CLINIC,NORTH ST. PAUL DENTAL,"814 MAHTOMEDI AVE, MAHTOMEDI DENTAL",55115,651-426-0011,0
nppes:1326797713|nppes:1750538930,distinct,,0.447,address+nearby,nppes,1326797713,"FAMILY PERIODONTIC SPECIALISTS, PLC",METRO DENTALCARE SPECIALTY CENTER BURNSVILLE - PERIODONTICS,14344 BURNHAVEN DR,55306,612-638-1238,nppes,1750538930,"NORTHLAND DENTAL PARTNERS, PLLC",METRO DENTALCARE BURNSVILLE RIDGES|METRO DENTALCARE,14344 BURNHAVEN DR,55306,952-892-6010,0
nppes:1326797713|nppes:1780327411,review,same place,0.576,address+nearby,nppes,1326797713,"FAMILY PERIODONTIC SPECIALISTS, PLC",METRO DENTALCARE SPECIALTY CENTER BURNSVILLE - PERIODONTICS,14344 BURNHAVEN DR,55306,612-638-1238,nppes,1780327411,FAMILY ORTHODONTIC SPECIALISTS PLC,WOODLAKE ORTHODONTICS BURNSVILLE,14344 BURNHAVEN DR,55306,952-435-5715,0
nppes:1326797713|nppes:1871241505,auto_merge,score,0.920,address+nearby+phone,nppes,1326797713,"FAMILY PERIODONTIC SPECIALISTS, PLC",METRO DENTALCARE SPECIALTY CENTER BURNSVILLE - PERIODONTICS,14344 BURNHAVEN DR,55306,612-638-1238,nppes,1871241505,FAMILY ENDODONTIC SPECIALISTS PLC,METRO DENTALCARE SPECIALTY CENTER BURNSVILLE - ENDODONTICS,14344 BURNHAVEN DR,55306,612-638-1238,0
nppes:1336201797-pl1|nppes:1336575539,distinct,,0.260,address,nppes,1336201797-pl1,APPLE VALLEY DENTAL CARE,,2130 CLIFF RD STE 107,55122,612-426-3221,nppes,1336575539,SCOTT L BJERKE DDS PA,,"2130 CLIFF RD, SIUTE 107",55122,651-452-3112,0
nppes:1336201797-pl1|nppes:1649438268,distinct,,0.258,address,nppes,1336201797-pl1,APPLE VALLEY DENTAL CARE,,2130 CLIFF RD STE 107,55122,612-426-3221,nppes,1649438268,ERICKSON/AAMODT ORTHODONTICS PA,,"2130 CLIFF RD, SUITE 220",55122,651-405-1055,0
nppes:1336201797-pl1|nppes:1730734708,distinct,,0.340,address,nppes,1336201797-pl1,APPLE VALLEY DENTAL CARE,,2130 CLIFF RD STE 107,55122,612-426-3221,nppes,1730734708,IDEAL DENTAL PLLC,,2130 CLIFF RD STE 107,55122,651-452-3112,0
nppes:1336351022|nppes:1639337710,distinct,,0.291,address,nppes,1336351022,"PATRICK C. DALE D.D.S., P.A.",,"13800 83RD WAY N, SUITE 106",55369,763-424-2930,nppes,1639337710,BLUE RIDGE DENTAL CENTER PA,BLUE RIDGE DENTAL CENTER PA,13800 83RD WAY N STE 100,55369,763-424-2877,0
nppes:1336361534|nppes:1730788498,distinct,,0.383,phone,nppes,1336361534,NORTHTOWN CENTER DENTAL CENTER,NORTHTOWN DENTAL,113 NORTHTOWN DR NE,55434,763-780-5007,nppes,1730788498,MODERN DENTAL PROFESSIONALS,,676 COUNTY ROAD 10 NE,55434,763-780-5007,593
nppes:1336430149|nppes:1356854442-pl5,distinct,,0.433,address+nearby,nppes,1336430149,"GROUP HEALTH PLAN, INC",THREE RIVERS ORTHODONTICS,"2150 THIRD AVENUE, SUITE 200",55303,763-421-9292,nppes,1356854442-pl5,SMILE ORTHODONTICS STILLWATER LLC,SMILE ORTHODONTICS|SM:)E ORTHO,2150 3RD AVE STE 200,55303,651-351-7777,0
nppes:1336430149|nppes:1457064800,distinct,,0.433,address+nearby,nppes,1336430149,"GROUP HEALTH PLAN, INC",THREE RIVERS ORTHODONTICS,"2150 THIRD AVENUE, SUITE 200",55303,763-421-9292,nppes,1457064800,"SMILE ORTHODONTICS STILLWATER, LLC",SMILE ORTHODONTICS,2150 3RD AVE STE 110,55303,651-351-7777,0
nppes:1336430149|nppes:1720479462,review,score,0.700,address+nearby,nppes,1336430149,"GROUP HEALTH PLAN, INC",THREE RIVERS ORTHODONTICS,"2150 THIRD AVENUE, SUITE 200",55303,763-421-9292,nppes,1720479462,"GROUP HEALTH PLAN, INC",,"2150 3RD AVE, SUITE 200",55303,763-585-7610,0
nppes:1336492834|nppes:1447659495,review,score,0.775,address+nearby+phone,nppes,1336492834,"BOGER-TRI DENTAL, P.L.L.C.",MINNETONKA DENTAL CARE,17909 DELTON AVE,55345,952-474-7057,nppes,1447659495,MINNETONKA DENTAL PARTNERS LLC,,17909 DELTON AVE,55345,952-474-7057,0
nppes:1336560275|nppes:1942357397,distinct,,0.391,phone,nppes,1336560275,"VENEMAN DENTAL CARE, PA",,"1774 COPE AVE, SUITE 110",55109,651-770-7175,nppes,1942357397,VENEMAN DENTAL CARE,,1650 BEAM AVE,55109,651-770-7175,2046
nppes:1336575539|nppes:1649438268,distinct,,0.276,address,nppes,1336575539,SCOTT L BJERKE DDS PA,,"2130 CLIFF RD, SIUTE 107",55122,651-452-3112,nppes,1649438268,ERICKSON/AAMODT ORTHODONTICS PA,,"2130 CLIFF RD, SUITE 220",55122,651-405-1055,0
nppes:1336575539|nppes:1730734708,review,keys agree,0.574,address+phone,nppes,1336575539,SCOTT L BJERKE DDS PA,,"2130 CLIFF RD, SIUTE 107",55122,651-452-3112,nppes,1730734708,IDEAL DENTAL PLLC,,2130 CLIFF RD STE 107,55122,651-452-3112,0
nppes:1346065398|nppes:1750436333,distinct,,0.317,address,nppes,1346065398,APPLE TREE DENTAL,,450 SYNDICATE ST N STE 119,55104,651-644-8882,nppes,1750436333,"GROUP HEALTH, INC.",HEALTHPARTNERS MIDWAY DENTAL CLINIC,"450 SYNDICATE ST N, #300",55104,651-254-7373,0
nppes:1346273059|osm:way/993142838,review,same place,0.575,address+nearby,nppes,1346273059,"RHODE ISLAND DENTAL, P.A.",,3645 RHODE ISLAND AVE S,55426,952-938-7628,osm,way/993142838,Rhode Island Dental,,3645 Rhode Island Avenue South,55426,,85
nppes:1346353968|nppes:1588049480,distinct,,0.387,address+nearby,nppes,1346353968,STEVEN J BENKE DDS,BENKE DENTAL CARE,"5972 CAHILL AVENUE, SUITE 109",55076,651-450-1602,nppes,1588049480,STAR DENTAL,,5972 CAHILL AVE STE 104,55076,651-455-0068,0
nppes:1346462355|osm:node/547074088,review,same place,0.500,nearby,nppes,1346462355,CROSSINGS DENTAL CARE,,8170 OLD CARRIAGE CT STE 150,55379,952-224-8090,osm,node/547074088,Crossings Dental Care,,,,,125
nppes:1346649712|nppes:1447372859,distinct,,0.352,address,nppes,1346649712,IVORY DENTAL,,825 NICOLLET MALL STE 505,55402,612-338-8636,nppes,1447372859,SCOTT R. KOIDAHL DDS PA,DOWNTOWN DENTAL ASSOCIATES,"825 NICOLLET MALL, SUITE 731",55402,612-339-5808,0
nppes:1346649712|nppes:1649867334,distinct,,0.250,address,nppes,1346649712,IVORY DENTAL,,825 NICOLLET MALL STE 505,55402,612-338-8636,nppes,1649867334,MSP ORTHODONTICS PLLC,,825 NICOLLET MALL STE 531,55402,612-332-4344,0
nppes:1346649712|nppes:1659039444,distinct,,0.323,address,nppes,1346649712,IVORY DENTAL,,825 NICOLLET MALL STE 505,55402,612-338-8636,nppes,1659039444,MINNEAPOLIS DENTAL PROFESSIONALS LLC,,825 NICOLLET MALL STE 939,55402,612-338-1255,0
nppes:1346649712|nppes:1669199741,distinct,,0.250,address,nppes,1346649712,IVORY DENTAL,,825 NICOLLET MALL STE 505,55402,612-338-8636,nppes,1669199741,METROPOLITAN PERIODONTISTS,,"825 NICOLLET MALL, STE. 210",55402,612-332-0869,0
nppes:1346649712|nppes:1821746249,distinct,,0.338,address,nppes,1346649712,IVORY DENTAL,,825 NICOLLET MALL STE 505,55402,612-338-8636,nppes,1821746249,"NORTHLAND DENTAL PARTNERS, PLLC",METRO DENTALCARE DOWNTOWN MINNEAPOLIS,825 NICOLLET MALL STE 1025,55402,612-333-2879,0
nppes:1346649712|nppes:1841656410,distinct,,0.371,address,nppes,1346649712,IVORY DENTAL,,825 NICOLLET MALL STE 505,55402,612-338-8636,nppes,1841656410,CITYSCAPE DENTAL PA,,"825 NICOLLET MALL, SUITE# 1921",55402,612-332-5916,0
nppes:1346649712|nppes:1861138133,distinct,,0.306,address,nppes,1346649712,IVORY DENTAL,,825 NICOLLET MALL STE 505,55402,612-338-8636,nppes,1861138133,DOWNTOWN PERIODONTICS AND IMPLANT DENTISTRY,,"825 NICOLLET MALL, SUITE 725",55402,612-339-5593,0
nppes:1346649712|nppes:1982775235,distinct,,0.250,address,nppes,1346649712,IVORY DENTAL,,825 NICOLLET MALL STE 505,55402,612-338-8636,nppes,1982775235,"METROPOLITAN PERIODONTISTS, P.A.",,"825 NICOLLET MALL, SUITE 210",55402,612-332-0869,0
nppes:1356404883|nppes:1467515460,distinct,,0.270,address,nppes,1356404883,WOODDALE DENTAL GROUP PA,,3401 WOODDALE AVE S,55416,952-929-3336,nppes,1467515460,"NEIL R. COVIN, D.D.S., P.A.",,3401 WOODDALE AVE S,55416,952-920-9209,0
nppes:1356404883|nppes:1992820153,distinct,,0.314,address,nppes,1356404883,WOODDALE DENTAL GROUP PA,,3401 WOODDALE AVE S,55416,952-929-3336,nppes,1992820153,ORTHODONTIC CARE GROUP,ORTHODONTIC CARE SPECIALISTS,3401 WOODDALE AVE S,55416,952-920-1373,0
nppes:1356525331|nppes:1619791019,distinct,,0.261,address,nppes,1356525331,ECKART DENTAL CENTER P.A.,,300 1ST AVE E,55379,952-445-1352,nppes,1619791019,"JAMES R JENSEN, DDS",JAMES R JENSEN DDS,300 1ST AVE E,55379,952-426-0367,0
nppes:1356525331|nppes:1972995587,auto_merge,score,0.871,address+nearby+phone,nppes,1356525331,ECKART DENTAL CENTER P.A.,,300 1ST AVE E,55379,952-445-1352,nppes,1972995587,"ECKART DENTAL CENTER, LLC",,300 1ST AVENUE E,55379,952-445-1352,0
nppes:1356525331|osm:way/42789254,review,same place,0.425,nearby,nppes,1356525331,ECKART DENTAL CENTER P.A.,,300 1ST AVE E,55379,952-445-1352,osm,way/42789254,Eckart Dental Center,,,,,74
nppes:1356539993|nppes:1508039785,distinct,,0.343,address,nppes,1356539993,WOODGROVE DENTAL PA,,"1789 WOODLANE DR, SUITE D",55125,651-738-1284,nppes,1508039785,CLASEN FAMILY DENTAL,,"1789 WOODLANE DR, SUITE B",55125,651-739-0640,0
nppes:1356586804|nppes:1396089298,review,score,0.717,address+nearby+phone,nppes,1356586804,"STANLEY P. WILLIAMSON, D.D.S., P.A.",WILLIAMSON ORTHODONTICS,5101 VERNON AVE S STE 502,55436,952-926-3747,nppes,1396089298,PAN ORTHODONTIC CLINICS,,"5101 VERNON AVE S, SUITE 502",55436,952-926-3747,0
nppes:1356586804|nppes:1437847654,distinct,,0.267,address,nppes,1356586804,"STANLEY P. WILLIAMSON, D.D.S., P.A.",WILLIAMSON ORTHODONTICS,5101 VERNON AVE S STE 502,55436,952-926-3747,nppes,1437847654,INTERLACHEN DENTAL ASSOCIATES,,"5101 VERNON AVE S, STE 1B",55436,952-920-9579,0
nppes:1356586804|osm:node/12335479796,review,score,0.609,nearby+phone,nppes,1356586804,"STANLEY P. WILLIAMSON, D.D.S., P.A.",WILLIAMSON ORTHODONTICS,5101 VERNON AVE S STE 502,55436,952-926-3747,osm,node/12335479796,Pan Orthodontics,,,,+1 952 926 3747,49
nppes:1356854442-pl10|nppes:1356854442-pl13,distinct,,0.450,phone,nppes,1356854442-pl10,SMILE ORTHODONTICS STILLWATER LLC,SMILE ORTHODONTICS|SM:)E ORTHO,1670 BEAM AVE STE 203,55109,651-351-7777,nppes,1356854442-pl13,SMILE ORTHODONTICS STILLWATER LLC,SMILE ORTHODONTICS|SM:)E ORTHO,8980 HUDSON BLVD N,55042,651-351-7777,12071
nppes:1356854442-pl10|nppes:1356854442-pl2,auto_merge,score,1.000,address+nearby+phone,nppes,1356854442-pl10,SMILE ORTHODONTICS STILLWATER LLC,SMILE ORTHODONTICS|SM:)E ORTHO,1670 BEAM AVE STE 203,55109,651-351-7777,nppes,1356854442-pl2,SMILE ORTHODONTICS STILLWATER LLC,SMILE ORTHODONTICS|SM:)E ORTHO,1670 BEAM AVE STE 202,55109,651-351-7777,0
nppes:1356854442-pl10|nppes:1356854442-pl4,distinct,,0.450,phone,nppes,1356854442-pl10,SMILE ORTHODONTICS STILLWATER LLC,SMILE ORTHODONTICS|SM:)E ORTHO,1670 BEAM AVE STE 203,55109,651-351-7777,nppes,1356854442-pl4,SMILE ORTHODONTICS STILLWATER LLC,SMILE ORTHODONTICS|SM:)E ORTHO,3007 LYNDALE AVE S,55408,651-351-7777,22165
nppes:1356854442-pl10|nppes:1356854442-pl5,distinct,,0.450,phone,nppes,1356854442-pl10,SMILE ORTHODONTICS STILLWATER LLC,SMILE ORTHODONTICS|SM:)E ORTHO,1670 BEAM AVE STE 203,55109,651-351-7777,nppes,1356854442-pl5,SMILE ORTHODONTICS STILLWATER LLC,SMILE ORTHODONTICS|SM:)E ORTHO,2150 3RD AVE STE 200,55303,651-351-7777,33927
nppes:1356854442-pl10|nppes:1356854442-pl7,distinct,,0.450,phone,nppes,1356854442-pl10,SMILE ORTHODONTICS STILLWATER LLC,SMILE ORTHODONTICS|SM:)E ORTHO,1670 BEAM AVE STE 203,55109,651-351-7777,nppes,1356854442-pl7,SMILE ORTHODONTICS STILLWATER LLC,SMILE ORTHODONTICS|SM:)E ORTHO,3197 NORTHDALE BLVD NW,55433,651-351-7777,30417
nppes:1356854442-pl10|nppes:1356854442-pl9,distinct,,0.450,phone,nppes,1356854442-pl10,SMILE ORTHODONTICS STILLWATER LLC,SMILE ORTHODONTICS|SM:)E ORTHO,1670 BEAM AVE STE 203,55109,651-351-7777,nppes,1356854442-pl9,SMILE ORTHODONTICS STILLWATER LLC,SMILE ORTHODONTICS|SM:)E ORTHO,11995 SINGLETREE LN STE 110,55344,651-351-7777,36752
nppes:1356854442-pl10|nppes:1457064800,distinct,,0.450,phone,nppes,1356854442-pl10,SMILE ORTHODONTICS STILLWATER LLC,SMILE ORTHODONTICS|SM:)E ORTHO,1670 BEAM AVE STE 203,55109,651-351-7777,nppes,1457064800,"SMILE ORTHODONTICS STILLWATER, LLC",SMILE ORTHODONTICS,2150 3RD AVE STE 110,55303,651-351-7777,33927
nppes:1356854442-pl10|nppes:1518572916,distinct,,0.450,phone,nppes,1356854442-pl10,SMILE ORTHODONTICS STILLWATER LLC,SMILE ORTHODONTICS|SM:)E ORTHO,1670 BEAM AVE STE 203,55109,651-351-7777,nppes,1518572916,SMILE ORTHODONTICS STILLWATER LLC,SMILE ORTHODONTICS,2008 FORD PKWY,55116,651-351-7777,17303
nppes:1356854442-pl10|nppes:1689842841,distinct,,0.225,phone,nppes,1356854442-pl10,SMILE ORTHODONTICS STILLWATER LLC,SMILE ORTHODONTICS|SM:)E ORTHO,1670 BEAM AVE STE 203,55109,651-351-7777,nppes,1689842841,"ST. CROIX VALLEY DENTAL, PLLC",NORTHERN ORTHODONTICS,13961 60TH ST N,55082,651-351-7777,16221
nppes:1356854442-pl10|nppes:1821690496,review,score,0.750,phone,nppes,1356854442-pl10,SMILE ORTHODONTICS STILLWATER LLC,SMILE ORTHODONTICS|SM:)E ORTHO,1670 BEAM AVE STE 203,55109,651-351-7777,nppes,1821690496,SMILE ORTHODONTICS STILLWATER LLC,,9424 MAPLE GROVE PKWY N,55311,651-351-7777,
nppes:1356854442-pl10|nppes:1831509827,distinct,,0.273,address,nppes,1356854442-pl10,SMILE ORTHODONTICS STILLWATER LLC,SMILE ORTHODONTICS|SM:)E ORTHO,1670 BEAM AVE STE 203,55109,651-351-7777,nppes,1831509827,METROPOLITAN STATE UNIVERSITY,MERTOPOLITAN STATE UNIVERSITY DENTAL CLINIC,"1670 BEAM AVE, #203",55109,651-621-8840,0
nppes:1356854442-pl13|nppes:1356854442-pl2,distinct,,0.450,phone,nppes,1356854442-pl13,SMILE ORTHODONTICS STILLWATER LLC,SMILE ORTHODONTICS|SM:)E ORTHO,8980 HUDSON BLVD N,55042,651-351-7777,nppes,1356854442-pl2,SMILE ORTHODONTICS STILLWATER LLC,SMILE ORTHODONTICS|SM:)E ORTHO,1670 BEAM AVE STE 202,55109,651-351-7777,12071
nppes:1356854442-pl13|nppes:1356854442-pl4,distinct,,0.450,phone,nppes,1356854442-pl13,SMILE ORTHODONTICS STILLWATER LLC,SMILE ORTHODONTICS|SM:)E ORTHO,8980 HUDSON BLVD N,55042,651-351-7777,nppes,1356854442-pl4,SMILE ORTHODONTICS STILLWATER LLC,SMILE ORTHODONTICS|SM:)E ORTHO,3007 LYNDALE AVE S,55408,651-351-7777,28645
nppes:1356854442-pl13|nppes:1356854442-pl5,distinct,,0.450,phone,nppes,1356854442-pl13,SMILE ORTHODONTICS STILLWATER LLC,SMILE ORTHODONTICS|SM:)E ORTHO,8980 HUDSON BLVD N,55042,651-351-7777,nppes,1356854442-pl5,SMILE ORTHODONTICS STILLWATER LLC,SMILE ORTHODONTICS|SM:)E ORTHO,2150 3RD AVE STE 200,55303,651-351-7777,45800
nppes:1356854442-pl13|nppes:1356854442-pl7,distinct,,0.450,phone,nppes,1356854442-pl13,SMILE ORTHODONTICS STILLWATER LLC,SMILE ORTHODONTICS|SM:)E ORTHO,8980 HUDSON BLVD N,55042,651-351-7777,nppes,1356854442-pl7,SMILE ORTHODONTICS STILLWATER LLC,SMILE ORTHODONTICS|SM:)E ORTHO,3197 NORTHDALE BLVD NW,55433,651-351-7777,42335
nppes:1356854442-pl13|nppes:1356854442-pl9,distinct,,0.450,phone,nppes,1356854442-pl13,SMILE ORTHODONTICS STILLWATER LLC,SMILE ORTHODONTICS|SM:)E ORTHO,8980 HUDSON BLVD N,55042,651-351-7777,nppes,1356854442-pl9,SMILE ORTHODONTICS STILLWATER LLC,SMILE ORTHODONTICS|SM:)E ORTHO,11995 SINGLETREE LN STE 110,55344,651-351-7777,41094
nppes:1356854442-pl13|nppes:1457064800,distinct,,0.450,phone,nppes,1356854442-pl13,SMILE ORTHODONTICS STILLWATER LLC,SMILE ORTHODONTICS|SM:)E ORTHO,8980 HUDSON BLVD N,55042,651-351-7777,nppes,1457064800,"SMILE ORTHODONTICS STILLWATER, LLC",SMILE ORTHODONTICS,2150 3RD AVE STE 110,55303,651-351-7777,45800
nppes:1356854442-pl13|nppes:1477677946,distinct,,0.410,address+nearby,nppes,1356854442-pl13,SMILE ORTHODONTICS STILLWATER LLC,SMILE ORTHODONTICS|SM:)E ORTHO,8980 HUDSON BLVD N,55042,651-351-7777,nppes,1477677946,ORTHODONTIC CARE GROUP,ORTHODONTIC CARE SPECIALISTS,8980 HUDSON BLVD N,55042,651-501-1467,0
nppes:1356854442-pl13|nppes:1518572916,distinct,,0.450,phone,nppes,1356854442-pl13,SMILE ORTHODONTICS STILLWATER LLC,SMILE ORTHODONTICS|SM:)E ORTHO,8980 HUDSON BLVD N,55042,651-351-7777,nppes,1518572916,SMILE ORTHODONTICS STILLWATER LLC,SMILE ORTHODONTICS,2008 FORD PKWY,55116,651-351-7777,20850
nppes:1356854442-pl13|nppes:1689842841,distinct,,0.225,phone,nppes,1356854442-pl13,SMILE ORTHODONTICS STILLWATER LLC,SMILE ORTHODONTICS|SM:)E ORTHO,8980 HUDSON BLVD N,55042,651-351-7777,nppes,1689842841,"ST. CROIX VALLEY DENTAL, PLLC",NORTHERN ORTHODONTICS,13961 60TH ST N,55082,651-351-7777,12436
nppes:1356854442-pl13|nppes:1760540280,distinct,,0.250,address,nppes,1356854442-pl13,SMILE ORTHODONTICS STILLWATER LLC,SMILE ORTHODONTICS|SM:)E ORTHO,8980 HUDSON BLVD N,55042,651-351-7777,nppes,1760540280,"PDG, P.A",PARK DENTAL,8980 HUDSON BLVD N,55042,651-735-9057,0
nppes:1356854442-pl13|nppes:1821690496,review,score,0.750,phone,nppes,1356854442-pl13,SMILE ORTHODONTICS STILLWATER LLC,SMILE ORTHODONTICS|SM:)E ORTHO,8980 HUDSON BLVD N,55042,651-351-7777,nppes,1821690496,SMILE ORTHODONTICS STILLWATER LLC,,9424 MAPLE GROVE PKWY N,55311,651-351-7777,
nppes:1356854442-pl13|nppes:1932842663,distinct,,0.417,address+nearby,nppes,1356854442-pl13,SMILE ORTHODONTICS STILLWATER LLC,SMILE ORTHODONTICS|SM:)E ORTHO,8980 HUDSON BLVD N,55042,651-351-7777,nppes,1932842663,FAMILY ORTHODONTIC SPECIALISTS PLC,WOODLAKE ORTHODONTICS LAKE ELMO,8980 HUDSON BLVD N,55042,651-501-1467,0
nppes:1356854442-pl1|nppes:1356854442-pl10,distinct,,0.450,phone,nppes,1356854442-pl1,SMILE ORTHODONTICS STILLWATER LLC,SMILE ORTHODONTICS|SM:)E ORTHO,266 E TRAVELERS TRL STE 105,55337,651-351-7777,nppes,1356854442-pl10,SMILE ORTHODONTICS STILLWATER LLC,SMILE ORTHODONTICS|SM:)E ORTHO,1670 BEAM AVE STE 203,55109,651-351-7777,34015
nppes:1356854442-pl1|nppes:1356854442-pl13,distinct,,0.450,phone,nppes,1356854442-pl1,SMILE ORTHODONTICS STILLWATER LLC,SMILE ORTHODONTICS|SM:)E ORTHO,266 E TRAVELERS TRL STE 105,55337,651-351-7777,nppes,1356854442-pl13,SMILE ORTHODONTICS STILLWATER LLC,SMILE ORTHODONTICS|SM:)E ORTHO,8980 HUDSON BLVD N,55042,651-351-7777,33661
nppes:1356854442-pl1|nppes:1356854442-pl2,distinct,,0.450,phone,nppes,1356854442-pl1,SMILE ORTHODONTICS STILLWATER LLC,SMILE ORTHODONTICS|SM:)E ORTHO,266 E TRAVELERS TRL STE 105,55337,651-351-7777,nppes,1356854442-pl2,SMILE ORTHODONTICS STILLWATER LLC,SMILE ORTHODONTICS|SM:)E ORTHO,1670 BEAM AVE STE 202,55109,651-351-7777,34015
nppes:1356854442-pl1|nppes:1356854442-pl4,distinct,,0.450,phone,nppes,1356854442-pl1,SMILE ORTHODONTICS STILLWATER LLC,SMILE ORTHODONTICS|SM:)E ORTHO,266 E TRAVELERS TRL STE 105,55337,651-351-7777,nppes,1356854442-pl4,SMILE ORTHODONTICS STILLWATER LLC,SMILE ORTHODONTICS|SM:)E ORTHO,3007 LYNDALE AVE S,55408,651-351-7777,19218
nppes:1356854442-pl1|nppes:1356854442-pl5,distinct,,0.450,phone,nppes,1356854442-pl1,SMILE ORTHODONTICS STILLWATER LLC,SMILE ORTHODONTICS|SM:)E ORTHO,266 E TRAVELERS TRL STE 105,55337,651-351-7777,nppes,1356854442-pl5,SMILE ORTHODONTICS STILLWATER LLC,SMILE ORTHODONTICS|SM:)E ORTHO,2150 3RD AVE STE 200,55303,651-351-7777,47981
nppes:1356854442-pl1|nppes:1356854442-pl7,distinct,,0.450,phone,nppes,1356854442-pl1,SMILE ORTHODONTICS STILLWATER LLC,SMILE ORTHODONTICS|SM:)E ORTHO,266 E TRAVELERS TRL STE 105,55337,651-351-7777,nppes,1356854442-pl7,SMILE ORTHODONTICS STILLWATER LLC,SMILE ORTHODONTICS|SM:)E ORTHO,3197 NORTHDALE BLVD NW,55433,651-351-7777,46087
nppes:1356854442-pl1|nppes:1356854442-pl9,distinct,,0.450,phone,nppes,1356854442-pl1,SMILE ORTHODONTICS STILLWATER LLC,SMILE ORTHODONTICS|SM:)E ORTHO,266 E TRAVELERS TRL STE 105,55337,651-351-7777,nppes,1356854442-pl9,SMILE ORTHODONTICS STILLWATER LLC,SMILE ORTHODONTICS|SM:)E ORTHO,11995 SINGLETREE LN STE 110,55344,651-351-7777,15217
nppes:1356854442-pl1|nppes:1457064800,distinct,,0.450,phone,nppes,1356854442-pl1,SMILE ORTHODONTICS STILLWATER LLC,SMILE ORTHODONTICS|SM:)E ORTHO,266 E TRAVELERS TRL STE 105,55337,651-351-7777,nppes,1457064800,"SMILE ORTHODONTICS STILLWATER, LLC",SMILE ORTHODONTICS,2150 3RD AVE STE 110,55303,651-351-7777,47981
nppes:1356854442-pl1|nppes:1518572916,distinct,,0.450,phone,nppes,1356854442-pl1,SMILE ORTHODONTICS STILLWATER LLC,SMILE ORTHODONTICS|SM:)E ORTHO,266 E TRAVELERS TRL STE 105,55337,651-351-7777,nppes,1518572916,SMILE ORTHODONTICS STILLWATER LLC,SMILE ORTHODONTICS,2008 FORD PKWY,55116,651-351-7777,17292
nppes:1356854442-pl1|nppes:1689842841,distinct,,0.225,phone,nppes,1356854442-pl1,SMILE ORTHODONTICS STILLWATER LLC,SMILE ORTHODONTICS|SM:)E ORTHO,266 E TRAVELERS TRL STE 105,55337,651-351-7777,nppes,1689842841,"ST. CROIX VALLEY DENTAL, PLLC",NORTHERN ORTHODONTICS,13961 60TH ST N,55082,651-351-7777,45755
nppes:1356854442-pl1|nppes:1821690496,review,score,0.750,phone,nppes,1356854442-pl1,SMILE ORTHODONTICS STILLWATER LLC,SMILE ORTHODONTICS|SM:)E ORTHO,266 E TRAVELERS TRL STE 105,55337,651-351-7777,nppes,1821690496,SMILE ORTHODONTICS STILLWATER LLC,,9424 MAPLE GROVE PKWY N,55311,651-351-7777,
nppes:1356854442-pl2|nppes:1356854442-pl4,distinct,,0.450,phone,nppes,1356854442-pl2,SMILE ORTHODONTICS STILLWATER LLC,SMILE ORTHODONTICS|SM:)E ORTHO,1670 BEAM AVE STE 202,55109,651-351-7777,nppes,1356854442-pl4,SMILE ORTHODONTICS STILLWATER LLC,SMILE ORTHODONTICS|SM:)E ORTHO,3007 LYNDALE AVE S,55408,651-351-7777,22165
nppes:1356854442-pl2|nppes:1356854442-pl5,distinct,,0.450,phone,nppes,1356854442-pl2,SMILE ORTHODONTICS STILLWATER LLC,SMILE ORTHODONTICS|SM:)E ORTHO,1670 BEAM AVE STE 202,55109,651-351-7777,nppes,1356854442-pl5,SMILE ORTHODONTICS STILLWATER LLC,SMILE ORTHODONTICS|SM:)E ORTHO,2150 3RD AVE STE 200,55303,651-351-7777,33927
nppes:1356854442-pl2|nppes:1356854442-pl7,distinct,,0.450,phone,nppes,1356854442-pl2,SMILE ORTHODONTICS STILLWATER LLC,SMILE ORTHODONTICS|SM:)E ORTHO,1670 BEAM AVE STE 202,55109,651-351-7777,nppes,1356854442-pl7,SMILE ORTHODONTICS STILLWATER LLC,SMILE ORTHODONTICS|SM:)E ORTHO,3197 NORTHDALE BLVD NW,55433,651-351-7777,30417
nppes:1356854442-pl2|nppes:1356854442-pl9,distinct,,0.450,phone,nppes,1356854442-pl2,SMILE ORTHODONTICS STILLWATER LLC,SMILE ORTHODONTICS|SM:)E ORTHO,1670 BEAM AVE STE 202,55109,651-351-7777,nppes,1356854442-pl9,SMILE ORTHODONTICS STILLWATER LLC,SMILE ORTHODONTICS|SM:)E ORTHO,11995 SINGLETREE LN STE 110,55344,651-351-7777,36752
nppes:1356854442-pl2|nppes:1457064800,distinct,,0.450,phone,nppes,1356854442-pl2,SMILE ORTHODONTICS STILLWATER LLC,SMILE ORTHODONTICS|SM:)E ORTHO,1670 BEAM AVE STE 202,55109,651-351-7777,nppes,1457064800,"SMILE ORTHODONTICS STILLWATER, LLC",SMILE ORTHODONTICS,2150 3RD AVE STE 110,55303,651-351-7777,33927
nppes:1356854442-pl2|nppes:1518572916,distinct,,0.450,phone,nppes,1356854442-pl2,SMILE ORTHODONTICS STILLWATER LLC,SMILE ORTHODONTICS|SM:)E ORTHO,1670 BEAM AVE STE 202,55109,651-351-7777,nppes,1518572916,SMILE ORTHODONTICS STILLWATER LLC,SMILE ORTHODONTICS,2008 FORD PKWY,55116,651-351-7777,17303
nppes:1356854442-pl2|nppes:1689842841,distinct,,0.225,phone,nppes,1356854442-pl2,SMILE ORTHODONTICS STILLWATER LLC,SMILE ORTHODONTICS|SM:)E ORTHO,1670 BEAM AVE STE 202,55109,651-351-7777,nppes,1689842841,"ST. CROIX VALLEY DENTAL, PLLC",NORTHERN ORTHODONTICS,13961 60TH ST N,55082,651-351-7777,16221
nppes:1356854442-pl2|nppes:1821690496,review,score,0.750,phone,nppes,1356854442-pl2,SMILE ORTHODONTICS STILLWATER LLC,SMILE ORTHODONTICS|SM:)E ORTHO,1670 BEAM AVE STE 202,55109,651-351-7777,nppes,1821690496,SMILE ORTHODONTICS STILLWATER LLC,,9424 MAPLE GROVE PKWY N,55311,651-351-7777,
nppes:1356854442-pl2|nppes:1831509827,distinct,,0.273,address,nppes,1356854442-pl2,SMILE ORTHODONTICS STILLWATER LLC,SMILE ORTHODONTICS|SM:)E ORTHO,1670 BEAM AVE STE 202,55109,651-351-7777,nppes,1831509827,METROPOLITAN STATE UNIVERSITY,MERTOPOLITAN STATE UNIVERSITY DENTAL CLINIC,"1670 BEAM AVE, #203",55109,651-621-8840,0
nppes:1356854442-pl3|osm:node/14189483436,review,same place,0.445,nearby,nppes,1356854442-pl3,SMILE ORTHODONTICS STILLWATER LLC,SMILE ORTHODONTICS|SM:)E ORTHO,105 NEW ENGLAND PL STE 120,55082,650-351-7777,osm,node/14189483436,Smile Orthodontics Stillwater,,,,,104
nppes:1356854442-pl4|nppes:1356854442-pl5,distinct,,0.450,phone,nppes,1356854442-pl4,SMILE ORTHODONTICS STILLWATER LLC,SMILE ORTHODONTICS|SM:)E ORTHO,3007 LYNDALE AVE S,55408,651-351-7777,nppes,1356854442-pl5,SMILE ORTHODONTICS STILLWATER LLC,SMILE ORTHODONTICS|SM:)E ORTHO,2150 3RD AVE STE 200,55303,651-351-7777,29025
nppes:1356854442-pl4|nppes:1356854442-pl7,distinct,,0.450,phone,nppes,1356854442-pl4,SMILE ORTHODONTICS STILLWATER LLC,SMILE ORTHODONTICS|SM:)E ORTHO,3007 LYNDALE AVE S,55408,651-351-7777,nppes,1356854442-pl7,SMILE ORTHODONTICS STILLWATER LLC,SMILE ORTHODONTICS|SM:)E ORTHO,3197 NORTHDALE BLVD NW,55433,651-351-7777,26935
nppes:1356854442-pl4|nppes:1356854442-pl9,distinct,,0.450,phone,nppes,1356854442-pl4,SMILE ORTHODONTICS STILLWATER LLC,SMILE ORTHODONTICS|SM:)E ORTHO,3007 LYNDALE AVE S,55408,651-351-7777,nppes,1356854442-pl9,SMILE ORTHODONTICS STILLWATER LLC,SMILE ORTHODONTICS|SM:)E ORTHO,11995 SINGLETREE LN STE 110,55344,651-351-7777,15063
nppes:1356854442-pl4|nppes:1457064800,distinct,,0.450,phone,nppes,1356854442-pl4,SMILE ORTHODONTICS STILLWATER LLC,SMILE ORTHODONTICS|SM:)E ORTHO,3007 LYNDALE AVE S,55408,651-351-7777,nppes,1457064800,"SMILE ORTHODONTICS STILLWATER, LLC",SMILE ORTHODONTICS,2150 3RD AVE STE 110,55303,651-351-7777,29025
nppes:1356854442-pl4|nppes:1518572916,distinct,,0.450,phone,nppes,1356854442-pl4,SMILE ORTHODONTICS STILLWATER LLC,SMILE ORTHODONTICS|SM:)E ORTHO,3007 LYNDALE AVE S,55408,651-351-7777,nppes,1518572916,SMILE ORTHODONTICS STILLWATER LLC,SMILE ORTHODONTICS,2008 FORD PKWY,55116,651-351-7777,8771
nppes:1356854442-pl4|nppes:1689842841,distinct,,0.225,phone,nppes,1356854442-pl4,SMILE ORTHODONTICS STILLWATER LLC,SMILE ORTHODONTICS|SM:)E ORTHO,3007 LYNDALE AVE S,55408,651-351-7777,nppes,1689842841,"ST. CROIX VALLEY DENTAL, PLLC",NORTHERN ORTHODONTICS,13961 60TH ST N,55082,651-351-7777,37793
nppes:1356854442-pl4|nppes:1821690496,review,score,0.750,phone,nppes,1356854442-pl4,SMILE ORTHODONTICS STILLWATER LLC,SMILE ORTHODONTICS|SM:)E ORTHO,3007 LYNDALE AVE S,55408,651-351-7777,nppes,1821690496,SMILE ORTHODONTICS STILLWATER LLC,,9424 MAPLE GROVE PKWY N,55311,651-351-7777,
nppes:1356854442-pl5|nppes:1356854442-pl7,distinct,,0.450,phone,nppes,1356854442-pl5,SMILE ORTHODONTICS STILLWATER LLC,SMILE ORTHODONTICS|SM:)E ORTHO,2150 3RD AVE STE 200,55303,651-351-7777,nppes,1356854442-pl7,SMILE ORTHODONTICS STILLWATER LLC,SMILE ORTHODONTICS|SM:)E ORTHO,3197 NORTHDALE BLVD NW,55433,651-351-7777,3585
nppes:1356854442-pl5|nppes:1356854442-pl9,distinct,,0.450,phone,nppes,1356854442-pl5,SMILE ORTHODONTICS STILLWATER LLC,SMILE ORTHODONTICS|SM:)E ORTHO,2150 3RD AVE STE 200,55303,651-351-7777,nppes,1356854442-pl9,SMILE ORTHODONTICS STILLWATER LLC,SMILE ORTHODONTICS|SM:)E ORTHO,11995 SINGLETREE LN STE 110,55344,651-351-7777,38264
nppes:1356854442-pl5|nppes:1457064800,auto_merge,score,1.000,address+nearby+phone,nppes,1356854442-pl5,SMILE ORTHODONTICS STILLWATER LLC,SMILE ORTHODONTICS|SM:)E ORTHO,2150 3RD AVE STE 200,55303,651-351-7777,nppes,1457064800,"SMILE ORTHODONTICS STILLWATER, LLC",SMILE ORTHODONTICS,2150 3RD AVE STE 110,55303,651-351-7777,0
nppes:1356854442-pl5|nppes:1518572916,distinct,,0.450,phone,nppes,1356854442-pl5,SMILE ORTHODONTICS STILLWATER LLC,SMILE ORTHODONTICS|SM:)E ORTHO,2150 3RD AVE STE 200,55303,651-351-7777,nppes,1518572916,SMILE ORTHODONTICS STILLWATER LLC,SMILE ORTHODONTICS,2008 FORD PKWY,55116,651-351-7777,35122
nppes:1356854442-pl5|nppes:1689842841,distinct,,0.225,phone,nppes,1356854442-pl5,SMILE ORTHODONTICS STILLWATER LLC,SMILE ORTHODONTICS|SM:)E ORTHO,2150 3RD AVE STE 200,55303,651-351-7777,nppes,1689842841,"ST. CROIX VALLEY DENTAL, PLLC",NORTHERN ORTHODONTICS,13961 60TH ST N,55082,651-351-7777,47832
nppes:1356854442-pl5|nppes:1720479462,distinct,,0.250,address,nppes,1356854442-pl5,SMILE ORTHODONTICS STILLWATER LLC,SMILE ORTHODONTICS|SM:)E ORTHO,2150 3RD AVE STE 200,55303,651-351-7777,nppes,1720479462,"GROUP HEALTH PLAN, INC",,"2150 3RD AVE, SUITE 200",55303,763-585-7610,0
nppes:1356854442-pl5|nppes:1821690496,review,score,0.750,phone,nppes,1356854442-pl5,SMILE ORTHODONTICS STILLWATER LLC,SMILE ORTHODONTICS|SM:)E ORTHO,2150 3RD AVE STE 200,55303,651-351-7777,nppes,1821690496,SMILE ORTHODONTICS STILLWATER LLC,,9424 MAPLE GROVE PKWY N,55311,651-351-7777,
nppes:1356854442-pl7|nppes:1356854442-pl9,distinct,,0.450,phone,nppes,1356854442-pl7,SMILE ORTHODONTICS STILLWATER LLC,SMILE ORTHODONTICS|SM:)E ORTHO,3197 NORTHDALE BLVD NW,55433,651-351-7777,nppes,1356854442-pl9,SMILE ORTHODONTICS STILLWATER LLC,SMILE ORTHODONTICS|SM:)E ORTHO,11995 SINGLETREE LN STE 110,55344,651-351-7777,37311
nppes:1356854442-pl7|nppes:1457064800,distinct,,0.450,phone,nppes,1356854442-pl7,SMILE ORTHODONTICS STILLWATER LLC,SMILE ORTHODONTICS|SM:)E ORTHO,3197 NORTHDALE BLVD NW,55433,651-351-7777,nppes,1457064800,"SMILE ORTHODONTICS STILLWATER, LLC",SMILE ORTHODONTICS,2150 3RD AVE STE 110,55303,651-351-7777,3585
nppes:1356854442-pl7|nppes:1518572916,distinct,,0.450,phone,nppes,1356854442-pl7,SMILE ORTHODONTICS STILLWATER LLC,SMILE ORTHODONTICS|SM:)E ORTHO,3197 NORTHDALE BLVD NW,55433,651-351-7777,nppes,1518572916,SMILE ORTHODONTICS STILLWATER LLC,SMILE ORTHODONTICS,2008 FORD PKWY,55116,651-351-7777,32461
nppes:1356854442-pl7|nppes:1689842841,distinct,,0.225,phone,nppes,1356854442-pl7,SMILE ORTHODONTICS STILLWATER LLC,SMILE ORTHODONTICS|SM:)E ORTHO,3197 NORTHDALE BLVD NW,55433,651-351-7777,nppes,1689842841,"ST. CROIX VALLEY DENTAL, PLLC",NORTHERN ORTHODONTICS,13961 60TH ST N,55082,651-351-7777,44247
nppes:1356854442-pl7|nppes:1821690496,review,score,0.750,phone,nppes,1356854442-pl7,SMILE ORTHODONTICS STILLWATER LLC,SMILE ORTHODONTICS|SM:)E ORTHO,3197 NORTHDALE BLVD NW,55433,651-351-7777,nppes,1821690496,SMILE ORTHODONTICS STILLWATER LLC,,9424 MAPLE GROVE PKWY N,55311,651-351-7777,
nppes:1356854442-pl9|nppes:1457064800,distinct,,0.450,phone,nppes,1356854442-pl9,SMILE ORTHODONTICS STILLWATER LLC,SMILE ORTHODONTICS|SM:)E ORTHO,11995 SINGLETREE LN STE 110,55344,651-351-7777,nppes,1457064800,"SMILE ORTHODONTICS STILLWATER, LLC",SMILE ORTHODONTICS,2150 3RD AVE STE 110,55303,651-351-7777,38264
nppes:1356854442-pl9|nppes:1508477050,distinct,,0.276,address,nppes,1356854442-pl9,SMILE ORTHODONTICS STILLWATER LLC,SMILE ORTHODONTICS|SM:)E ORTHO,11995 SINGLETREE LN STE 110,55344,651-351-7777,nppes,1508477050,RIZZO DENTISTRY PLLC,MODERN DAY DENTAL,11995 SINGLETREE LN STE 130,55344,952-257-7255,0
nppes:1356854442-pl9|nppes:1518572916,distinct,,0.450,phone,nppes,1356854442-pl9,SMILE ORTHODONTICS STILLWATER LLC,SMILE ORTHODONTICS|SM:)E ORTHO,11995 SINGLETREE LN STE 110,55344,651-351-7777,nppes,1518572916,SMILE ORTHODONTICS STILLWATER LLC,SMILE ORTHODONTICS,2008 FORD PKWY,55116,651-351-7777,20390
nppes:1356854442-pl9|nppes:1689842841,distinct,,0.225,phone,nppes,1356854442-pl9,SMILE ORTHODONTICS STILLWATER LLC,SMILE ORTHODONTICS|SM:)E ORTHO,11995 SINGLETREE LN STE 110,55344,651-351-7777,nppes,1689842841,"ST. CROIX VALLEY DENTAL, PLLC",NORTHERN ORTHODONTICS,13961 60TH ST N,55082,651-351-7777,51643
nppes:1356854442-pl9|nppes:1821690496,review,score,0.750,phone,nppes,1356854442-pl9,SMILE ORTHODONTICS STILLWATER LLC,SMILE ORTHODONTICS|SM:)E ORTHO,11995 SINGLETREE LN STE 110,55344,651-351-7777,nppes,1821690496,SMILE ORTHODONTICS STILLWATER LLC,,9424 MAPLE GROVE PKWY N,55311,651-351-7777,
nppes:1356854442|nppes:1356854442-pl1,distinct,,0.450,phone,nppes,1356854442,SMILE ORTHODONTICS STILLWATER LLC,SMILE ORTHODONTICS|SM:)E ORTHO,2224 HENNEPIN AVE,55405,651-351-7777,nppes,1356854442-pl1,SMILE ORTHODONTICS STILLWATER LLC,SMILE ORTHODONTICS|SM:)E ORTHO,266 E TRAVELERS TRL STE 105,55337,651-351-7777,20583
nppes:1356854442|nppes:1356854442-pl10,distinct,,0.450,phone,nppes,1356854442,SMILE ORTHODONTICS STILLWATER LLC,SMILE ORTHODONTICS|SM:)E ORTHO,2224 HENNEPIN AVE,55405,651-351-7777,nppes,1356854442-pl10,SMILE ORTHODONTICS STILLWATER LLC,SMILE ORTHODONTICS|SM:)E ORTHO,1670 BEAM AVE STE 203,55109,651-351-7777,22053
nppes:1356854442|nppes:1356854442-pl13,distinct,,0.450,phone,nppes,1356854442,SMILE ORTHODONTICS STILLWATER LLC,SMILE ORTHODONTICS|SM:)E ORTHO,2224 HENNEPIN AVE,55405,651-351-7777,nppes,1356854442-pl13,SMILE ORTHODONTICS STILLWATER LLC,SMILE ORTHODONTICS|SM:)E ORTHO,8980 HUDSON BLVD N,55042,651-351-7777,29084
nppes:1356854442|nppes:1356854442-pl2,distinct,,0.450,phone,nppes,1356854442,SMILE ORTHODONTICS STILLWATER LLC,SMILE ORTHODONTICS|SM:)E ORTHO,2224 HENNEPIN AVE,55405,651-351-7777,nppes,1356854442-pl2,SMILE ORTHODONTICS STILLWATER LLC,SMILE ORTHODONTICS|SM:)E ORTHO,1670 BEAM AVE STE 202,55109,651-351-7777,22053
nppes:1356854442|nppes:1356854442-pl4,distinct,,0.450,phone,nppes,1356854442,SMILE ORTHODONTICS STILLWATER LLC,SMILE ORTHODONTICS|SM:)E ORTHO,2224 HENNEPIN AVE,55405,651-351-7777,nppes,1356854442-pl4,SMILE ORTHODONTICS STILLWATER LLC,SMILE ORTHODONTICS|SM:)E ORTHO,3007 LYNDALE AVE S,55408,651-351-7777,1403
nppes:1356854442|nppes:1356854442-pl5,distinct,,0.450,phone,nppes,1356854442,SMILE ORTHODONTICS STILLWATER LLC,SMILE ORTHODONTICS|SM:)E ORTHO,2224 HENNEPIN AVE,55405,651-351-7777,nppes,1356854442-pl5,SMILE ORTHODONTICS STILLWATER LLC,SMILE ORTHODONTICS|SM:)E ORTHO,2150 3RD AVE STE 200,55303,651-351-7777,27623
nppes:1356854442|nppes:1356854442-pl7,distinct,,0.450,phone,nppes,1356854442,SMILE ORTHODONTICS STILLWATER LLC,SMILE ORTHODONTICS|SM:)E ORTHO,2224 HENNEPIN AVE,55405,651-351-7777,nppes,1356854442-pl7,SMILE ORTHODONTICS STILLWATER LLC,SMILE ORTHODONTICS|SM:)E ORTHO,3197 NORTHDALE BLVD NW,55433,651-351-7777,25545
nppes:1356854442|nppes:1356854442-pl9,distinct,,0.450,phone,nppes,1356854442,SMILE ORTHODONTICS STILLWATER LLC,SMILE ORTHODONTICS|SM:)E ORTHO,2224 HENNEPIN AVE,55405,651-351-7777,nppes,1356854442-pl9,SMILE ORTHODONTICS STILLWATER LLC,SMILE ORTHODONTICS|SM:)E ORTHO,11995 SINGLETREE LN STE 110,55344,651-351-7777,15709
nppes:1356854442|nppes:1457064800,distinct,,0.450,phone,nppes,1356854442,SMILE ORTHODONTICS STILLWATER LLC,SMILE ORTHODONTICS|SM:)E ORTHO,2224 HENNEPIN AVE,55405,651-351-7777,nppes,1457064800,"SMILE ORTHODONTICS STILLWATER, LLC",SMILE ORTHODONTICS,2150 3RD AVE STE 110,55303,651-351-7777,27623
nppes:1356854442|nppes:1518572916,distinct,,0.450,phone,nppes,1356854442,SMILE ORTHODONTICS STILLWATER LLC,SMILE ORTHODONTICS|SM:)E ORTHO,2224 HENNEPIN AVE,55405,651-351-7777,nppes,1518572916,SMILE ORTHODONTICS STILLWATER LLC,SMILE ORTHODONTICS,2008 FORD PKWY,55116,651-351-7777,9730
nppes:1356854442|nppes:1689842841,distinct,,0.225,phone,nppes,1356854442,SMILE ORTHODONTICS STILLWATER LLC,SMILE ORTHODONTICS|SM:)E ORTHO,2224 HENNEPIN AVE,55405,651-351-7777,nppes,1689842841,"ST. CROIX VALLEY DENTAL, PLLC",NORTHERN ORTHODONTICS,13961 60TH ST N,55082,651-351-7777,37873
nppes:1356854442|nppes:1821690496,review,score,0.750,phone,nppes,1356854442,SMILE ORTHODONTICS STILLWATER LLC,SMILE ORTHODONTICS|SM:)E ORTHO,2224 HENNEPIN AVE,55405,651-351-7777,nppes,1821690496,SMILE ORTHODONTICS STILLWATER LLC,,9424 MAPLE GROVE PKWY N,55311,651-351-7777,
nppes:1356854442|osm:node/6835960221,review,same place,0.407,nearby,nppes,1356854442,SMILE ORTHODONTICS STILLWATER LLC,SMILE ORTHODONTICS|SM:)E ORTHO,2224 HENNEPIN AVE,55405,651-351-7777,osm,node/6835960221,Sm:)e Orthodontics,,2214 Hennepin Avenue South,,,16
nppes:1356967061|nppes:1801991146,review,keys agree,0.585,address+phone,nppes,1356967061,ROSEMARY LELICH PA,,5804 EXCELSIOR BLVD,55416,952-922-7117,nppes,1801991146,FAMILY ORTHODONTICS PA,,5804 EXCELSIOR BLVD,55416,952-922-7117,0
nppes:1356967061|osm:way/914286353,review,keys agree,0.550,address+phone,nppes,1356967061,ROSEMARY LELICH PA,,5804 EXCELSIOR BLVD,55416,952-922-7117,osm,way/914286353,Family Orthodontics,,5804 Excelsior Boulevard,55416,+19529227117,16
nppes:1366507121|nppes:1386189272,distinct,,0.351,address,nppes,1366507121,FLIGGE AND LARSON PA,WAYZATA FAMILY DENTISTRY,"101 LAKE ST W, SUITE 220",55391,952-475-2464,nppes,1386189272,"WAYZATA ENDODONTICS, P.A.",,"101 LAKE STREET WEST, SUITE 100",55391,952-476-0070,0
nppes:1366810061|nppes:1417191602,review,score,0.700,address+nearby,nppes,1366810061,ROSEVILLE DENTISTRY,TAMARA SIMONS & ASSOCIATES,"1912 LEXINGTON AVE N, SUITE 100",55113,651-489-1900,nppes,1417191602,ROSEVILLE DENTISTRY,,"1912 LEXINGTON AVE N, SUITE 200",55113,651-631-3610,0
nppes:1366928426|nppes:1619938057,review,score,0.697,phone,nppes,1366928426,CREEKSIDE FAMILY DENTAL PLLC,"GIEBENHAIN DENTAL ASSOCIATES, P.A.","GIEBENHAIN DENTAL ASSOCIATES, P.A., 5851 DULUTH STREET # 103",55422,763-545-0330,nppes,1619938057,GIEBENHAIN DENTAL ASSOCIATES PA,,"5851 DULUTH STREET, SUITE #103",55422,763-545-0330,
nppes:1376403113|osm:node/14180598701,review,keys agree,0.525,address+phone,nppes,1376403113,"MINNESOTA DENTAL PROFESSIONALS, P.C.",,18820 70TH WAY N,55311,612-254-2730,osm,node/14180598701,Rush Creek Dental Care,,18820 70th Way North,55311,+16122542730,
nppes:1376409276|nppes:1992822290,distinct,,0.450,phone,nppes,1376409276,"SOUTHSIDE COMMUNITY HEALTH SERVICES, INC.",SOUTHSIDE EAST LAKE STREET DENTAL CLINIC,1000 E LAKE ST,55407,612-822-9030,nppes,1992822290,"SOUTHSIDE COMMUNITY HEALTH SERVICES, INC.",SOUTHSIDE DENTAL CLINIC,4243 4TH AVE S,55409,612-822-9030,2606
nppes:1376619114|nppes:1407008477,distinct,,0.294,address,nppes,1376619114,"DENTAL SPECIALISTS OF MINNESOTA, PLLC",THE DENTAL SPECIALISTS,"6545 FRANCE AVE S, SUITE 366",55435,952-929-4319,nppes,1407008477,DYLLA-JENSEN PERIODONTICS PLLC,,6545 FRANCE AVE S,55435,952-922-6949,0
nppes:1376619114|nppes:1417581240,distinct,,0.309,address,nppes,1376619114,"DENTAL SPECIALISTS OF MINNESOTA, PLLC",THE DENTAL SPECIALISTS,"6545 FRANCE AVE S, SUITE 366",55435,952-929-4319,nppes,1417581240,ELEGANT DENTISTRY PPLC,,6545 FRANCE AVE S STE 681,55435,612-800-8008,0
nppes:1376619114|nppes:1457411753,distinct,,0.265,address,nppes,1376619114,"DENTAL SPECIALISTS OF MINNESOTA, PLLC",THE DENTAL SPECIALISTS,"6545 FRANCE AVE S, SUITE 366",55435,952-929-4319,nppes,1457411753,JEROME E. EUTENEUER DDS PA,,"6545 FRANCE AVE S, SUITE 270",55435,952-927-7744,0
nppes:1376619114|nppes:1700589264,distinct,,0.319,address,nppes,1376619114,"DENTAL SPECIALISTS OF MINNESOTA, PLLC",THE DENTAL SPECIALISTS,"6545 FRANCE AVE S, SUITE 366",55435,952-929-4319,nppes,1700589264,ADVANCED RECONSTRUCTIVE DENTISTRY PLLC,,6545 FRANCE AVE S STE 680,55435,952-922-5326,0
nppes:1376619114|nppes:1710080809,distinct,,0.396,address+nearby,nppes,1376619114,"DENTAL SPECIALISTS OF MINNESOTA, PLLC",THE DENTAL SPECIALISTS,"6545 FRANCE AVE S, SUITE 366",55435,952-929-4319,nppes,1710080809,ENDODONTIC SPECIALISTS PA,,"6545 FRANCE AVE S, SUITE #665",55435,952-927-8694,0
nppes:1376619114|nppes:1821362302,review,same place,0.538,address+nearby,nppes,1376619114,"DENTAL SPECIALISTS OF MINNESOTA, PLLC",THE DENTAL SPECIALISTS,"6545 FRANCE AVE S, SUITE 366",55435,952-929-4319,nppes,1821362302,"ORTHODONTIC SPECIALISTS OF MINNESOTA, P.L.L.C.",THE DENTAL SPECIALISTS - ORTHODONTICS,"6545 FRANCE AVE S, SUITE 381",55435,952-926-7766,0
nppes:1376619114|nppes:1881312676,distinct,,0.272,address,nppes,1376619114,"DENTAL SPECIALISTS OF MINNESOTA, PLLC",THE DENTAL SPECIALISTS,"6545 FRANCE AVE S, SUITE 366",55435,952-929-4319,nppes,1881312676,"MARIE JOYCELYN LUA, DMD, MS, PA",,6545 FRANCE AVE S STE 680,55435,952-920-7482,0
nppes:1376687103|nppes:1538220207,review,same place,0.421,nearby,nppes,1376687103,KILLIAN & MILNAR DENTISTRY PLLC,ARDEN DENTAL ASSOCIATES,"11806 ABERDEEN ST NE, SUITE 150",55449,763-786-1545,nppes,1538220207,ABERDEEN DENTAL ASSOCIATES,,"11800 ABERDEEN ST NE, SUITE 110",55449,763-786-4280,16
nppes:1376687103|nppes:1801910377,distinct,,0.266,address,nppes,1376687103,KILLIAN & MILNAR DENTISTRY PLLC,ARDEN DENTAL ASSOCIATES,"11806 ABERDEEN ST NE, SUITE 150",55449,763-786-1545,nppes,1801910377,ORTHODONTIC CARE GROUP,ORTHODONTIC CARE SPECIALISTS,11806 ABERDEEN ST NE,55449,763-757-2550,0
nppes:1376687103|nppes:1952997421,review,same place,0.421,nearby,nppes,1376687103,KILLIAN & MILNAR DENTISTRY PLLC,ARDEN DENTAL ASSOCIATES,"11806 ABERDEEN ST NE, SUITE 150",55449,763-786-1545,nppes,1952997421,"NODLANDMONDRY, P.L.L.C.",ABERDEEN DENTAL ASSOCIATES,11800 ABERDEEN ST NE STE 110,55449,402-560-8346,16
nppes:1376716043|nppes:1700058690,auto_merge,score,0.936,address+nearby+phone,nppes,1376716043,"MAPLE PLAIN DENTAL, PLLC",ORONO DENTAL CARE,2765 KELLEY PKWY STE 140,55356,952-449-9494,nppes,1700058690,ORONO DENTAL CARE PC,"CRYSTAL LAKE FAMILY DENTAL CARE, PLLC","2765 KELLEY PARKWAY, SUITE 140",55356,952-449-9494,0
nppes:1386035590|nppes:1386516433,review,score,0.676,address+phone,nppes,1386035590,MOORE LAKE DENTAL,,"6230 HIGHWAY 65 NE, SUITE 105",55432,763-571-5497,nppes,1386516433,STEADY DENTAL,,6230 HIGHWAY 65 NE STE 105,55432,763-571-5497,0
nppes:1386189272|nppes:1508926841,distinct,,0.363,phone,nppes,1386189272,"WAYZATA ENDODONTICS, P.A.",,"101 LAKE STREET WEST, SUITE 100",55391,952-476-0070,nppes,1508926841,WAYZATA ENDODONTICS PA,,"250 N CENTRAL AVE, SUITE 303",55391,952-476-0070,1669
nppes:1386189801|nppes:1528558244,auto_merge,score,0.850,nearby+phone,nppes,1386189801,ON-SITE DENTISTRY,,"7600 FRANCE AVE. S., SUITE 1100",55130,763-545-7545,nppes,1528558244,ON-SITE DENTISTRY,,7600 FRANCE AVE S STE 1100,55435,763-545-7545,0
nppes:1386189801|nppes:1912303777,distinct,,0.048,phone,nppes,1386189801,ON-SITE DENTISTRY,,"7600 FRANCE AVE. S., SUITE 1100",55130,763-545-7545,nppes,1912303777,LICENSED DENTAL HYGIENE CARE,SENIOR MOBILE DENTAL MINNESOTA LTD,"5201 EDEN AVE, SUITE 50",55436,763-545-7545,5231
nppes:1386489318|osm:way/1163631265,review,same place,0.454,address+nearby,nppes,1386489318,"DENTALIGN, PA",TC ORTHODONTICS,10920 175TH COURT W,55044,952-892-5300,osm,way/1163631265,Arnold Orthodontics,,10920 175th Court West,55044,,89
nppes:1386710499|nppes:1992818751,distinct,,0.190,nearby,nppes,1386710499,"PDG, P.A.",PARK DENTAL,12180 BUSINESS PARK BOULEVARD NORTH,55316,763-421-5206,nppes,1992818751,CHAMPLIN FAMILY DENTAL PA,,12233 CHAMPLIN DRIVE,55316,763-323-0678,147
nppes:1396089298|nppes:1437847654,distinct,,0.250,address,nppes,1396089298,PAN ORTHODONTIC CLINICS,,"5101 VERNON AVE S, SUITE 502",55436,952-926-3747,nppes,1437847654,INTERLACHEN DENTAL ASSOCIATES,,"5101 VERNON AVE S, STE 1B",55436,952-920-9579,0
nppes:1396089298|osm:node/12335479796,review,score,0.719,nearby+phone,nppes,1396089298,PAN ORTHODONTIC CLINICS,,"5101 VERNON AVE S, SUITE 502",55436,952-926-3747,osm,node/12335479796,Pan Orthodontics,,,,+1 952 926 3747,49
nppes:1396129433|osm:node/3993101977,review,same place,0.500,nearby,nppes,1396129433,"MAPLE GROVE SMILES DENTISTRY, PC",MAPLE GROVE SMILES DENTISTRY,12775 ELM CREEK BLVD N,55369,763-218-7005,osm,node/3993101977,Maple Grove Smiles Dentistry,,12737 Elm Creek Boulevard,,,76
nppes:1396340642|nppes:1407945199,distinct,,0.258,address,nppes,1396340642,"MINNESOTA DENTAL PROFESSIONALS, P.C.",MOSAIC DENTAL-BURNSVILLE/RIDGES,625 E NICOLLET BLVD STE 201,55337,952-435-0300,nppes,1407945199,"METROPOLITAN ENDODONTICS, LTD.",,"625 E NICOLLET BLVD, SUITE 340",55337,952-435-0370,0
nppes:1396340642|nppes:1891079851,review,same place,0.275,nearby,nppes,1396340642,"MINNESOTA DENTAL PROFESSIONALS, P.C.",MOSAIC DENTAL-BURNSVILLE/RIDGES,625 E NICOLLET BLVD STE 201,55337,952-435-0300,nppes,1891079851,"BURNSVILLE DENTAL, P.A.",NORTHSTAR DENTAL CLINIC,675 E NICOLLET BLVD STE 120,55337,952-892-7700,66
nppes:1396483996|osm:node/7176583044,review,score,0.607,address+nearby,nppes,1396483996,DENTISTS OF WEST ST PAUL PC,DENTISTS OF WEST ST PAUL,1740 ROBERT ST S STE 110,55118,651-347-1252,osm,node/7176583044,Dentists of West Saint Paul,,"1740 Robert Street South, Unit 110",55118,,49
nppes:1396690863|nppes:1629150008,review,keys agree,0.472,address+phone,nppes,1396690863,WEST END DENTAL PLLC,,1660 HIGHWAY 100 S STE 122,55416,952-544-4129,nppes,1629150008,NANCY A NORLING DDS PA,,1660 HIGHWAY 100 S STE 122,55416,952-544-4129,
nppes:1396914685|osm:way/974484284,distinct,,0.224,address,nppes,1396914685,"MICHAEL J NELSON D.D.S., PA",,"8001 HIGHWAY 7, #300",55426,952-920-4060,osm,way/974484284,Excel Dentistry,,8001 State Highway 7 Service Road,55426,,73
nppes:1407008477|nppes:1417581240,distinct,,0.287,address,nppes,1407008477,DYLLA-JENSEN PERIODONTICS PLLC,,6545 FRANCE AVE S,55435,952-922-6949,nppes,1417581240,ELEGANT DENTISTRY PPLC,,6545 FRANCE AVE S STE 681,55435,612-800-8008,0
nppes:1407008477|nppes:1457411753,distinct,,0.285,address,nppes,1407008477,DYLLA-JENSEN PERIODONTICS PLLC,,6545 FRANCE AVE S,55435,952-922-6949,nppes,1457411753,JEROME E. EUTENEUER DDS PA,,"6545 FRANCE AVE S, SUITE 270",55435,952-927-7744,0
nppes:1407008477|nppes:1700589264,distinct,,0.302,address,nppes,1407008477,DYLLA-JENSEN PERIODONTICS PLLC,,6545 FRANCE AVE S,55435,952-922-6949,nppes,1700589264,ADVANCED RECONSTRUCTIVE DENTISTRY PLLC,,6545 FRANCE AVE S STE 680,55435,952-922-5326,0
nppes:1407008477|nppes:1710080809,distinct,,0.304,address,nppes,1407008477,DYLLA-JENSEN PERIODONTICS PLLC,,6545 FRANCE AVE S,55435,952-922-6949,nppes,1710080809,ENDODONTIC SPECIALISTS PA,,"6545 FRANCE AVE S, SUITE #665",55435,952-927-8694,0
nppes:1407008477|nppes:1821362302,distinct,,0.312,address,nppes,1407008477,DYLLA-JENSEN PERIODONTICS PLLC,,6545 FRANCE AVE S,55435,952-922-6949,nppes,1821362302,"ORTHODONTIC SPECIALISTS OF MINNESOTA, P.L.L.C.",THE DENTAL SPECIALISTS - ORTHODONTICS,"6545 FRANCE AVE S, SUITE 381",55435,952-926-7766,0
nppes:1407008477|nppes:1881312676,distinct,,0.275,address,nppes,1407008477,DYLLA-JENSEN PERIODONTICS PLLC,,6545 FRANCE AVE S,55435,952-922-6949,nppes,1881312676,"MARIE JOYCELYN LUA, DMD, MS, PA",,6545 FRANCE AVE S STE 680,55435,952-920-7482,0
nppes:1407309784|nppes:1790922854,distinct,,0.261,address,nppes,1407309784,HENSELER ORTHODONTICS,,"1000 RADIO DR, SUITE 220",55125,651-739-1555,nppes,1790922854,"ART & SCIENCE FAMILY DENTISTRY, PA","KINNEY & MUSSER DDS, PA",1000 RADIO DRIVE SUITE 240,55125,651-739-1894,0
nppes:1407325830-pl1|nppes:1407325830-pl2,distinct,,0.450,phone,nppes,1407325830-pl1,FACIAL PAIN CENTER PLLC,,13059 RIDGEDALE DR,55305,952-926-3858,nppes,1407325830-pl2,FACIAL PAIN CENTER PLLC,,4155 DEAN LAKES BLVD,55379,952-926-3858,21010
nppes:1407325830-pl1|nppes:1407325830-pl5,review,score,0.750,phone,nppes,1407325830-pl1,FACIAL PAIN CENTER PLLC,,13059 RIDGEDALE DR,55305,952-926-3858,nppes,1407325830-pl5,FACIAL PAIN CENTER PLLC,,"5000 W 38TH STREET, STE. 250",55416,952-926-3858,
nppes:1407325830-pl1|nppes:1407325830-pl6,distinct,,0.450,phone,nppes,1407325830-pl1,FACIAL PAIN CENTER PLLC,,13059 RIDGEDALE DR,55305,952-926-3858,nppes,1407325830-pl6,FACIAL PAIN CENTER PLLC,,4200 W OLD SHAKOPEE RD STE 100,55437,952-926-3858,19607
nppes:1407325830-pl1|nppes:1407325830-pl7,distinct,,0.450,phone,nppes,1407325830-pl1,FACIAL PAIN CENTER PLLC,,13059 RIDGEDALE DR,55305,952-926-3858,nppes,1407325830-pl7,FACIAL PAIN CENTER PLLC,,40 W NICOLLET BLVD,55337,952-926-3858,27390
nppes:1407325830-pl1|nppes:1730247180,distinct,,0.308,address,nppes,1407325830-pl1,FACIAL PAIN CENTER PLLC,,13059 RIDGEDALE DR,55305,952-926-3858,nppes,1730247180,"PDG,P.A.",PARK DENTAL,13059 RIDGEDALE DR,55305,952-545-8603,0
nppes:1407325830-pl1|osm:node/2503125447,distinct,,0.297,address,nppes,1407325830-pl1,FACIAL PAIN CENTER PLLC,,13059 RIDGEDALE DR,55305,952-926-3858,osm,node/2503125447,Park Dental Ridgepark,,13059 Ridgedale Drive,55305,,40
nppes:1407325830-pl2|nppes:1407325830-pl5,review,score,0.750,phone,nppes,1407325830-pl2,FACIAL PAIN CENTER PLLC,,4155 DEAN LAKES BLVD,55379,952-926-3858,nppes,1407325830-pl5,FACIAL PAIN CENTER PLLC,,"5000 W 38TH STREET, STE. 250",55416,952-926-3858,
nppes:1407325830-pl2|nppes:1407325830-pl6,distinct,,0.450,phone,nppes,1407325830-pl2,FACIAL PAIN CENTER PLLC,,4155 DEAN LAKES BLVD,55379,952-926-3858,nppes,1407325830-pl6,FACIAL PAIN CENTER PLLC,,4200 W OLD SHAKOPEE RD STE 100,55437,952-926-3858,11064
nppes:1407325830-pl2|nppes:1407325830-pl7,distinct,,0.450,phone,nppes,1407325830-pl2,FACIAL PAIN CENTER PLLC,,4155 DEAN LAKES BLVD,55379,952-926-3858,nppes,1407325830-pl7,FACIAL PAIN CENTER PLLC,,40 W NICOLLET BLVD,55337,952-926-3858,15104
nppes:1407325830-pl3|nppes:1407325830-pl4,distinct,,0.450,phone,nppes,1407325830-pl3,FACIAL PAIN CENTER PLLC,,4190 108TH AVE NE STE 130,55449,651-636-2016,nppes,1407325830-pl4,FACIAL PAIN CENTER PLLC,,241 RADIO DR STE B,55125,651-636-2016,30486
nppes:1407325830-pl5|nppes:1407325830-pl6,review,score,0.750,phone,nppes,1407325830-pl5,FACIAL PAIN CENTER PLLC,,"5000 W 38TH STREET, STE. 250",55416,952-926-3858,nppes,1407325830-pl6,FACIAL PAIN CENTER PLLC,,4200 W OLD SHAKOPEE RD STE 100,55437,952-926-3858,
nppes:1407325830-pl5|nppes:1407325830-pl7,review,score,0.750,phone,nppes,1407325830-pl5,FACIAL PAIN CENTER PLLC,,"5000 W 38TH STREET, STE. 250",55416,952-926-3858,nppes,1407325830-pl7,FACIAL PAIN CENTER PLLC,,40 W NICOLLET BLVD,55337,952-926-3858,
nppes:1407325830-pl5|nppes:1760540165,distinct,,0.208,address,nppes,1407325830-pl5,FACIAL PAIN CENTER PLLC,,"5000 W 38TH STREET, STE. 250",55416,952-926-3858,nppes,1760540165,"PDG, P.A.",PARK DENTAL,"5000 W 36TH ST, SUITE 250",55416,952-920-3700,
nppes:1407325830-pl6|nppes:1407325830-pl7,distinct,,0.450,phone,nppes,1407325830-pl6,FACIAL PAIN CENTER PLLC,,4200 W OLD SHAKOPEE RD STE 100,55437,952-926-3858,nppes,1407325830-pl7,FACIAL PAIN CENTER PLLC,,40 W NICOLLET BLVD,55337,952-926-3858,7816
nppes:1407325830-pl7|nppes:1508932344,distinct,,0.329,address,nppes,1407325830-pl7,FACIAL PAIN CENTER PLLC,,40 W NICOLLET BLVD,55337,952-926-3858,nppes,1508932344,"DENTAL SPECIALISTS OF MINNESOTA, PLLC",THE DENTAL SPECIALISTS,40 W NICOLLET BLVD,55337,952-929-4458,0
nppes:1407325830|nppes:1407325830-pl3,distinct,,0.450,phone,nppes,1407325830,FACIAL PAIN CENTER PLLC,,1835 COUNTY ROAD C W STE 200,55113,651-636-2016,nppes,1407325830-pl3,FACIAL PAIN CENTER PLLC,,4190 108TH AVE NE STE 130,55449,651-636-2016,16089
nppes:1407325830|nppes:1407325830-pl4,distinct,,0.450,phone,nppes,1407325830,FACIAL PAIN CENTER PLLC,,1835 COUNTY ROAD C W STE 200,55113,651-636-2016,nppes,1407325830-pl4,FACIAL PAIN CENTER PLLC,,241 RADIO DR STE B,55125,651-636-2016,21026
nppes:1407325830|nppes:1780750539,distinct,,0.329,address,nppes,1407325830,FACIAL PAIN CENTER PLLC,,1835 COUNTY ROAD C W STE 200,55113,651-636-2016,nppes,1780750539,"DENTAL SPECIALISTS OF MINNESOTA, PLLC",THE DENTAL SPECIALISTS,"1835 COUNTY ROAD C-WEST, SUITE 200",55113,651-796-0193,0
nppes:1407536196|nppes:1598967382,distinct,,0.261,address,nppes,1407536196,MNPL02 PLLC,,1099 HELMO AVE N STE 110,55128,651-372-3300,nppes,1598967382,PETERS ORTHODONTIC SPECIALISTS,DR. NICOLE PETERS ORTHODONTICS,1099 HELMO AVE N STE 200,55128,651-578-8401,0
nppes:1407701253|nppes:1417825563,review,score,0.762,address+nearby+phone,nppes,1407701253,MARC MONTGOMERY DENTAL GPS PLLC,MONTGOMERY WOLKEN DENTAL CARE,8380 CITY CENTRE DR STE 120,55125,651-714-1642,nppes,1417825563,MARC MONTGOMERY DDS PA,,8380 CITY CENTRE DR STE 120,55125,651-714-1642,0
nppes:1407923733|osm:node/7147762888,auto_merge,score,0.950,address+nearby+phone,nppes,1407923733,TODD A THAYER DDS MS PA,THAYER ORTHODONTICS,1050 LARPEUTEUR AVENUE WEST,55113,651-488-5622,osm,node/7147762888,Thayer Orthodontics,,1050 Larpenteur Avenue West,55113,+1-651-488-5622,71
nppes:1407923733|osm:node/7147762889,distinct,,0.230,address,nppes,1407923733,TODD A THAYER DDS MS PA,THAYER ORTHODONTICS,1050 LARPEUTEUR AVENUE WEST,55113,651-488-5622,osm,node/7147762889,St. Paul Family Dentistry,,1050 Larpenteur Avenue West,55113,+1-651-488-5522,57
nppes:1407945199|nppes:1477634343,distinct,,0.450,phone,nppes,1407945199,"METROPOLITAN ENDODONTICS, LTD.",,"625 E NICOLLET BLVD, SUITE 340",55337,952-435-0370,nppes,1477634343,"METROPOLITAN ENDODONTICS, LTD.",,2125 UPPER 55TH ST E,55077,952-435-0370,20509
nppes:1407973605|nppes:1669842662-pl1,auto_merge,score,0.888,address+nearby+phone,nppes,1407973605,CHILDRENS DENTAL SERVICES INC,,636 BROADWAY ST. NE,55413,612-746-1530,nppes,1669842662-pl1,CHILDREN'S DENTAL SERVICES,,636 BROADWAY ST NE,55413,612-746-1530,0
nppes:1407973605|nppes:1669842662-pl2,auto_merge,score,0.888,address+nearby+phone,nppes,1407973605,CHILDRENS DENTAL SERVICES INC,,636 BROADWAY ST. NE,55413,612-746-1530,nppes,1669842662-pl2,CHILDREN'S DENTAL SERVICES,,636 BROADWAY ST NE,55413,612-746-1530,0
nppes:1417015009|osm:node/3627771163,review,score,0.800,address+nearby+phone,nppes,1417015009,"PDG,P.A.",PARK DENTAL,917 GRAND AVE,55105,651-221-1902,osm,node/3627771163,Park Dental Grand,,"917 Grand Avenue, Ste 5",55105,+1-651-221-1902,50
nppes:1417340563|nppes:1558349035,distinct,,0.295,address,nppes,1417340563,MIRACLE MILE DENTISTRY PA,36TH STREET DENTAL,5806A W 36TH ST,55416,952-929-5292,nppes,1558349035,EDWARD R BICK DDS PA,,5806A W 36TH ST,55416,952-988-5890,0
nppes:1417340563|nppes:1790435428,review,score,0.726,address+nearby+phone,nppes,1417340563,MIRACLE MILE DENTISTRY PA,36TH STREET DENTAL,5806A W 36TH ST,55416,952-929-5292,nppes,1790435428,"NORTHLAND DENTAL PARTNERS, PLLC",METRO DENTALCARE ST. LOUIS PARK WEST 36TH STREET,5806 W 36TH ST STE A,55416,952-929-5292,0
nppes:1417447210-pl1|osm:way/157489499,distinct,,0.258,address,nppes,1417447210-pl1,HIBERNATION SLEEP MN LLC,,2278 COMO AVE,55108,651-888-4680,osm,way/157489499,Saint Anthony Park Dental Care,,2278 Como Avenue,55108,+1-651-644-9216,20
nppes:1417447210|nppes:1417447210-pl1,review,score,0.750,phone,nppes,1417447210,HIBERNATION SLEEP MN LLC,,2233 ENERGY PARK DR STE 400,55108,651-888-4680,nppes,1417447210-pl1,HIBERNATION SLEEP MN LLC,,2278 COMO AVE,55108,651-888-4680,821
nppes:1417447210|osm:node/11968918163,review,same place,0.428,nearby,nppes,1417447210,HIBERNATION SLEEP MN LLC,,2233 ENERGY PARK DR STE 400,55108,651-888-4680,osm,node/11968918163,Hibernation Sleep MN,,"2233 Energy Park Drive, Suite 400",,,60
nppes:1417581240|nppes:1457411753,distinct,,0.280,address,nppes,1417581240,ELEGANT DENTISTRY PPLC,,6545 FRANCE AVE S STE 681,55435,612-800-8008,nppes,1457411753,JEROME E. EUTENEUER DDS PA,,"6545 FRANCE AVE S, SUITE 270",55435,952-927-7744,0
nppes:1417581240|nppes:1700589264,distinct,,0.360,address,nppes,1417581240,ELEGANT DENTISTRY PPLC,,6545 FRANCE AVE S STE 681,55435,612-800-8008,nppes,1700589264,ADVANCED RECONSTRUCTIVE DENTISTRY PLLC,,6545 FRANCE AVE S STE 680,55435,952-922-5326,0
nppes:1417581240|nppes:1710080809,distinct,,0.290,address,nppes,1417581240,ELEGANT DENTISTRY PPLC,,6545 FRANCE AVE S STE 681,55435,612-800-8008,nppes,1710080809,ENDODONTIC SPECIALISTS PA,,"6545 FRANCE AVE S, SUITE #665",55435,952-927-8694,0
nppes:1417581240|nppes:1821362302,distinct,,0.301,address,nppes,1417581240,ELEGANT DENTISTRY PPLC,,6545 FRANCE AVE S STE 681,55435,612-800-8008,nppes,1821362302,"ORTHODONTIC SPECIALISTS OF MINNESOTA, P.L.L.C.",THE DENTAL SPECIALISTS - ORTHODONTICS,"6545 FRANCE AVE S, SUITE 381",55435,952-926-7766,0
nppes:1417581240|nppes:1881312676,distinct,,0.268,address,nppes,1417581240,ELEGANT DENTISTRY PPLC,,6545 FRANCE AVE S STE 681,55435,612-800-8008,nppes,1881312676,"MARIE JOYCELYN LUA, DMD, MS, PA",,6545 FRANCE AVE S STE 680,55435,952-920-7482,0
nppes:1427151968|nppes:1497624001,distinct,,0.258,address,nppes,1427151968,MICHAEL J KING DDS PA,,2738 WINNETKA AVE NO,55427,763-544-5919,nppes,1497624001,BERGE DENTAL SURGERY D/B/A DENTURES ASAP,,2738 WINNETKA AVE N STE 100,55427,763-316-5918,0
nppes:1427172998|nppes:1538216411,distinct,,0.271,nearby,nppes,1427172998,ORTHODONTIC CARE GROUP,ORTHODONTIC CARE SPECIALISTS,3455 PLYMOUTH BLVD,55447,763-551-8911,nppes,1538216411,MINNESOTA ORTHODONTICS AND DENTOFACIAL ORTHOPEDICS PA,DR. D. ORTHODONTICS,"3475 PLYMOUTH BLVD, SUITE 300",55447,763-559-0559,35
nppes:1427398411|nppes:1831365006,distinct,,0.291,address,nppes,1427398411,PREMIER DENTAL,,"1514 WHITE BEAR AVE N, B",55106,817-733-5469,nppes,1831365006,FRED W CARPENTER DDS,,1514 WHITE BEAR AVE,55106,651-771-7719,0
nppes:1427623966|nppes:1720647589,distinct,,0.269,nearby,nppes,1427623966,"MINNESOTA DENTAL PROFESSIONALS, P.C.",PINE ARBOR DENTAL CARE,6939 PINE ARBOR DR S STE 104,55016,651-459-3514,nppes,1720647589,LINDGREN DENTAL CARE PLLC,LINDGREN DENTAL CARE,6936 PINE ARBOR DR S STE 210,55016,651-769-1000,13
nppes:1427623966|osm:node/12029268613,distinct,,0.219,nearby,nppes,1427623966,"MINNESOTA DENTAL PROFESSIONALS, P.C.",PINE ARBOR DENTAL CARE,6939 PINE ARBOR DR S STE 104,55016,651-459-3514,osm,node/12029268613,Lindgren Dental Care,,,,,76
nppes:1427623966|osm:node/5729081339,review,same place,0.500,nearby,nppes,1427623966,"MINNESOTA DENTAL PROFESSIONALS, P.C.",PINE ARBOR DENTAL CARE,6939 PINE ARBOR DR S STE 104,55016,651-459-3514,osm,node/5729081339,Pine Arbor Dental Care,,,,,82
nppes:1427773225|osm:way/1257036315,review,score,0.650,address+nearby,nppes,1427773225,"MINNESOTA DENTAL PROFESSIONALS, P.C.",RIVERSIDE VALLEY DENTAL CARE,8350 HANSEN AVE,55379,612-213-2264,osm,way/1257036315,Riverside Valley Dental Care,,8350 Hansen Avenue,55379,,86
nppes:1437225554|nppes:1699267633,distinct,,0.327,address,nppes,1437225554,"PDG, P.A.",PARK DENTAL,1150 HAZELTINE BLVD,55318,952-361-0777,nppes,1699267633,"ORTHODONTIC SPECIALISTS OF MINNESOTA, P.L.L.C.",THE DENTAL SPECIALISTS- ORTHODONTICS,1150 HAZELTINE BLVD,55318,952-241-5860,0
nppes:1437225554|osm:way/1021270932,distinct,,0.277,address,nppes,1437225554,"PDG, P.A.",PARK DENTAL,1150 HAZELTINE BLVD,55318,952-361-0777,osm,way/1021270932,The Dental Specialists Orthodontics,,1150 Hazeltine Boulevard,55318,,283
nppes:1437267598|nppes:1922726280,auto_merge,score,0.921,address+nearby+phone,nppes,1437267598,KIM F LARSON,LARSON DENTAL,1632 WASHINGTON ST NE,55413,612-789-2853,nppes,1922726280,LARSON DENTAL LLC,,1632 WASHINGTON ST NE,55413,612-789-2853,0
nppes:1437267598|osm:way/766562945,review,score,0.650,address+nearby,nppes,1437267598,KIM F LARSON,LARSON DENTAL,1632 WASHINGTON ST NE,55413,612-789-2853,osm,way/766562945,Larson Dental,,1632 Northeast Washington Street,55413,,64
nppes:1437275039|nppes:1558848119,distinct,,0.098,phone,nppes,1437275039,JENSEN & JENSEN DDS PA,,2480 WHITE BEAR AVE N STE 201,55109,651-770-3014,nppes,1558848119,"CAITLIN HEMMERICH, DDS, PA",RIDGE PERIODONTICS & DENTAL IMPLANTS,3033 HAZELWOOD ST,55109,651-770-3014,2377
nppes:1437275039|nppes:1710442413,distinct,,0.260,address,nppes,1437275039,JENSEN & JENSEN DDS PA,,2480 WHITE BEAR AVE N STE 201,55109,651-770-3014,nppes,1710442413,SMILES IN MOTION OF MINNESOTA PC,GREAT RIVER ORTHODONTICS|SMILES IN MOTION,2480 WHITE BEAR AVE N,55109,651-777-8182,0
nppes:1437275039|osm:node/7201827393,distinct,,0.215,address,nppes,1437275039,JENSEN & JENSEN DDS PA,,2480 WHITE BEAR AVE N STE 201,55109,651-770-3014,osm,node/7201827393,Family Dentistry,Dr Roger C Stoddard Family Dental Clinic,2480 White Bear Avenue,55109,+1-651-776-1597,84
nppes:1437275039|osm:node/7201827394,distinct,,0.292,address,nppes,1437275039,JENSEN & JENSEN DDS PA,,2480 WHITE BEAR AVE N STE 201,55109,651-770-3014,osm,node/7201827394,Jensen and Jensen Periodontics - Implants,,"2480 White Bear Avenue, #201",55109,,78
nppes:1437275039|osm:node/7201827396,distinct,,0.242,address,nppes,1437275039,JENSEN & JENSEN DDS PA,,2480 WHITE BEAR AVE N STE 201,55109,651-770-3014,osm,node/7201827396,"Orthodontics - David C Dueval, DDS, MS",,2480 White Bear Avenue,55109,,78
nppes:1437369105|osm:way/533507284,distinct,,0.297,address,nppes,1437369105,SMILE DESIGN FAMILY DENTISTRY,,1121 TOWN CENTRE DR STE 200,55123,651-454-4771,osm,way/533507284,Midwest Dental,,1121 Town Centre Drive,55123,,43
nppes:1437403953|nppes:1780236539,distinct,,0.245,phone,nppes,1437403953,"MODERN CARE ENDODONTICS, LLC",,18572 JOPLIN AVENUE,55044,952-920-4400,nppes,1780236539,MODERN CARE ENDODONTICS OF APPLE VALLEY,,15160 FOLIAGE AVE STE 100,55124,952-920-4400,8248
nppes:1437496098|osm:way/126130354,review,same place,0.538,address+nearby,nppes,1437496098,MAPLEWOOD PEDIATRIC DENTISTRY PLLC,,1915 COUNTY ROAD D E,55109,651-779-9002,osm,way/126130354,MapleTree Pediatric Dentistry,,1915 County Road D,55109,,42
nppes:1437580818|nppes:1588774152,auto_merge,score,1.000,address+nearby+phone,nppes,1437580818,BRITE SMILES DENTAL CARE,,8977 HUNTERS WAY,55124,952-891-8484,nppes,1588774152,DENNIS C SIMMONS DDS PA,BRITE SMILES DENTAL CARE,8977 HUNTERS WAY,55124,952-891-8484,0
nppes:1437580818|osm:way/527997535,distinct,,0.598,address,nppes,1437580818,BRITE SMILES DENTAL CARE,,8977 HUNTERS WAY,55124,952-891-8484,osm,way/527997535,Brite Smile Dental Care,,8977 Hunters Way,55124,,319
nppes:1437704020|osm:way/636034786,auto_merge,score,1.000,address+nearby+phone,nppes,1437704020,GRAND AVENUE SMILES,,1845 GRAND AVENUE,55105,651-690-5262,osm,way/636034786,Grand Avenue Smiles,,1845 Grand Avenue,55105,+16516905262,41
nppes:1437754215|nppes:1518407014,review,score,0.654,address+phone,nppes,1437754215,"MINNESOTA DENTAL PROFESSIONALS, P.C.",MOSAIC DENTAL-BURNSVILLE/NICOLLET,12401 NICOLLET AVE STE 2,55337,952-890-4255,nppes,1518407014,EV DENTAL P.A,,12401 NICOLLET AVE,55337,952-890-4255,0
nppes:1437847654|osm:node/12335504029,review,score,0.800,nearby+phone,nppes,1437847654,INTERLACHEN DENTAL ASSOCIATES,,"5101 VERNON AVE S, STE 1B",55436,952-920-9579,osm,node/12335504029,Interlachen Dental Associates,,,,+1 952 920 9579,65
nppes:1447193297-pl1|nppes:1801068358,review,keys agree,0.578,address+phone,nppes,1447193297-pl1,MCFARLAND PLLC,,7501 80TH ST S STE 110,55016,651-459-7888,nppes,1801068358,AL M VIRGEN DMD PA,ALL SMILES DENTISTRY,"7501 80TH ST S, SUITE 2",55016,651-459-7888,0
nppes:1447350509|nppes:1518616614,distinct,,0.288,address,nppes,1447350509,"FAMILY ORTHODONTIC SPECIALISTS, PLC",WOODLAKE ORTHODONTICS RICHFIELD,6601 LYNDALE AVE S STE 240,55423,612-861-9123,nppes,1518616614,"NORTHLAND DENTAL PARTNERS, PLLC",MN DENTALCARE,6601 LYNDALE AVE S STE 230,55423,612-866-1234,0
nppes:1447350509|nppes:1598865651,review,score,0.800,address+nearby+phone,nppes,1447350509,"FAMILY ORTHODONTIC SPECIALISTS, PLC",WOODLAKE ORTHODONTICS RICHFIELD,6601 LYNDALE AVE S STE 240,55423,612-861-9123,nppes,1598865651,FAMILY ORAL SURGERY SPECIALISTS PLC,METRO DENTALCARE SPECIALTY CENTER RICHFIELD - ORAL SURGERY,6601 LYNDALE AVE S STE 230,55423,612-861-9123,0
nppes:1447350509|nppes:1639815434,review,same place,0.550,nearby,nppes,1447350509,"FAMILY ORTHODONTIC SPECIALISTS, PLC",WOODLAKE ORTHODONTICS RICHFIELD,6601 LYNDALE AVE S STE 240,55423,612-861-9123,nppes,1639815434,FAMILY ORTHODONTIC SPECIALISTS PLC,WOODLAKE ORTHODONTICS RICHFIELD,6602 LYNDALE AVE S STE 230A,55423,612-869-8834,13
nppes:1447350509|nppes:1679673867,review,same place,0.576,address+nearby,nppes,1447350509,"FAMILY ORTHODONTIC SPECIALISTS, PLC",WOODLAKE ORTHODONTICS RICHFIELD,6601 LYNDALE AVE S STE 240,55423,612-861-9123,nppes,1679673867,FAMILY ENDODONTIC SPECIALISTS PLC,METRO DENTALCARE RICHFIELD,6601 LYNDALE AVE S STE 220A,55423,612-866-1234,0
nppes:1447350509|nppes:1720188998,review,keys agree,0.585,address+phone,nppes,1447350509,"FAMILY ORTHODONTIC SPECIALISTS, PLC",WOODLAKE ORTHODONTICS RICHFIELD,6601 LYNDALE AVE S STE 240,55423,612-861-9123,nppes,1720188998,"METRO DENTALCARE, PLC",,"6601 LYNDALE AVE S, SUITE 220",55423,612-861-9123,0
nppes:1447350509|nppes:1861140501,review,same place,0.576,address+nearby,nppes,1447350509,"FAMILY ORTHODONTIC SPECIALISTS, PLC",WOODLAKE ORTHODONTICS RICHFIELD,6601 LYNDALE AVE S STE 240,55423,612-861-9123,nppes,1861140501,FAMILY ENDODONTIC SPECIALISTS PLC,METRO DENTALCARE SPECIALTY CENTER RICHFIELD - ENDODONTICS,6601 LYNDALE AVE S STE 230A,55423,612-638-1206,0
nppes:1447372859|nppes:1538830005,distinct,,0.497,phone,nppes,1447372859,SCOTT R. KOIDAHL DDS PA,DOWNTOWN DENTAL ASSOCIATES,"825 NICOLLET MALL, SUITE 731",55402,612-339-5808,nppes,1538830005,DOWNTOWN DENTAL PROFESSIONALS LLC,,121 S 8TH ST STE 199,55402,612-339-5808,151
nppes:1447372859|nppes:1649867334,distinct,,0.260,address,nppes,1447372859,SCOTT R. KOIDAHL DDS PA,DOWNTOWN DENTAL ASSOCIATES,"825 NICOLLET MALL, SUITE 731",55402,612-339-5808,nppes,1649867334,MSP ORTHODONTICS PLLC,,825 NICOLLET MALL STE 531,55402,612-332-4344,0
nppes:1447372859|nppes:1659039444,distinct,,0.307,address,nppes,1447372859,SCOTT R. KOIDAHL DDS PA,DOWNTOWN DENTAL ASSOCIATES,"825 NICOLLET MALL, SUITE 731",55402,612-339-5808,nppes,1659039444,MINNEAPOLIS DENTAL PROFESSIONALS LLC,,825 NICOLLET MALL STE 939,55402,612-338-1255,0
nppes:1447372859|nppes:1669199741,distinct,,0.259,address,nppes,1447372859,SCOTT R. KOIDAHL DDS PA,DOWNTOWN DENTAL ASSOCIATES,"825 NICOLLET MALL, SUITE 731",55402,612-339-5808,nppes,1669199741,METROPOLITAN PERIODONTISTS,,"825 NICOLLET MALL, STE. 210",55402,612-332-0869,0
nppes:1447372859|nppes:1821746249,distinct,,0.374,address,nppes,1447372859,SCOTT R. KOIDAHL DDS PA,DOWNTOWN DENTAL ASSOCIATES,"825 NICOLLET MALL, SUITE 731",55402,612-339-5808,nppes,1821746249,"NORTHLAND DENTAL PARTNERS, PLLC",METRO DENTALCARE DOWNTOWN MINNEAPOLIS,825 NICOLLET MALL STE 1025,55402,612-333-2879,0
nppes:1447372859|nppes:1841656410,distinct,,0.333,address,nppes,1447372859,SCOTT R. KOIDAHL DDS PA,DOWNTOWN DENTAL ASSOCIATES,"825 NICOLLET MALL, SUITE 731",55402,612-339-5808,nppes,1841656410,CITYSCAPE DENTAL PA,,"825 NICOLLET MALL, SUITE# 1921",55402,612-332-5916,0
nppes:1447372859|nppes:1861138133,distinct,,0.350,address,nppes,1447372859,SCOTT R. KOIDAHL DDS PA,DOWNTOWN DENTAL ASSOCIATES,"825 NICOLLET MALL, SUITE 731",55402,612-339-5808,nppes,1861138133,DOWNTOWN PERIODONTICS AND IMPLANT DENTISTRY,,"825 NICOLLET MALL, SUITE 725",55402,612-339-5593,0
nppes:1447372859|nppes:1982775235,distinct,,0.259,address,nppes,1447372859,SCOTT R. KOIDAHL DDS PA,DOWNTOWN DENTAL ASSOCIATES,"825 NICOLLET MALL, SUITE 731",55402,612-339-5808,nppes,1982775235,"METROPOLITAN PERIODONTISTS, P.A.",,"825 NICOLLET MALL, SUITE 210",55402,612-332-0869,0
nppes:1447416607|nppes:1942018825,review,score,0.760,address+nearby+phone,nppes,1447416607,ISLES DENTAL ASSOCIATES P.A,,2534 HENNEPIN AVE,55405,612-374-4321,nppes,1942018825,ISLES DENTAL PLLC,,2534 HENNEPIN AVE,55405,612-374-4321,0
nppes:1447416607|osm:node/6829122522,review,score,0.625,nearby+phone,nppes,1447416607,ISLES DENTAL ASSOCIATES P.A,,2534 HENNEPIN AVE,55405,612-374-4321,osm,node/6829122522,Isles Dental,,2534 Hennepin Avenue South,,+1-612-374-4321,31
nppes:1447422175|nppes:1598449688,review,score,0.603,address+phone,nppes,1447422175,"ENTERPRISE DENTAL, INC.",,2418 ENTERPRISE DR UNIT B,55120,651-452-2116,nppes,1598449688,GHASSEMLOUEI AND GUNDERSON DENTAL PRACTICE PLLC,,2418 ENTERPRISE DR UNIT B,55120,651-452-2116,0
nppes:1447506571|nppes:1821199852,distinct,,0.257,address,nppes,1447506571,GERALD D. CAVANAUGH & WILLIAM F. LILJEMARK,EDINA ORTHODONTIC ASSOCIATES,"3939 W. 50TH ST, SUITE #207",55424,952-926-2335,nppes,1821199852,MICHAEL T KRATZ DDS PA,,"3939 W 50TH STREET, #208",55424,952-922-2214,0
nppes:1447506571|nppes:1962127464,distinct,,0.374,address,nppes,1447506571,GERALD D. CAVANAUGH & WILLIAM F. LILJEMARK,EDINA ORTHODONTIC ASSOCIATES,"3939 W. 50TH ST, SUITE #207",55424,952-926-2335,nppes,1962127464,EDINA ENDODONTICS PLLC,,"3939 WEST 50TH STREET, SUITE 201",55424,952-653-4500,0
nppes:1447506571|osm:node/12139088881,distinct,,0.191,nearby,nppes,1447506571,GERALD D. CAVANAUGH & WILLIAM F. LILJEMARK,EDINA ORTHODONTIC ASSOCIATES,"3939 W. 50TH ST, SUITE #207",55424,952-926-2335,osm,node/12139088881,Edina Endodontics,,,,,73
nppes:1447506571|osm:node/12139088883,distinct,,0.228,nearby,nppes,1447506571,GERALD D. CAVANAUGH & WILLIAM F. LILJEMARK,EDINA ORTHODONTIC ASSOCIATES,"3939 W. 50TH ST, SUITE #207",55424,952-926-2335,osm,node/12139088883,Edina Orthodontics - 50th & France,,,,,78
nppes:1447860523|osm:node/5361754637,auto_merge,score,0.857,address+nearby+phone,nppes,1447860523,MODERN DENTAL PROFESSIONALS MINNESOTA PC,MIDWEST DENTAL - SEWARD,2010 27TH AVE S,55406,612-336-8478,osm,node/5361754637,Midwest Dental,,2010 27th Avenue South,55406,+1-612-336-8478,15
nppes:1447961750|nppes:1548282585,review,score,0.694,address+nearby+phone,nppes,1447961750,APPLE TREE DENTAL,,2232 HENNEPIN AVE,55405,612-377-6108,nppes,1548282585,"ADT DENTAL, LTD.",,2232 HENNEPIN AVE,55405,612-377-6108,0
nppes:1447961750|nppes:1699601310,distinct,,0.363,address,nppes,1447961750,APPLE TREE DENTAL,,2232 HENNEPIN AVE,55405,612-377-6108,nppes,1699601310,"ONYX DENTAL, PLLC",,2232 HENNEPIN AVE,55405,612-749-3314,0
nppes:1447961750|osm:node/3201016445,distinct,,0.521,nearby+phone,nppes,1447961750,APPLE TREE DENTAL,,2232 HENNEPIN AVE,55405,612-377-6108,osm,node/3201016445,ADT Dental,,"2230,2232 Hennepin Avenue South",55408,+1 612 377 6108,61
nppes:1457064800|nppes:1518572916,distinct,,0.450,phone,nppes,1457064800,"SMILE ORTHODONTICS STILLWATER, LLC",SMILE ORTHODONTICS,2150 3RD AVE STE 110,55303,651-351-7777,nppes,1518572916,SMILE ORTHODONTICS STILLWATER LLC,SMILE ORTHODONTICS,2008 FORD PKWY,55116,651-351-7777,35122
nppes:1457064800|nppes:1689842841,distinct,,0.225,phone,nppes,1457064800,"SMILE ORTHODONTICS STILLWATER, LLC",SMILE ORTHODONTICS,2150 3RD AVE STE 110,55303,651-351-7777,nppes,1689842841,"ST. CROIX VALLEY DENTAL, PLLC",NORTHERN ORTHODONTICS,13961 60TH ST N,55082,651-351-7777,47832
nppes:1457064800|nppes:1720479462,distinct,,0.250,address,nppes,1457064800,"SMILE ORTHODONTICS STILLWATER, LLC",SMILE ORTHODONTICS,2150 3RD AVE STE 110,55303,651-351-7777,nppes,1720479462,"GROUP HEALTH PLAN, INC",,"2150 3RD AVE, SUITE 200",55303,763-585-7610,0
nppes:1457064800|nppes:1821690496,review,score,0.750,phone,nppes,1457064800,"SMILE ORTHODONTICS STILLWATER, LLC",SMILE ORTHODONTICS,2150 3RD AVE STE 110,55303,651-351-7777,nppes,1821690496,SMILE ORTHODONTICS STILLWATER LLC,,9424 MAPLE GROVE PKWY N,55311,651-351-7777,
nppes:1457393142-pl2|nppes:1528558244,distinct,,0.296,address,nppes,1457393142-pl2,"ALEC H. JARET, DMD, PC",HEALTHDRIVE DENTAL GROUP,7600 FRANCE AVE S STE 1100,55435,888-964-6681,nppes,1528558244,ON-SITE DENTISTRY,,7600 FRANCE AVE S STE 1100,55435,763-545-7545,0
nppes:1457410482|nppes:1578254710,auto_merge,score,0.950,address+nearby+phone,nppes,1457410482,BRAVELAND FAMILY DENTAL PA,,"2500 COUNTY ROAD 42 W, SUITE 8",55337,952-895-0300,nppes,1578254710,"MINNESOTA DENTAL PROFESSIONALS, P.C.",BRAVELAND FAMILY DENTAL,2500 COUNTY ROAD 42 W STE 8,55337,952-895-0300,0
nppes:1457411753|nppes:1700589264,distinct,,0.265,address,nppes,1457411753,JEROME E. EUTENEUER DDS PA,,"6545 FRANCE AVE S, SUITE 270",55435,952-927-7744,nppes,1700589264,ADVANCED RECONSTRUCTIVE DENTISTRY PLLC,,6545 FRANCE AVE S STE 680,55435,952-922-5326,0
nppes:1457411753|nppes:1710080809,distinct,,0.288,address,nppes,1457411753,JEROME E. EUTENEUER DDS PA,,"6545 FRANCE AVE S, SUITE 270",55435,952-927-7744,nppes,1710080809,ENDODONTIC SPECIALISTS PA,,"6545 FRANCE AVE S, SUITE #665",55435,952-927-8694,0
nppes:1457411753|nppes:1821362302,distinct,,0.258,address,nppes,1457411753,JEROME E. EUTENEUER DDS PA,,"6545 FRANCE AVE S, SUITE 270",55435,952-927-7744,nppes,1821362302,"ORTHODONTIC SPECIALISTS OF MINNESOTA, P.L.L.C.",THE DENTAL SPECIALISTS - ORTHODONTICS,"6545 FRANCE AVE S, SUITE 381",55435,952-926-7766,0
nppes:1457411753|nppes:1881312676,distinct,,0.297,address,nppes,1457411753,JEROME E. EUTENEUER DDS PA,,"6545 FRANCE AVE S, SUITE 270",55435,952-927-7744,nppes,1881312676,"MARIE JOYCELYN LUA, DMD, MS, PA",,6545 FRANCE AVE S STE 680,55435,952-920-7482,0
nppes:1457421786|nppes:1669655890,distinct,,0.258,address,nppes,1457421786,EHLERS AND KELLER DDS PA,,1537 E 66TH ST,55423,612-861-7188,nppes,1669655890,RICHFIELD ORTHODONTIC ASSOCIATES,,"1537 E 66TH ST, SUITE 100",55423,612-866-3333,0
nppes:1457448615|nppes:1952712366,review,score,0.700,address+nearby,nppes,1457448615,REGENTS OF THE UNIVERSITY OF MINNESOTA,UNIVERSITY OF MINNESOTA SCHOOL OF DENTISTRY,"515 DELAWARE ST SE, 7-530 MOOS TOWER",55455,612-626-6529,nppes,1952712366,REGENTS OF THE UNIVERSITY OF MINNESOTA,U OF MN SCHOOL OF DENTISTRY,"515 DELAWARE ST SE, 7-530 MOOS TOWER",55455,613-262-6423,0
nppes:1457969636|osm:node/10597376675,distinct,,0.189,nearby,nppes,1457969636,EDEN PRAIRIE ORTHODONTIC ASSOC,,8200 COMMONWEALTH DR # 100,55344,952-829-0686,osm,node/10597376675,Eden Prairie Dental Care,,,,,104
nppes:1457979031|nppes:1801982111,distinct,,0.416,address+nearby,nppes,1457979031,CENTENNIAL LAKES ORTHODONTICS PLLC,,7373 FRANCE AVE S STE 400,55435,952-831-1324,nppes,1801982111,CENTENNIAL LAKES DENTAL GROUP,,7373 FRANCE AVE S STE 500,55435,952-831-2800,0
nppes:1467509851|osm:way/547126362,review,score,0.824,address+nearby+phone,nppes,1467509851,CHERRYWOOD DENTAL CARE PA,,14127 VERNON AVE S,55378,952-440-9303,osm,way/547126362,Cherrywood Dental,,14127 Vernon Ave S,55378,+19524409303,58
nppes:1467515460|nppes:1992820153,distinct,,0.269,address,nppes,1467515460,"NEIL R. COVIN, D.D.S., P.A.",,3401 WOODDALE AVE S,55416,952-920-9209,nppes,1992820153,ORTHODONTIC CARE GROUP,ORTHODONTIC CARE SPECIALISTS,3401 WOODDALE AVE S,55416,952-920-1373,0
nppes:1467640029|nppes:1619089737,distinct,,0.396,phone,nppes,1467640029,DOORSTEP DENTAL SERVICES,,5861 CEDAR LAKE RD S,55416,763-541-6000,nppes,1619089737,STEPHEN G SINYKIN DDS PA,DOORSTEP DENTAL SERVICE,"715 FLORIDA AVE SO., #206",55426,763-541-6000,1120
nppes:1467799924|nppes:1619025798,distinct,,0.244,phone,nppes,1467799924,"DENTALIGN, PA",TC ORTHODONTICS,2999 COUNTY ROAD 42 W SUITE 138,55306,952-892-3282,nppes,1619025798,KUIPERS ORTHODONTICS,,"14000 NICOLLET AVE, SUITE 300",55337,952-892-3282,3001
nppes:1467870303|nppes:1609095140,distinct,,0.435,phone,nppes,1467870303,PAUL BOETTNER DDS PLLC,,1485 COUNTY ROAD 101 N,55447,763-476-6774,nppes,1609095140,PLYMOUTH PLAZA DENTAL,,"1495 COUNTY ROAD 101 N, SUITE2",55447,763-476-6774,16
nppes:1467870303|nppes:1679765929,review,score,0.742,nearby+phone,nppes,1467870303,PAUL BOETTNER DDS PLLC,,1485 COUNTY ROAD 101 N,55447,763-476-6774,nppes,1679765929,PAUL BOETTNER D.D.S. PLLC,BAY CREEK DENTAL,"1495 COUNTY ROAD 101 N, SUITE 2",55447,763-476-6774,16
nppes:1467877001|nppes:1588730394,review,keys agree,0.560,address+phone,nppes,1467877001,APPLEWOOD FAMILY DENTAL,,1740 WEIR DR,55125,651-738-2125,nppes,1588730394,"AZITA LARINAJAFI, INC",,1740 WEIR DRIVE,55125,651-738-2125,0
nppes:1467877001|nppes:1952446338,distinct,,0.280,nearby,nppes,1467877001,APPLEWOOD FAMILY DENTAL,,1740 WEIR DR,55125,651-738-2125,nppes,1952446338,LINDAHL FAMILY DENTAL PA,,"1811 WEIR DR, SUITE #265",55125,651-702-4200,13
nppes:1477112456|nppes:1619287562,distinct,,0.274,address,nppes,1477112456,"FAMILY & COSMETIC GENTLE DENTISTRY, LTD","""GENTLE DENTISTRY""",2147 NORTHDALE BLVD NW,55433,651-209-3139,nppes,1619287562,NORTHDALE DENTIST PA,,"2147, NORTHDALE BLVD NW.",55433,763-497-6977,
nppes:1477170108-pl1|nppes:1477170108-pl2,review,score,0.750,phone,nppes,1477170108-pl1,JESSE N VEIL DDS MS PA,VEIL & WILD ORTHODONTICS,11800 SINGLETREE LN STE 200,55344,952-903-9484,nppes,1477170108-pl2,JESSE N VEIL DDS MS PA,VEIL & WILD ORTHODONTICS,600 W 98TH ST STE 300,55420,952-903-9484,
nppes:1477170108-pl1|nppes:1477170108-pl3,distinct,,0.450,phone,nppes,1477170108-pl1,JESSE N VEIL DDS MS PA,VEIL & WILD ORTHODONTICS,11800 SINGLETREE LN STE 200,55344,952-903-9484,nppes,1477170108-pl3,JESSE N VEIL DDS MS PA,VEIL & WILD ORTHODONTICS,7533 EGAN DR,55378,952-903-9484,12915
nppes:1477170108-pl1|nppes:1477170108-pl4,distinct,,0.450,phone,nppes,1477170108-pl1,JESSE N VEIL DDS MS PA,VEIL & WILD ORTHODONTICS,11800 SINGLETREE LN STE 200,55344,952-903-9484,nppes,1477170108-pl4,JESSE N VEIL DDS MS PA,VEIL & WILD ORTHODONTICS,40 S 7TH ST STE 220,55402,952-903-9484,18062
nppes:1477170108-pl1|nppes:1841353992,distinct,,0.281,address,nppes,1477170108-pl1,JESSE N VEIL DDS MS PA,VEIL & WILD ORTHODONTICS,11800 SINGLETREE LN STE 200,55344,952-903-9484,nppes,1841353992,"GALLAGHER COSMETIC &FAMILY DENTISTRY, PA",,"11800 SINGLETREE LN, SUITE 208",55344,952-942-9600,0
nppes:1477170108-pl1|nppes:1881783405,distinct,,0.320,address,nppes,1477170108-pl1,JESSE N VEIL DDS MS PA,VEIL & WILD ORTHODONTICS,11800 SINGLETREE LN STE 200,55344,952-903-9484,nppes,1881783405,"METROPOLITAN ENDODONTICS, LTD.",,"11800 SINGLETREE LN, SUITE 300",55344,952-996-0806,0
nppes:1477170108-pl2|nppes:1477170108-pl3,review,score,0.750,phone,nppes,1477170108-pl2,JESSE N VEIL DDS MS PA,VEIL & WILD ORTHODONTICS,600 W 98TH ST STE 300,55420,952-903-9484,nppes,1477170108-pl3,JESSE N VEIL DDS MS PA,VEIL & WILD ORTHODONTICS,7533 EGAN DR,55378,952-903-9484,
nppes:1477170108-pl2|nppes:1477170108-pl4,review,score,0.750,phone,nppes,1477170108-pl2,JESSE N VEIL DDS MS PA,VEIL & WILD ORTHODONTICS,600 W 98TH ST STE 300,55420,952-903-9484,nppes,1477170108-pl4,JESSE N VEIL DDS MS PA,VEIL & WILD ORTHODONTICS,40 S 7TH ST STE 220,55402,952-903-9484,
nppes:1477170108-pl3|nppes:1477170108-pl4,distinct,,0.450,phone,nppes,1477170108-pl3,JESSE N VEIL DDS MS PA,VEIL & WILD ORTHODONTICS,7533 EGAN DR,55378,952-903-9484,nppes,1477170108-pl4,JESSE N VEIL DDS MS PA,VEIL & WILD ORTHODONTICS,40 S 7TH ST STE 220,55402,952-903-9484,26963
nppes:1477170108|nppes:1477170108-pl1,distinct,,0.450,phone,nppes,1477170108,JESSE N VEIL DDS MS PA,VEIL & WILD ORTHODONTICS,250 FULLER ST S STE 100,55379,952-903-9484,nppes,1477170108-pl1,JESSE N VEIL DDS MS PA,VEIL & WILD ORTHODONTICS,11800 SINGLETREE LN STE 200,55344,952-903-9484,10382
nppes:1477170108|nppes:1477170108-pl2,review,score,0.750,phone,nppes,1477170108,JESSE N VEIL DDS MS PA,VEIL & WILD ORTHODONTICS,250 FULLER ST S STE 100,55379,952-903-9484,nppes,1477170108-pl2,JESSE N VEIL DDS MS PA,VEIL & WILD ORTHODONTICS,600 W 98TH ST STE 300,55420,952-903-9484,
nppes:1477170108|nppes:1477170108-pl3,distinct,,0.450,phone,nppes,1477170108,JESSE N VEIL DDS MS PA,VEIL & WILD ORTHODONTICS,250 FULLER ST S STE 100,55379,952-903-9484,nppes,1477170108-pl3,JESSE N VEIL DDS MS PA,VEIL & WILD ORTHODONTICS,7533 EGAN DR,55378,952-903-9484,13182
nppes:1477170108|nppes:1477170108-pl4,distinct,,0.450,phone,nppes,1477170108,JESSE N VEIL DDS MS PA,VEIL & WILD ORTHODONTICS,250 FULLER ST S STE 100,55379,952-903-9484,nppes,1477170108-pl4,JESSE N VEIL DDS MS PA,VEIL & WILD ORTHODONTICS,40 S 7TH ST STE 220,55402,952-903-9484,28380
nppes:1477170108|nppes:1710086459,distinct,,0.261,address,nppes,1477170108,JESSE N VEIL DDS MS PA,VEIL & WILD ORTHODONTICS,250 FULLER ST S STE 100,55379,952-903-9484,nppes,1710086459,O'BRIEN DENTAL CARE,,"250 FULLER ST S, SUITE 250",55379,952-445-6657,0
nppes:1477677946|nppes:1760540280,distinct,,0.250,address,nppes,1477677946,ORTHODONTIC CARE GROUP,ORTHODONTIC CARE SPECIALISTS,8980 HUDSON BLVD N,55042,651-501-1467,nppes,1760540280,"PDG, P.A",PARK DENTAL,8980 HUDSON BLVD N,55042,651-735-9057,0
nppes:1477677946|nppes:1932842663,review,score,0.820,address+nearby+phone,nppes,1477677946,ORTHODONTIC CARE GROUP,ORTHODONTIC CARE SPECIALISTS,8980 HUDSON BLVD N,55042,651-501-1467,nppes,1932842663,FAMILY ORTHODONTIC SPECIALISTS PLC,WOODLAKE ORTHODONTICS LAKE ELMO,8980 HUDSON BLVD N,55042,651-501-1467,0
nppes:1477690279|nppes:1871242917,distinct,,0.250,address,nppes,1477690279,DR. BRUCE E. BRANDSNESS P.A.,,2267 LOUISIANA AVE S,55426,952-546-2564,nppes,1871242917,MICHAEL JAMES KRUMHOLZ,,2267 LOUISIANA AVE S,55426,952-999-4999,0
nppes:1477690279|osm:way/460383876,distinct,,0.400,address+nearby,nppes,1477690279,DR. BRUCE E. BRANDSNESS P.A.,,2267 LOUISIANA AVE S,55426,952-546-2564,osm,way/460383876,Brandsness & Krumholz,,2267 Louisiana Avenue South,55426,,41
nppes:1487245239|nppes:1700975216,distinct,,0.173,address,nppes,1487245239,ORCHIN SMILES PLLC,,1395 CURVE CREST BLVD W,55082,516-333-6162,nppes,1700975216,"GROUP HEALTH PLAN, INC.",THREE RIVERS ORTHODONTICS,1395 CURVE CREST BLVD,55082,651-439-1966,
nppes:1487245239|nppes:1992915649,distinct,,0.173,address,nppes,1487245239,ORCHIN SMILES PLLC,,1395 CURVE CREST BLVD W,55082,516-333-6162,nppes,1992915649,"GROUP HEALTH PLAN, INC",THREE RIVERS DENTAL CARE,1395 CURVE CREST BLVD W,55082,651-430-0036,
nppes:1487302113|nppes:1487303889,review,score,0.620,address+nearby,nppes,1487302113,FAMILY ENDODONTIC SPECIALISTS PLC,METRO DENTALCARE SPECIALTY CENTER MAPLE GROVE ENDODONTICS,15785 95TH AVE N,55369,763-233-4140,nppes,1487303889,"FAMILY PERIODONTIC SPECIALISTS, PLC",METRO DENTALCARE SPECIALTY CENTER MAPLE GROVE - PERIODONTICS,15785 95TH AVE N,55369,763-233-4141,0
nppes:1487302113|nppes:1497404818,review,same place,0.541,address+nearby,nppes,1487302113,FAMILY ENDODONTIC SPECIALISTS PLC,METRO DENTALCARE SPECIALTY CENTER MAPLE GROVE ENDODONTICS,15785 95TH AVE N,55369,763-233-4140,nppes,1497404818,"FAMILY ORAL SURGERY SPECIALISTS, PLC",METRO DENTALCARE SPECIALTY CENTER MAPLE GROVE - ORAL SURGERY,15785 95TH AVE N,55369,763-233-4141,0
nppes:1487302113|nppes:1598413239,auto_merge,score,1.000,address+nearby+phone,nppes,1487302113,FAMILY ENDODONTIC SPECIALISTS PLC,METRO DENTALCARE SPECIALTY CENTER MAPLE GROVE ENDODONTICS,15785 95TH AVE N,55369,763-233-4140,nppes,1598413239,FAMILY ENDODONTIC SPECIALISTS PLC,METRO DENTALCARE SPECIALTY CENTER MAPLE GROVE - ENDODONTICS,15785 95TH AVE N,55369,763-233-4140,0
nppes:1487303889|nppes:1497404818,review,score,0.837,address+nearby+phone,nppes,1487303889,"FAMILY PERIODONTIC SPECIALISTS, PLC",METRO DENTALCARE SPECIALTY CENTER MAPLE GROVE - PERIODONTICS,15785 95TH AVE N,55369,763-233-4141,nppes,1497404818,"FAMILY ORAL SURGERY SPECIALISTS, PLC",METRO DENTALCARE SPECIALTY CENTER MAPLE GROVE - ORAL SURGERY,15785 95TH AVE N,55369,763-233-4141,0
nppes:1487303889|nppes:1598413239,review,score,0.620,address+nearby,nppes,1487303889,"FAMILY PERIODONTIC SPECIALISTS, PLC",METRO DENTALCARE SPECIALTY CENTER MAPLE GROVE - PERIODONTICS,15785 95TH AVE N,55369,763-233-4141,nppes,1598413239,FAMILY ENDODONTIC SPECIALISTS PLC,METRO DENTALCARE SPECIALTY CENTER MAPLE GROVE - ENDODONTICS,15785 95TH AVE N,55369,763-233-4140,0
nppes:1487712915|nppes:1912143843,distinct,,0.463,phone,nppes,1487712915,"PDG, P.A.",PARK DENTAL,"9600 UPLAND LN N, SUITE 200",55369,763-416-0037,nppes,1912143843,"DENTAL SPECIALISTS OF MINNESOTA, PLLC",THE DENTAL SPECIALISTS,"9325 UPLAND LN N, SUITE 330",55369,763-416-0037,475
nppes:1497149496|osm:node/4331102007,review,same place,0.500,nearby,nppes,1497149496,"KNOLLWOOD DENTISTRY, PC",KNOLLWOOD DENTISTRY,8454 HIGHWAY 7,55426,952-933-3667,osm,node/4331102007,Knollwood Dentistry,,8458 Minnesota State Highway 7,55426,,101
nppes:1497404818|nppes:1598413239,review,same place,0.541,address+nearby,nppes,1497404818,"FAMILY ORAL SURGERY SPECIALISTS, PLC",METRO DENTALCARE SPECIALTY CENTER MAPLE GROVE - ORAL SURGERY,15785 95TH AVE N,55369,763-233-4141,nppes,1598413239,FAMILY ENDODONTIC SPECIALISTS PLC,METRO DENTALCARE SPECIALTY CENTER MAPLE GROVE - ENDODONTICS,15785 95TH AVE N,55369,763-233-4140,0
nppes:1497404818|nppes:1760272611,distinct,,0.190,nearby,nppes,1497404818,"FAMILY ORAL SURGERY SPECIALISTS, PLC",METRO DENTALCARE SPECIALTY CENTER MAPLE GROVE - ORAL SURGERY,15785 95TH AVE N,55369,763-233-4141,nppes,1760272611,DENTAL DELIVERY SYSTEMS OF MAPLE GROVE LLC,DENTAL ASSOCIATES OF MAPLE GROVE,9400 UPLAND LANE N,55369,763-363-0063,112
nppes:1497879951|nppes:1689732133,distinct,,0.150,address,nppes,1497879951,ORTHODONTIC CARE GROUP,ORTHODONTIC CARE SPECIALISTS,4670 PARK NICOLLET AVE SE,55372,952-432-4941,nppes,1689732133,"PDG,P.A.",PARK DENTAL,"4670 PARK NICOLLET AVE SE, SUITE 100",55372,952-447-7606,
nppes:1497879951|nppes:1881841021,distinct,,0.186,address,nppes,1497879951,ORTHODONTIC CARE GROUP,ORTHODONTIC CARE SPECIALISTS,4670 PARK NICOLLET AVE SE,55372,952-432-4941,nppes,1881841021,NORTHLAND DENTAL PARTNERS PLLC,METRO DENTALCARE,4670 PARK NICOLLET AVE SE,55372,952-447-7606,
nppes:1497936389|osm:way/778595987,review,same place,0.433,nearby,nppes,1497936389,CHICAGO LAKE DENTAL,,2900 CHICAGO AVE,55407,612-823-2080,osm,way/778595987,Chicago Lake Family Dental,,,,,33
nppes:1508080532|nppes:1649318619,review,keys agree,0.594,address+phone,nppes,1508080532,"STONE CREEK DENTAL, P.A.",,"7935 STONE CREEK DR, STE. 150",55317,952-937-2839,nppes,1649318619,"RICHARD C AXEL. DDS, PA",,"7935 STONE CREEK DR, #150",55317,952-937-2839,0
nppes:1508080532|osm:node/6734428577,review,same place,0.572,address+nearby,nppes,1508080532,"STONE CREEK DENTAL, P.A.",,"7935 STONE CREEK DR, STE. 150",55317,952-937-2839,osm,node/6734428577,Stone Creek Dental,,"7935 Stone Creek Drive, 150",55317,,136
nppes:1508132663|nppes:1619065539,distinct,,0.290,address,nppes,1508132663,LINH TRAN DDS LLC,QUALITY DENTISTRY,1736 COPE AVE E STE 2,55109,651-315-8868,nppes,1619065539,MAPLEWOOD DENTAL ASSOCIATES PA,,1736 EAST COPE AVE,55109,651-770-3831,0
nppes:1508564030|osm:node/8149821514,distinct,,0.422,phone,nppes,1508564030,DR. LUKE W BOGDANOWICZ DDS AND ASSOCIATES LTD,,8525 EDINBROOK XING STE 402,55443,763-425-5277,osm,node/8149821514,Dr. Luke's Dental,,,,+1-763-425-5277,85
nppes:1508925017|nppes:1568591139,distinct,,0.290,address,nppes,1508925017,BRENT CATALDO DDS PA,,1025 EVERGREEN LN N,55441,763-544-7856,nppes,1568591139,"GREGORY D. LISKA DDS AND DARREN E. HOVLAND DDS, LTD",,1025 EVERGREEN LN N,55441,763-546-2209,0
nppes:1508926841|nppes:1659554517,distinct,,0.370,address,nppes,1508926841,WAYZATA ENDODONTICS PA,,"250 N CENTRAL AVE, SUITE 303",55391,952-476-0070,nppes,1659554517,"WAYZATA DENTAL, LTD.",WAYZATA DENTAL,"250 CENTRAL AVE N, SUITE 202",55391,952-473-4900,0
nppes:1508926841|nppes:1902812126,review,same place,0.483,address+nearby,nppes,1508926841,WAYZATA ENDODONTICS PA,,"250 N CENTRAL AVE, SUITE 303",55391,952-476-0070,nppes,1902812126,"MICHAEL W. GLEYSTEEN, DDS, PA",WAYZATA ORTHODONTICS,250 CENTRAL AVE N # 113,55391,952-473-7037,0
nppes:1508926841|osm:node/6236126673,distinct,,0.320,address,nppes,1508926841,WAYZATA ENDODONTICS PA,,"250 N CENTRAL AVE, SUITE 303",55391,952-476-0070,osm,node/6236126673,Wayzata Dental,,"250 Central Avenue North, 202",55391,+1-952-473-4900,82
nppes:1518033695|nppes:1578606778,distinct,,0.363,address,nppes,1518033695,"PDG,P.A.",PARK DENTAL,6437 BROOKLYN BLVD,55429,763-531-7177,nppes,1578606778,"DENTAL SPECIALISTS OF MINNESOTA, PLLC",THE DENTAL SPECIALISTS,6437 BROOKLYN BLVD,55429,952-926-3128,0
nppes:1518033695|nppes:1710001284,distinct,,0.250,address,nppes,1518033695,"PDG,P.A.",PARK DENTAL,6437 BROOKLYN BLVD,55429,763-531-7177,nppes,1710001284,ORTHODONTIC CARE GROUP,ORTHODONTIC CARE SPECIALISTS,6437 BROOKLYN BLVD,55429,763-535-6010,0
nppes:1518033695|osm:node/10134443644,review,score,0.684,nearby+phone,nppes,1518033695,"PDG,P.A.",PARK DENTAL,6437 BROOKLYN BLVD,55429,763-531-7177,osm,node/10134443644,Park Dental Brookpark,,6437 Brooklyn Boulevard,,+1-763-531-7177,26
nppes:1518054766|nppes:1649782756,review,keys agree,0.568,address+phone,nppes,1518054766,"D.S. KILLIAN & F.J. MILNAR JR., DDS PA",,120 SNELLING AVE N,55104,651-645-6111,nppes,1649782756,FRANCO & ASSOCIATES FAMILY AND COSMETIC DENTISTRY,,120 SNELLING AVE N,55104,651-645-6111,0
nppes:1518054766|osm:node/7205080255,distinct,,0.193,address+phone,nppes,1518054766,"D.S. KILLIAN & F.J. MILNAR JR., DDS PA",,120 SNELLING AVE N,55104,651-645-6111,osm,node/7205080255,"Dr Gloria Lopez Franco, DDS",,120 Snelling Avenue,55104,+1-651-645-6111,1205
nppes:1518054766|osm:way/510514973,review,keys agree,0.568,address+phone,nppes,1518054766,"D.S. KILLIAN & F.J. MILNAR JR., DDS PA",,120 SNELLING AVE N,55104,651-645-6111,osm,way/510514973,Franco & Associates Family and Cosmetic Dentistry,,120 Snelling Avenue,55104,+1-651-645-6111,34
nppes:1518125160|osm:node/11215325078,distinct,,0.222,address,nppes,1518125160,"KELLY BOSWORTH, DDS, INC",,"6140 LAKE LINDEN DR, SUITE 230",55331,952-474-4123,osm,node/11215325078,Health Sense Dental,,"6140 Lake Linden Drive, 235",55331,,66
nppes:1518572916|nppes:1689842841,distinct,,0.225,phone,nppes,1518572916,SMILE ORTHODONTICS STILLWATER LLC,SMILE ORTHODONTICS,2008 FORD PKWY,55116,651-351-7777,nppes,1689842841,"ST. CROIX VALLEY DENTAL, PLLC",NORTHERN ORTHODONTICS,13961 60TH ST N,55082,651-351-7777,31311
nppes:1518572916|nppes:1821690496,review,score,0.750,phone,nppes,1518572916,SMILE ORTHODONTICS STILLWATER LLC,SMILE ORTHODONTICS,2008 FORD PKWY,55116,651-351-7777,nppes,1821690496,SMILE ORTHODONTICS STILLWATER LLC,,9424 MAPLE GROVE PKWY N,55311,651-351-7777,
nppes:1518616614|nppes:1598865651,distinct,,0.345,address,nppes,1518616614,"NORTHLAND DENTAL PARTNERS, PLLC",MN DENTALCARE,6601 LYNDALE AVE S STE 230,55423,612-866-1234,nppes,1598865651,FAMILY ORAL SURGERY SPECIALISTS PLC,METRO DENTALCARE SPECIALTY CENTER RICHFIELD - ORAL SURGERY,6601 LYNDALE AVE S STE 230,55423,612-861-9123,0
nppes:1518616614|nppes:1679673867,review,score,0.736,address+nearby+phone,nppes,1518616614,"NORTHLAND DENTAL PARTNERS, PLLC",MN DENTALCARE,6601 LYNDALE AVE S STE 230,55423,612-866-1234,nppes,1679673867,FAMILY ENDODONTIC SPECIALISTS PLC,METRO DENTALCARE RICHFIELD,6601 LYNDALE AVE S STE 220A,55423,612-866-1234,0
nppes:1518616614|nppes:1720188998,review,same place,0.485,address+nearby,nppes,1518616614,"NORTHLAND DENTAL PARTNERS, PLLC",MN DENTALCARE,6601 LYNDALE AVE S STE 230,55423,612-866-1234,nppes,1720188998,"METRO DENTALCARE, PLC",,"6601 LYNDALE AVE S, SUITE 220",55423,612-861-9123,0
nppes:1518616614|nppes:1861140501,distinct,,0.345,address,nppes,1518616614,"NORTHLAND DENTAL PARTNERS, PLLC",MN DENTALCARE,6601 LYNDALE AVE S STE 230,55423,612-866-1234,nppes,1861140501,FAMILY ENDODONTIC SPECIALISTS PLC,METRO DENTALCARE SPECIALTY CENTER RICHFIELD - ENDODONTICS,6601 LYNDALE AVE S STE 230A,55423,612-638-1206,0
nppes:1528066370|nppes:1619938057,distinct,,0.330,address,nppes,1528066370,BASSETT CREEK DENTAL,,"5851 DULUTH ST, SUITE 100",55422,763-546-1301,nppes,1619938057,GIEBENHAIN DENTAL ASSOCIATES PA,,"5851 DULUTH STREET, SUITE #103",55422,763-545-0330,0
nppes:1528066370|nppes:1659611333,distinct,,0.275,address,nppes,1528066370,BASSETT CREEK DENTAL,,"5851 DULUTH ST, SUITE 100",55422,763-546-1301,nppes,1659611333,"DAN B ANG, DDS,LLC",,"5851 DULUTH ST, SUITE 313",55422,763-542-8723,0
nppes:1528066370|nppes:1952028490,distinct,,0.275,address,nppes,1528066370,BASSETT CREEK DENTAL,,"5851 DULUTH ST, SUITE 100",55422,763-546-1301,nppes,1952028490,"DAN B. ANG DDS, LLC",,"5851 DULUTH STREET, SUITE 313",55422,763-542-8723,0
nppes:1528066370|nppes:1972748721,distinct,,0.338,address,nppes,1528066370,BASSETT CREEK DENTAL,,"5851 DULUTH ST, SUITE 100",55422,763-546-1301,nppes,1972748721,CENTENNIAL LAKES DENTAL GROUP,,5851 DULUTH ST STE 218,55422,763-544-0121,0
nppes:1528150877|nppes:1548430101,distinct,,0.281,address,nppes,1528150877,MALLINGER DENTAL PLLC,,"8900 PENN AVE SO, SUITE 100",55431,952-881-1154,nppes,1548430101,"RICHARD C. RENDER, D.D.S., P.A.",,"8900 PENN AVE S, SUITE 307",55431,952-884-7706,0
nppes:1528150877|nppes:1639214547,distinct,,0.260,address,nppes,1528150877,MALLINGER DENTAL PLLC,,"8900 PENN AVE SO, SUITE 100",55431,952-881-1154,nppes,1639214547,DR RICHARD E BRIMACOMB,,"8900 PENN AVE S, #112",55431,952-888-1311,0
nppes:1528150877|nppes:1679705404,distinct,,0.286,address,nppes,1528150877,MALLINGER DENTAL PLLC,,"8900 PENN AVE SO, SUITE 100",55431,952-881-1154,nppes,1679705404,ROY KRENGEL DDS PA,,"8900 PENN AVE S, SUITE #112",55431,952-888-1311,0
nppes:1528150877|nppes:1740455773,distinct,,0.396,address+nearby,nppes,1528150877,MALLINGER DENTAL PLLC,,"8900 PENN AVE SO, SUITE 100",55431,952-881-1154,nppes,1740455773,BISMILLAH DENTAL CARE PLLC,,"8900 PENN AVE S, SUITE 202",55431,952-888-1861,0
nppes:1528226156|nppes:1770703688,distinct,,0.322,address,nppes,1528226156,ERICKSON/AAMODT ORTHODONTICS PA,,"7493 147TH ST W, SUITE 202",55124,952-431-1111,nppes,1770703688,"PERIODONTAL CARE, PA",,"7493 147TH ST W, SUITE 105",55124,952-432-0010,0
nppes:1528423274|nppes:1801585922,auto_merge,score,0.922,address+nearby+phone,nppes,1528423274,ADELMANN DENTISTRY LLC,,"14247 OCONNELL CT, 100",55378,952-226-3560,nppes,1801585922,SAVAGE DENTAL PLLC,ADELMANN DENTISTRY,14247 OCONNELL CT,55378,952-226-3560,0
nppes:1528558244|nppes:1912303777,distinct,,0.048,phone,nppes,1528558244,ON-SITE DENTISTRY,,7600 FRANCE AVE S STE 1100,55435,763-545-7545,nppes,1912303777,LICENSED DENTAL HYGIENE CARE,SENIOR MOBILE DENTAL MINNESOTA LTD,"5201 EDEN AVE, SUITE 50",55436,763-545-7545,5231
nppes:1528997830|nppes:1639398886,review,keys agree,0.564,address+phone,nppes,1528997830,LINDSAY BEVIS PLLC,,425 2ND ST,55331,952-474-6133,nppes,1639398886,"TOWN DENTAL, PA",,425 2ND ST,55331,952-474-6133,0
nppes:1528997830|nppes:1962460881,review,keys agree,0.564,address+phone,nppes,1528997830,LINDSAY BEVIS PLLC,,425 2ND ST,55331,952-474-6133,nppes,1962460881,"TOWN DENTAL, PA",,425 2ND ST,55331,952-474-6133,0
nppes:1528997830|osm:node/11780026077,distinct,,0.250,address,nppes,1528997830,LINDSAY BEVIS PLLC,,425 2ND ST,55331,952-474-6133,osm,node/11780026077,Town Dental - Excelsior,,425 2nd Street,55331,+1-952-295-1622,13
nppes:1538112180|osm:node/765261090,review,same place,0.550,nearby,nppes,1538112180,CHANHASSEN DENTAL,,"480 W 78TH ST, SUITE #116",55317,952-934-3383,osm,node/765261090,Chanhassen Dental,,,,,33
nppes:1538216411|nppes:1740340561,distinct,,0.276,address,nppes,1538216411,MINNESOTA ORTHODONTICS AND DENTOFACIAL ORTHOPEDICS PA,DR. D. ORTHODONTICS,"3475 PLYMOUTH BLVD, SUITE 300",55447,763-559-0559,nppes,1740340561,"STEPHEN W. ROBINSON, DDS, PA",,"3475 PLYMOUTH BLVD, SUITE 300",55447,763-546-6700,0
nppes:1538216411|nppes:1982767125,distinct,,0.291,address,nppes,1538216411,MINNESOTA ORTHODONTICS AND DENTOFACIAL ORTHOPEDICS PA,DR. D. ORTHODONTICS,"3475 PLYMOUTH BLVD, SUITE 300",55447,763-559-0559,nppes,1982767125,JEANNE L BARSS DDS MS PA,JEANNE L BARSS DDS MS,"3475 PLYMOUTH BLVD, ST 200",55447,763-694-6158,0
nppes:1538220207|nppes:1932200037,distinct,,0.250,address,nppes,1538220207,ABERDEEN DENTAL ASSOCIATES,,"11800 ABERDEEN ST NE, SUITE 110",55449,763-786-4280,nppes,1932200037,NORTHLAND ENDODONTICS PA,,"11800 ABERDEEN ST NE, SUITE 140",55449,763-772-0330,0
nppes:1538220207|nppes:1952997421,review,score,0.700,address+nearby,nppes,1538220207,ABERDEEN DENTAL ASSOCIATES,,"11800 ABERDEEN ST NE, SUITE 110",55449,763-786-4280,nppes,1952997421,"NODLANDMONDRY, P.L.L.C.",ABERDEEN DENTAL ASSOCIATES,11800 ABERDEEN ST NE STE 110,55449,402-560-8346,0
nppes:1538225677|nppes:1619959426,distinct,,0.279,address,nppes,1538225677,"GARY L. CARLSON, D.D.S., P.A.",,"17809 HUTCHINS DR, STE 101",55345,952-474-3203,nppes,1619959426,DR JAMES R SCHWARTZ DDS PA,,"17809 HUTCHINS DR, SUITE 108",55345,952-474-5041,0
nppes:1548282585|nppes:1699601310,distinct,,0.376,address,nppes,1548282585,"ADT DENTAL, LTD.",,2232 HENNEPIN AVE,55405,612-377-6108,nppes,1699601310,"ONYX DENTAL, PLLC",,2232 HENNEPIN AVE,55405,612-749-3314,0
nppes:1548282585|osm:node/3201016445,review,score,0.680,nearby+phone,nppes,1548282585,"ADT DENTAL, LTD.",,2232 HENNEPIN AVE,55405,612-377-6108,osm,node/3201016445,ADT Dental,,"2230,2232 Hennepin Avenue South",55408,+1 612 377 6108,61
nppes:1548430101|nppes:1639214547,distinct,,0.357,address,nppes,1548430101,"RICHARD C. RENDER, D.D.S., P.A.",,"8900 PENN AVE S, SUITE 307",55431,952-884-7706,nppes,1639214547,DR RICHARD E BRIMACOMB,,"8900 PENN AVE S, #112",55431,952-888-1311,0
nppes:1548430101|nppes:1679705404,distinct,,0.296,address,nppes,1548430101,"RICHARD C. RENDER, D.D.S., P.A.",,"8900 PENN AVE S, SUITE 307",55431,952-884-7706,nppes,1679705404,ROY KRENGEL DDS PA,,"8900 PENN AVE S, SUITE #112",55431,952-888-1311,0
nppes:1548430101|nppes:1740455773,distinct,,0.278,address,nppes,1548430101,"RICHARD C. RENDER, D.D.S., P.A.",,"8900 PENN AVE S, SUITE 307",55431,952-884-7706,nppes,1740455773,BISMILLAH DENTAL CARE PLLC,,"8900 PENN AVE S, SUITE 202",55431,952-888-1861,0
nppes:1548442411|osm:node/7360527133,distinct,,0.250,nearby,nppes,1548442411,"FAMILY & COSMETIC GENTLE DENTISTRY, LTD",,8711 E POINT DOUGLAS RD S,55016,651-379-9892,osm,node/7360527133,Gentle Dentistry,,,,,56
nppes:1548487689|osm:way/489630183,review,score,0.650,address+nearby,nppes,1548487689,THE NEW ART OF DENTISTRY,,1222 N FRONTAGE RD,55033,651-437-1166,osm,way/489630183,The New Art Of Dentistry,,1222 Frontage Road,55033,,70
nppes:1548818560|nppes:1821498858,distinct,,0.310,address,nppes,1548818560,"ORTHODONTIC SPECIALISTS OF MINNESOTA, P.L.L.C.",THE DENTAL SPECIALISTS ORTHODONTICS BURNSVILLE EAST,675 E NICOLLET BLVD STE 120,55337,952-241-5890,nppes,1821498858,SARAH L CARLSON DDS PA,NORTHSTAR DENTAL CLINIC,675 E NICOLLET BLVD STE 120,55337,952-892-7700,0
nppes:1548818560|nppes:1841803723-pl1,distinct,,0.292,address,nppes,1548818560,"ORTHODONTIC SPECIALISTS OF MINNESOTA, P.L.L.C.",THE DENTAL SPECIALISTS ORTHODONTICS BURNSVILLE EAST,675 E NICOLLET BLVD STE 120,55337,952-241-5890,nppes,1841803723-pl1,ALL ABOUT DENTISTRY,,675 E NICOLLET BLVD STE 120,55337,612-843-2951,0
nppes:1548818560|nppes:1891079851,distinct,,0.395,address+nearby,nppes,1548818560,"ORTHODONTIC SPECIALISTS OF MINNESOTA, P.L.L.C.",THE DENTAL SPECIALISTS ORTHODONTICS BURNSVILLE EAST,675 E NICOLLET BLVD STE 120,55337,952-241-5890,nppes,1891079851,"BURNSVILLE DENTAL, P.A.",NORTHSTAR DENTAL CLINIC,675 E NICOLLET BLVD STE 120,55337,952-892-7700,0
nppes:1548926876|nppes:1902920382,distinct,,0.232,address,nppes,1548926876,DR RICHARD J ANDERSON DDS PA,ANDERSON DENTALCARE,3925 W 50TH ST STE 104,55424,952-926-0284,nppes,1902920382,44TH STREET DENTAL,,3925 W 44TH ST,55424,952-922-2159,1107
nppes:1548926876|osm:node/12138867368,distinct,,0.200,nearby,nppes,1548926876,DR RICHARD J ANDERSON DDS PA,ANDERSON DENTALCARE,3925 W 50TH ST STE 104,55424,952-926-0284,osm,node/12138867368,50th and France Dental Care,,,,,93
nppes:1548926876|osm:node/12138867396,review,same place,0.500,nearby,nppes,1548926876,DR RICHARD J ANDERSON DDS PA,ANDERSON DENTALCARE,3925 W 50TH ST STE 104,55424,952-926-0284,osm,node/12138867396,Anderson Dentalcare,,,,,65
nppes:1548926876|osm:node/12139088880,distinct,,0.190,nearby,nppes,1548926876,DR RICHARD J ANDERSON DDS PA,ANDERSON DENTALCARE,3925 W 50TH ST STE 104,55424,952-926-0284,osm,node/12139088880,Edina Dental Care,,,,,90
nppes:1548926876|osm:node/12139088886,distinct,,0.195,nearby,nppes,1548926876,DR RICHARD J ANDERSON DDS PA,ANDERSON DENTALCARE,3925 W 50TH ST STE 104,55424,952-926-0284,osm,node/12139088886,Englander Dental,,3801 West 50th Street,55410,,118
nppes:1548926876|osm:way/1170470513,distinct,,0.232,address,nppes,1548926876,DR RICHARD J ANDERSON DDS PA,ANDERSON DENTALCARE,3925 W 50TH ST STE 104,55424,952-926-0284,osm,way/1170470513,44th Street Dental,,3925 West 44th Street,55424,,1080
nppes:1558010967|nppes:1669817557,review,score,0.697,address+nearby+phone,nppes,1558010967,FAMILY ORAL SURGERY SPECIALISTS PLC,METRO DENTALCARE ST. PAUL MIDWAY - ORAL SURGERY,1375 SAINT ANTHONY AVE,55104,651-286-8153,nppes,1669817557,"ORTHODONTIC CARE SPECIALISTS, PLLC",ORTHODONTIC CARE SPECIALISTS,1375 SAINT ANTHONY AVE,55104,651-286-8153,0
nppes:1558010967|nppes:1730837105,review,same place,0.574,address+nearby,nppes,1558010967,FAMILY ORAL SURGERY SPECIALISTS PLC,METRO DENTALCARE ST. PAUL MIDWAY - ORAL SURGERY,1375 SAINT ANTHONY AVE,55104,651-286-8153,nppes,1730837105,"NORTHLAND DENTAL PARTNERS, PLLC",METRO DENTALCARE ST. PAUL MIDWAY,1375 SAINT ANTHONY AVE,55104,651-645-4671,0
nppes:1558218537|nppes:1770205064,review,keys agree,0.560,address+phone,nppes,1558218537,WELLSPRING DENTAL HEALTH,,7701 YORK AVE S STE 140,55435,952-956-6700,nppes,1770205064,TARA KAUR DDS PLLC,,"7701 YORK AVE SOUTH, SUITE 140",55435,952-956-6700,0
nppes:1558218537|nppes:1932012630,distinct,,0.262,address,nppes,1558218537,WELLSPRING DENTAL HEALTH,,7701 YORK AVE S STE 140,55435,952-956-6700,nppes,1932012630,SAM SAUZA DDS PC,STACKED SMILES EDINA,7701 YORK AVE S STE 240,55435,651-505-5900,0
nppes:1558349035|nppes:1790435428,distinct,,0.278,address,nppes,1558349035,EDWARD R BICK DDS PA,,5806A W 36TH ST,55416,952-988-5890,nppes,1790435428,"NORTHLAND DENTAL PARTNERS, PLLC",METRO DENTALCARE ST. LOUIS PARK WEST 36TH STREET,5806 W 36TH ST STE A,55416,952-929-5292,0
nppes:1568648871|osm:way/278916341,review,same place,0.300,nearby,nppes,1568648871,DAN M. PROESCHEL,LAKE NOKOMIS DENTAL,4927 34TH AVE S,55417,612-729-6150,osm,way/278916341,Nokomis Family Dental,,4943 34th Avenue South,,,104
nppes:1578211991|osm:node/12032201393,review,same place,0.297,nearby,nppes,1578211991,"NORTHLAND DENTAL PARTNERS, PLLC",METRO DENTALCARE COTTAGE GROVE,7430 80TH ST S STE 201,55016,651-459-2232,osm,node/12032201393,Metro Dentalcare,,,,,54
nppes:1578211991|osm:node/12032201394,distinct,,0.191,nearby,nppes,1578211991,"NORTHLAND DENTAL PARTNERS, PLLC",METRO DENTALCARE COTTAGE GROVE,7430 80TH ST S STE 201,55016,651-459-2232,osm,node/12032201394,Park Dental,,,,,62
nppes:1578505152-pl1|nppes:1578505152-pl2,review,score,0.750,phone,nppes,1578505152-pl1,MINNESOTA ORTHODONTICS,NORTHFIELD ORTHODONTICS,1004 DIFFLEY RD STE 400,55123,651-450-7273,nppes,1578505152-pl2,MINNESOTA ORTHODONTICS,NORTHFIELD ORTHODONTICS,14643 MERCANTILE DR N STE 113,55038,651-450-7273,
nppes:1578505152-pl1|nppes:1578505152-pl3,auto_merge,score,1.000,address+nearby+phone,nppes,1578505152-pl1,MINNESOTA ORTHODONTICS,NORTHFIELD ORTHODONTICS,1004 DIFFLEY RD STE 400,55123,651-450-7273,nppes,1578505152-pl3,MINNESOTA ORTHODONTICS,NORTHFIELD ORTHODONTICS,1004 DIFFLEY RD STE 400,55123,651-450-7273,0
nppes:1578505152-pl1|nppes:1578505152-pl4,review,score,0.750,phone,nppes,1578505152-pl1,MINNESOTA ORTHODONTICS,NORTHFIELD ORTHODONTICS,1004 DIFFLEY RD STE 400,55123,651-450-7273,nppes,1578505152-pl4,MINNESOTA ORTHODONTICS,NORTHFIELD ORTHODONTICS,14643 MERCANTILE DR N STE 113,55038,651-450-7273,
nppes:1578505152-pl1|nppes:1578505152-pl5,distinct,,0.450,phone,nppes,1578505152-pl1,MINNESOTA ORTHODONTICS,NORTHFIELD ORTHODONTICS,1004 DIFFLEY RD STE 400,55123,651-450-7273,nppes,1578505152-pl5,MINNESOTA ORTHODONTICS,NORTHFIELD ORTHODONTICS,750 MAIN ST STE 217,55118,651-450-7273,9028
nppes:1578505152-pl1|nppes:1578505152-pl6,distinct,,0.450,phone,nppes,1578505152-pl1,MINNESOTA ORTHODONTICS,NORTHFIELD ORTHODONTICS,1004 DIFFLEY RD STE 400,55123,651-450-7273,nppes,1578505152-pl6,MINNESOTA ORTHODONTICS,NORTHFIELD ORTHODONTICS,16106 PILOT KNOB RD STE 120,55044,651-450-7273,10284
nppes:1578505152-pl1|nppes:1578505152-pl7,distinct,,0.450,phone,nppes,1578505152-pl1,MINNESOTA ORTHODONTICS,NORTHFIELD ORTHODONTICS,1004 DIFFLEY RD STE 400,55123,651-450-7273,nppes,1578505152-pl7,MINNESOTA ORTHODONTICS,NORTHFIELD ORTHODONTICS,7864 CENTURY BLVD,55317,651-450-7273,36188
nppes:1578505152-pl1|nppes:1619496700,distinct,,0.345,phone,nppes,1578505152-pl1,MINNESOTA ORTHODONTICS,NORTHFIELD ORTHODONTICS,1004 DIFFLEY RD STE 400,55123,651-450-7273,nppes,1619496700,ROGERS MINNESOTA ORTHODONTICS PLLC,ROGERS MINNESOTA ORTHODONTICS,13690 ROGERS DR STE 100,55374,651-450-7273,54774
nppes:1578505152-pl1|nppes:1649424904,distinct,,0.220,phone,nppes,1578505152-pl1,MINNESOTA ORTHODONTICS,NORTHFIELD ORTHODONTICS,1004 DIFFLEY RD STE 400,55123,651-450-7273,nppes,1649424904,MINNESOTA ORTHODONTICS AND DENTOFACIAL ORTHOPEDICS PA,,7149 FRANCE AVE S,55435,651-450-7273,16821
nppes:1578505152-pl1|nppes:1699918789,distinct,,0.220,phone,nppes,1578505152-pl1,MINNESOTA ORTHODONTICS,NORTHFIELD ORTHODONTICS,1004 DIFFLEY RD STE 400,55123,651-450-7273,nppes,1699918789,MINNESOTA ORTHODONTICS AND DENTOFACIAL ORTHOPEDICS PA,,7810 CAHILL AVE,55076,651-450-7273,8418
nppes:1578505152-pl1|nppes:1962645051,distinct,,0.220,phone,nppes,1578505152-pl1,MINNESOTA ORTHODONTICS,NORTHFIELD ORTHODONTICS,1004 DIFFLEY RD STE 400,55123,651-450-7273,nppes,1962645051,MINNESOTA ORTHODONTICS AND DENTOFACIAL ORTHOPEDICS PA,,1745 N FRONTAGE RD,55033,651-450-7273,20912
nppes:1578505152-pl2|nppes:1578505152-pl3,review,score,0.750,phone,nppes,1578505152-pl2,MINNESOTA ORTHODONTICS,NORTHFIELD ORTHODONTICS,14643 MERCANTILE DR N STE 113,55038,651-450-7273,nppes,1578505152-pl3,MINNESOTA ORTHODONTICS,NORTHFIELD ORTHODONTICS,1004 DIFFLEY RD STE 400,55123,651-450-7273,
nppes:1578505152-pl2|nppes:1578505152-pl4,auto_merge,score,0.900,address+phone,nppes,1578505152-pl2,MINNESOTA ORTHODONTICS,NORTHFIELD ORTHODONTICS,14643 MERCANTILE DR N STE 113,55038,651-450-7273,nppes,1578505152-pl4,MINNESOTA ORTHODONTICS,NORTHFIELD ORTHODONTICS,14643 MERCANTILE DR N STE 113,55038,651-450-7273,
nppes:1578505152-pl2|nppes:1578505152-pl5,review,score,0.750,phone,nppes,1578505152-pl2,MINNESOTA ORTHODONTICS,NORTHFIELD ORTHODONTICS,14643 MERCANTILE DR N STE 113,55038,651-450-7273,nppes,1578505152-pl5,MINNESOTA ORTHODONTICS,NORTHFIELD ORTHODONTICS,750 MAIN ST STE 217,55118,651-450-7273,
nppes:1578505152-pl2|nppes:1578505152-pl6,review,score,0.750,phone,nppes,1578505152-pl2,MINNESOTA ORTHODONTICS,NORTHFIELD ORTHODONTICS,14643 MERCANTILE DR N STE 113,55038,651-450-7273,nppes,1578505152-pl6,MINNESOTA ORTHODONTICS,NORTHFIELD ORTHODONTICS,16106 PILOT KNOB RD STE 120,55044,651-450-7273,
nppes:1578505152-pl2|nppes:1578505152-pl7,review,score,0.750,phone,nppes,1578505152-pl2,MINNESOTA ORTHODONTICS,NORTHFIELD ORTHODONTICS,14643 MERCANTILE DR N STE 113,55038,651-450-7273,nppes,1578505152-pl7,MINNESOTA ORTHODONTICS,NORTHFIELD ORTHODONTICS,7864 CENTURY BLVD,55317,651-450-7273,
nppes:1578505152-pl2|nppes:1619496700,review,score,0.645,phone,nppes,1578505152-pl2,MINNESOTA ORTHODONTICS,NORTHFIELD ORTHODONTICS,14643 MERCANTILE DR N STE 113,55038,651-450-7273,nppes,1619496700,ROGERS MINNESOTA ORTHODONTICS PLLC,ROGERS MINNESOTA ORTHODONTICS,13690 ROGERS DR STE 100,55374,651-450-7273,
nppes:1578505152-pl2|nppes:1649424904,distinct,,0.520,phone,nppes,1578505152-pl2,MINNESOTA ORTHODONTICS,NORTHFIELD ORTHODONTICS,14643 MERCANTILE DR N STE 113,55038,651-450-7273,nppes,1649424904,MINNESOTA ORTHODONTICS AND DENTOFACIAL ORTHOPEDICS PA,,7149 FRANCE AVE S,55435,651-450-7273,
nppes:1578505152-pl2|nppes:1699918789,distinct,,0.520,phone,nppes,1578505152-pl2,MINNESOTA ORTHODONTICS,NORTHFIELD ORTHODONTICS,14643 MERCANTILE DR N STE 113,55038,651-450-7273,nppes,1699918789,MINNESOTA ORTHODONTICS AND DENTOFACIAL ORTHOPEDICS PA,,7810 CAHILL AVE,55076,651-450-7273,
nppes:1578505152-pl2|nppes:1962645051,distinct,,0.520,phone,nppes,1578505152-pl2,MINNESOTA ORTHODONTICS,NORTHFIELD ORTHODONTICS,14643 MERCANTILE DR N STE 113,55038,651-450-7273,nppes,1962645051,MINNESOTA ORTHODONTICS AND DENTOFACIAL ORTHOPEDICS PA,,1745 N FRONTAGE RD,55033,651-450-7273,
nppes:1578505152-pl3|nppes:1578505152-pl4,review,score,0.750,phone,nppes,1578505152-pl3,MINNESOTA ORTHODONTICS,NORTHFIELD ORTHODONTICS,1004 DIFFLEY RD STE 400,55123,651-450-7273,nppes,1578505152-pl4,MINNESOTA ORTHODONTICS,NORTHFIELD ORTHODONTICS,14643 MERCANTILE DR N STE 113,55038,651-450-7273,
nppes:1578505152-pl3|nppes:1578505152-pl5,distinct,,0.450,phone,nppes,1578505152-pl3,MINNESOTA ORTHODONTICS,NORTHFIELD ORTHODONTICS,1004 DIFFLEY RD STE 400,55123,651-450-7273,nppes,1578505152-pl5,MINNESOTA ORTHODONTICS,NORTHFIELD ORTHODONTICS,750 MAIN ST STE 217,55118,651-450-7273,9028
nppes:1578505152-pl3|nppes:1578505152-pl6,distinct,,0.450,phone,nppes,1578505152-pl3,MINNESOTA ORTHODONTICS,NORTHFIELD ORTHODONTICS,1004 DIFFLEY RD STE 400,55123,651-450-7273,nppes,1578505152-pl6,MINNESOTA ORTHODONTICS,NORTHFIELD ORTHODONTICS,16106 PILOT KNOB RD STE 120,55044,651-450-7273,10284
nppes:1578505152-pl3|nppes:1578505152-pl7,distinct,,0.450,phone,nppes,1578505152-pl3,MINNESOTA ORTHODONTICS,NORTHFIELD ORTHODONTICS,1004 DIFFLEY RD STE 400,55123,651-450-7273,nppes,1578505152-pl7,MINNESOTA ORTHODONTICS,NORTHFIELD ORTHODONTICS,7864 CENTURY BLVD,55317,651-450-7273,36188
nppes:1578505152-pl3|nppes:1619496700,distinct,,0.345,phone,nppes,1578505152-pl3,MINNESOTA ORTHODONTICS,NORTHFIELD ORTHODONTICS,1004 DIFFLEY RD STE 400,55123,651-450-7273,nppes,1619496700,ROGERS MINNESOTA ORTHODONTICS PLLC,ROGERS MINNESOTA ORTHODONTICS,13690 ROGERS DR STE 100,55374,651-450-7273,54774
nppes:1578505152-pl3|nppes:1649424904,distinct,,0.220,phone,nppes,1578505152-pl3,MINNESOTA ORTHODONTICS,NORTHFIELD ORTHODONTICS,1004 DIFFLEY RD STE 400,55123,651-450-7273,nppes,1649424904,MINNESOTA ORTHODONTICS AND DENTOFACIAL ORTHOPEDICS PA,,7149 FRANCE AVE S,55435,651-450-7273,16821
nppes:1578505152-pl3|nppes:1699918789,distinct,,0.220,phone,nppes,1578505152-pl3,MINNESOTA ORTHODONTICS,NORTHFIELD ORTHODONTICS,1004 DIFFLEY RD STE 400,55123,651-450-7273,nppes,1699918789,MINNESOTA ORTHODONTICS AND DENTOFACIAL ORTHOPEDICS PA,,7810 CAHILL AVE,55076,651-450-7273,8418
nppes:1578505152-pl3|nppes:1962645051,distinct,,0.220,phone,nppes,1578505152-pl3,MINNESOTA ORTHODONTICS,NORTHFIELD ORTHODONTICS,1004 DIFFLEY RD STE 400,55123,651-450-7273,nppes,1962645051,MINNESOTA ORTHODONTICS AND DENTOFACIAL ORTHOPEDICS PA,,1745 N FRONTAGE RD,55033,651-450-7273,20912
nppes:1578505152-pl4|nppes:1578505152-pl5,review,score,0.750,phone,nppes,1578505152-pl4,MINNESOTA ORTHODONTICS,NORTHFIELD ORTHODONTICS,14643 MERCANTILE DR N STE 113,55038,651-450-7273,nppes,1578505152-pl5,MINNESOTA ORTHODONTICS,NORTHFIELD ORTHODONTICS,750 MAIN ST STE 217,55118,651-450-7273,
nppes:1578505152-pl4|nppes:1578505152-pl6,review,score,0.750,phone,nppes,1578505152-pl4,MINNESOTA ORTHODONTICS,NORTHFIELD ORTHODONTICS,14643 MERCANTILE DR N STE 113,55038,651-450-7273,nppes,1578505152-pl6,MINNESOTA ORTHODONTICS,NORTHFIELD ORTHODONTICS,16106 PILOT KNOB RD STE 120,55044,651-450-7273,
nppes:1578505152-pl4|nppes:1578505152-pl7,review,score,0.750,phone,nppes,1578505152-pl4,MINNESOTA ORTHODONTICS,NORTHFIELD ORTHODONTICS,14643 MERCANTILE DR N STE 113,55038,651-450-7273,nppes,1578505152-pl7,MINNESOTA ORTHODONTICS,NORTHFIELD ORTHODONTICS,7864 CENTURY BLVD,55317,651-450-7273,
nppes:1578505152-pl4|nppes:1619496700,review,score,0.645,phone,nppes,1578505152-pl4,MINNESOTA ORTHODONTICS,NORTHFIELD ORTHODONTICS,14643 MERCANTILE DR N STE 113,55038,651-450-7273,nppes,1619496700,ROGERS MINNESOTA ORTHODONTICS PLLC,ROGERS MINNESOTA ORTHODONTICS,13690 ROGERS DR STE 100,55374,651-450-7273,
nppes:1578505152-pl4|nppes:1649424904,distinct,,0.520,phone,nppes,1578505152-pl4,MINNESOTA ORTHODONTICS,NORTHFIELD ORTHODONTICS,14643 MERCANTILE DR N STE 113,55038,651-450-7273,nppes,1649424904,MINNESOTA ORTHODONTICS AND DENTOFACIAL ORTHOPEDICS PA,,7149 FRANCE AVE S,55435,651-450-7273,
nppes:1578505152-pl4|nppes:1699918789,distinct,,0.520,phone,nppes,1578505152-pl4,MINNESOTA ORTHODONTICS,NORTHFIELD ORTHODONTICS,14643 MERCANTILE DR N STE 113,55038,651-450-7273,nppes,1699918789,MINNESOTA ORTHODONTICS AND DENTOFACIAL ORTHOPEDICS PA,,7810 CAHILL AVE,55076,651-450-7273,
nppes:1578505152-pl4|nppes:1962645051,distinct,,0.520,phone,nppes,1578505152-pl4,MINNESOTA ORTHODONTICS,NORTHFIELD ORTHODONTICS,14643 MERCANTILE DR N STE 113,55038,651-450-7273,nppes,1962645051,MINNESOTA ORTHODONTICS AND DENTOFACIAL ORTHOPEDICS PA,,1745 N FRONTAGE RD,55033,651-450-7273,
nppes:1578505152-pl5|nppes:1578505152-pl6,distinct,,0.450,phone,nppes,1578505152-pl5,MINNESOTA ORTHODONTICS,NORTHFIELD ORTHODONTICS,750 MAIN ST STE 217,55118,651-450-7273,nppes,1578505152-pl6,MINNESOTA ORTHODONTICS,NORTHFIELD ORTHODONTICS,16106 PILOT KNOB RD STE 120,55044,651-450-7273,19272
nppes:1578505152-pl5|nppes:1578505152-pl7,distinct,,0.450,phone,nppes,1578505152-pl5,MINNESOTA ORTHODONTICS,NORTHFIELD ORTHODONTICS,750 MAIN ST STE 217,55118,651-450-7273,nppes,1578505152-pl7,MINNESOTA ORTHODONTICS,NORTHFIELD ORTHODONTICS,7864 CENTURY BLVD,55317,651-450-7273,37134
nppes:1578505152-pl5|nppes:1619496700,distinct,,0.345,phone,nppes,1578505152-pl5,MINNESOTA ORTHODONTICS,NORTHFIELD ORTHODONTICS,750 MAIN ST STE 217,55118,651-450-7273,nppes,1619496700,ROGERS MINNESOTA ORTHODONTICS PLLC,ROGERS MINNESOTA ORTHODONTICS,13690 ROGERS DR STE 100,55374,651-450-7273,48852
nppes:1578505152-pl5|nppes:1649424904,distinct,,0.220,phone,nppes,1578505152-pl5,MINNESOTA ORTHODONTICS,NORTHFIELD ORTHODONTICS,750 MAIN ST STE 217,55118,651-450-7273,nppes,1649424904,MINNESOTA ORTHODONTICS AND DENTOFACIAL ORTHOPEDICS PA,,7149 FRANCE AVE S,55435,651-450-7273,16435
nppes:1578505152-pl5|nppes:1699918789,distinct,,0.220,phone,nppes,1578505152-pl5,MINNESOTA ORTHODONTICS,NORTHFIELD ORTHODONTICS,750 MAIN ST STE 217,55118,651-450-7273,nppes,1699918789,MINNESOTA ORTHODONTICS AND DENTOFACIAL ORTHOPEDICS PA,,7810 CAHILL AVE,55076,651-450-7273,8204
nppes:1578505152-pl5|nppes:1871155788,distinct,,0.262,address,nppes,1578505152-pl5,MINNESOTA ORTHODONTICS,NORTHFIELD ORTHODONTICS,750 MAIN ST STE 217,55118,651-450-7273,nppes,1871155788,PAUL R WILD DDS PA,,"750 MAIN ST, SUITE 215",55118,651-452-0261,0
nppes:1578505152-pl5|nppes:1962645051,distinct,,0.220,phone,nppes,1578505152-pl5,MINNESOTA ORTHODONTICS,NORTHFIELD ORTHODONTICS,750 MAIN ST STE 217,55118,651-450-7273,nppes,1962645051,MINNESOTA ORTHODONTICS AND DENTOFACIAL ORTHOPEDICS PA,,1745 N FRONTAGE RD,55033,651-450-7273,24289
nppes:1578505152-pl6|nppes:1578505152-pl7,distinct,,0.450,phone,nppes,1578505152-pl6,MINNESOTA ORTHODONTICS,NORTHFIELD ORTHODONTICS,16106 PILOT KNOB RD STE 120,55044,651-450-7273,nppes,1578505152-pl7,MINNESOTA ORTHODONTICS,NORTHFIELD ORTHODONTICS,7864 CENTURY BLVD,55317,651-450-7273,36515
nppes:1578505152-pl6|nppes:1619496700,distinct,,0.345,phone,nppes,1578505152-pl6,MINNESOTA ORTHODONTICS,NORTHFIELD ORTHODONTICS,16106 PILOT KNOB RD STE 120,55044,651-450-7273,nppes,1619496700,ROGERS MINNESOTA ORTHODONTICS PLLC,ROGERS MINNESOTA ORTHODONTICS,13690 ROGERS DR STE 100,55374,651-450-7273,61547
nppes:1578505152-pl6|nppes:1649424904,distinct,,0.220,phone,nppes,1578505152-pl6,MINNESOTA ORTHODONTICS,NORTHFIELD ORTHODONTICS,16106 PILOT KNOB RD STE 120,55044,651-450-7273,nppes,1649424904,MINNESOTA ORTHODONTICS AND DENTOFACIAL ORTHOPEDICS PA,,7149 FRANCE AVE S,55435,651-450-7273,21284
nppes:1578505152-pl6|nppes:1699918789,distinct,,0.220,phone,nppes,1578505152-pl6,MINNESOTA ORTHODONTICS,NORTHFIELD ORTHODONTICS,16106 PILOT KNOB RD STE 120,55044,651-450-7273,nppes,1699918789,MINNESOTA ORTHODONTICS AND DENTOFACIAL ORTHOPEDICS PA,,7810 CAHILL AVE,55076,651-450-7273,17064
nppes:1578505152-pl6|nppes:1962645051,distinct,,0.220,phone,nppes,1578505152-pl6,MINNESOTA ORTHODONTICS,NORTHFIELD ORTHODONTICS,16106 PILOT KNOB RD STE 120,55044,651-450-7273,nppes,1962645051,MINNESOTA ORTHODONTICS AND DENTOFACIAL ORTHOPEDICS PA,,1745 N FRONTAGE RD,55033,651-450-7273,22740
nppes:1578505152-pl6|osm:node/10681831525,review,same place,0.500,nearby,nppes,1578505152-pl6,MINNESOTA ORTHODONTICS,NORTHFIELD ORTHODONTICS,16106 PILOT KNOB RD STE 120,55044,651-450-7273,osm,node/10681831525,Minnesota Orthodontics,,,,,65
nppes:1578505152-pl7|nppes:1619496700,distinct,,0.345,phone,nppes,1578505152-pl7,MINNESOTA ORTHODONTICS,NORTHFIELD ORTHODONTICS,7864 CENTURY BLVD,55317,651-450-7273,nppes,1619496700,ROGERS MINNESOTA ORTHODONTICS PLLC,ROGERS MINNESOTA ORTHODONTICS,13690 ROGERS DR STE 100,55374,651-450-7273,37927
nppes:1578505152-pl7|nppes:1649424904,distinct,,0.220,phone,nppes,1578505152-pl7,MINNESOTA ORTHODONTICS,NORTHFIELD ORTHODONTICS,7864 CENTURY BLVD,55317,651-450-7273,nppes,1649424904,MINNESOTA ORTHODONTICS AND DENTOFACIAL ORTHOPEDICS PA,,7149 FRANCE AVE S,55435,651-450-7273,20699
nppes:1578505152-pl7|nppes:1699918789,distinct,,0.220,phone,nppes,1578505152-pl7,MINNESOTA ORTHODONTICS,NORTHFIELD ORTHODONTICS,7864 CENTURY BLVD,55317,651-450-7273,nppes,1699918789,MINNESOTA ORTHODONTICS AND DENTOFACIAL ORTHOPEDICS PA,,7810 CAHILL AVE,55076,651-450-7273,43347
nppes:1578505152-pl7|nppes:1962645051,distinct,,0.220,phone,nppes,1578505152-pl7,MINNESOTA ORTHODONTICS,NORTHFIELD ORTHODONTICS,7864 CENTURY BLVD,55317,651-450-7273,nppes,1962645051,MINNESOTA ORTHODONTICS AND DENTOFACIAL ORTHOPEDICS PA,,1745 N FRONTAGE RD,55033,651-450-7273,56907
nppes:1578606778|nppes:1710001284,distinct,,0.385,address+nearby,nppes,1578606778,"DENTAL SPECIALISTS OF MINNESOTA, PLLC",THE DENTAL SPECIALISTS,6437 BROOKLYN BLVD,55429,952-926-3128,nppes,1710001284,ORTHODONTIC CARE GROUP,ORTHODONTIC CARE SPECIALISTS,6437 BROOKLYN BLVD,55429,763-535-6010,0
nppes:1578858643|osm:node/12139116040,review,score,0.650,address+nearby,nppes,1578858643,"DAVID A. COOK, DDS, PA",SMILES AT FRANCE,"4999 FRANCE AVE S, SUITE 230",55410,612-824-7033,osm,node/12139116040,Smiles At France,,"4999 France Avenue South, 230",55410,,81
nppes:1588005169|osm:node/7170036800,distinct,,0.282,address,nppes,1588005169,COMMUNITY DENTAL CARE INC,,5700 BOTTINEAU BLVD STE 250,55429,763-270-5776,osm,node/7170036800,Comfortable Dental,,"5700 Bottineau Boulevard, Suite 270",55429,,
nppes:1588094171|nppes:1891442174-pl1,review,score,0.668,address+phone,nppes,1588094171,ROSSODONTICS DENTAL SLEEP MEDICINE,,368 LAKE ST S STE 101,55025,651-464-6988,nppes,1891442174-pl1,"GREAT RIVER ORTHODONTIC SPECIALISTS, SC",ROSS ORTHODONTICS,368 LAKE ST S STE 101,55025,651-464-6988,0
nppes:1588156525|nppes:1588730527,distinct,,0.327,address,nppes,1588156525,"ORTHODONTIC SPECIALISTS OF MINNESOTA, P.L.L.C.",THE DENTAL SPECIALISTS- ORTHODONTICS,18315 CASCADE DR STE 110,55347,952-653-0475,nppes,1588730527,"PDG, P.A.",PARK DENTAL,"18315 CASCADE DR, SUITE 120",55347,952-949-2536,0
nppes:1588774152|osm:way/527997535,distinct,,0.598,address,nppes,1588774152,DENNIS C SIMMONS DDS PA,BRITE SMILES DENTAL CARE,8977 HUNTERS WAY,55124,952-891-8484,osm,way/527997535,Brite Smile Dental Care,,8977 Hunters Way,55124,,319
nppes:1588788053|nppes:1780739417,distinct,,0.229,address,nppes,1588788053,ORTHODONTIC CARE GROUP,ORTHODONTIC CARE SPECIALISTS,2500 COMO AVE,55108,651-917-0790,nppes,1780739417,"GROUP HEALTH, INC.",HEALTHPARTNERS COMO DENTAL CLINIC,2500 COMO AVE,55108,651-641-0020,
nppes:1588899199|osm:node/11104668359,review,same place,0.490,nearby,nppes,1588899199,COSMOPOLITAN ORTHODONTICS LLC,,17757 JUNIPER PATH,55044,951-469-3333,osm,node/11104668359,Cosmopolitan Orthodontics,,,,,33
nppes:1598413916|nppes:1710344494,distinct,,0.210,nearby,nppes,1598413916,"NORTHLAND DENTAL PARTNERS, PLLC",METRO DENTALCARE BLOOMINGTON,10611 FRANCE AVE S STE 200,55431,952-888-4125,nppes,1710344494,"BLOOMINGTON SMILES DENTISTRY, PC",BLOOMINGTON SMILES DENITSTRY,"10700 FRANCE AVENUE, SUITE 102",55437,952-679-3531,134
nppes:1598413916|nppes:1821145723,distinct,,0.313,address,nppes,1598413916,"NORTHLAND DENTAL PARTNERS, PLLC",METRO DENTALCARE BLOOMINGTON,10611 FRANCE AVE S STE 200,55431,952-888-4125,nppes,1821145723,"POINT FAMILY DENTISTRY, LLC",,"10611 FRANCE AVE S, SUITE 201",55431,952-881-8404,0
nppes:1598413916|nppes:1942668702,distinct,,0.297,address,nppes,1598413916,"NORTHLAND DENTAL PARTNERS, PLLC",METRO DENTALCARE BLOOMINGTON,10611 FRANCE AVE S STE 200,55431,952-888-4125,nppes,1942668702,POINT FAMILY DENTISTRY,,10611 FRANCE AVE S STE 201,55431,952-881-8404,0
nppes:1598413957|osm:node/5287811004,distinct,,0.586,address+phone,nppes,1598413957,"NORTHLAND DENTAL PARTNERS, PLLC",DENTAL CARE ON BRYANT,4552 BRYANT AVE S,55419,612-825-1697,osm,node/5287811004,Metro Dentalcare South Minneapolis,,4552 Bryant Avenue South,55419,+1-612-825-1697,80
nppes:1598865651|nppes:1639815434,review,same place,0.350,nearby,nppes,1598865651,FAMILY ORAL SURGERY SPECIALISTS PLC,METRO DENTALCARE SPECIALTY CENTER RICHFIELD - ORAL SURGERY,6601 LYNDALE AVE S STE 230,55423,612-861-9123,nppes,1639815434,FAMILY ORTHODONTIC SPECIALISTS PLC,WOODLAKE ORTHODONTICS RICHFIELD,6602 LYNDALE AVE S STE 230A,55423,612-869-8834,13
nppes:1598865651|nppes:1679673867,review,same place,0.475,address+nearby,nppes,1598865651,FAMILY ORAL SURGERY SPECIALISTS PLC,METRO DENTALCARE SPECIALTY CENTER RICHFIELD - ORAL SURGERY,6601 LYNDALE AVE S STE 230,55423,612-861-9123,nppes,1679673867,FAMILY ENDODONTIC SPECIALISTS PLC,METRO DENTALCARE RICHFIELD,6601 LYNDALE AVE S STE 220A,55423,612-866-1234,0
nppes:1598865651|nppes:1720188998,review,score,0.680,address+phone,nppes,1598865651,FAMILY ORAL SURGERY SPECIALISTS PLC,METRO DENTALCARE SPECIALTY CENTER RICHFIELD - ORAL SURGERY,6601 LYNDALE AVE S STE 230,55423,612-861-9123,nppes,1720188998,"METRO DENTALCARE, PLC",,"6601 LYNDALE AVE S, SUITE 220",55423,612-861-9123,0
nppes:1598865651|nppes:1861140501,review,same place,0.539,address+nearby,nppes,1598865651,FAMILY ORAL SURGERY SPECIALISTS PLC,METRO DENTALCARE SPECIALTY CENTER RICHFIELD - ORAL SURGERY,6601 LYNDALE AVE S STE 230,55423,612-861-9123,nppes,1861140501,FAMILY ENDODONTIC SPECIALISTS PLC,METRO DENTALCARE SPECIALTY CENTER RICHFIELD - ENDODONTICS,6601 LYNDALE AVE S STE 230A,55423,612-638-1206,0
nppes:1609095140|nppes:1679765929,review,score,0.655,address+phone,nppes,1609095140,PLYMOUTH PLAZA DENTAL,,"1495 COUNTY ROAD 101 N, SUITE2",55447,763-476-6774,nppes,1679765929,PAUL BOETTNER D.D.S. PLLC,BAY CREEK DENTAL,"1495 COUNTY ROAD 101 N, SUITE 2",55447,763-476-6774,0
nppes:1609098458|osm:way/362842348,review,score,0.800,address+nearby+phone,nppes,1609098458,"RIVER BLUFF DENTAL, P.A.",,10851 RHODE ISLAND AVE S,55438,952-884-5361,osm,way/362842348,River Bluff Dental - Dr. Walter Palmer,,10851 Rhodde Island Avenue South,55438,+1 952 884 5361,32
nppes:1609718311|osm:node/10245351037,distinct,,0.360,phone,nppes,1609718311,"PA K. YANG, DDS PPLC",,2936 ALDRICH AVE S,55408,612-256-4333,osm,node/10245351037,Minneapolis Dentistry Company,,,,+1 612-256-4333,74
nppes:1609990175|nppes:1922153881,distinct,,0.263,address,nppes,1609990175,OCG LTD,ORTHODONTIC CARE SPECIALISTS,8600 NICOLLET AVE S,55420,952-888-8640,nppes,1922153881,"GROUP HEALTH, INC.",HEALTHPARTNERS BLOOMINGTON DENTAL CLIIC,8600 NICOLLET AVE S,55420,952-884-1148,0
nppes:1609990449|osm:way/505626264,distinct,,0.200,address,nppes,1609990449,ORTHODONTIC CARE GROUP,ORTHODONTIC CARE SPECIALISTS,310 DIVISION ST,55024,651-463-2800,osm,way/505626264,Dexterity Dental,,310 Division Street,55024,+1-651-463-4444,65
nppes:1619041969|nppes:1942474457,distinct,,0.345,address,nppes,1619041969,"DOUGLAS M BAUER DDS,PA",OAK CLIFF DENTAL CARE,"4640 NICOLS RD, SUITE 100",55122,651-454-1414,nppes,1942474457,"TOH-ENG LIM, DDS",EAGAN DENTAL CLINIC,4640 SLATER RD STE 150,55122,651-808-5252,432
nppes:1619064243|nppes:1821451774,review,keys agree,0.574,address+phone,nppes,1619064243,CHARLES E KATH DDS PA,,"1021 BANDANA BLVD E, SUITE 100",55108,651-645-0449,nppes,1821451774,"EDLUND DENTAL, LLC",,"1021 BANDANA BLVD E, SUITE #105",55108,651-645-0449,0
nppes:1619141942|osm:way/1236974632,review,score,0.786,address+nearby+phone,nppes,1619141942,"CRYSTAL LAKE DENTAL CARE OF ROBBINSDALE, PLLC",,3925 37TH AVE N,55422,763-588-8426,osm,way/1236974632,Crystal Lake Dental Care,,3925 37th Avenue North,55422,+1-763-588-8426,12
nppes:1619259181|nppes:1851459887,auto_merge,score,1.000,address+nearby+phone,nppes,1619259181,CEDAR ISLAND DENTAL,,7378 KIRKWOOD CT N,55369,763-391-7600,nppes,1851459887,"WILLIAM J. DUNLAP, D.D.S., P.A.",CEDAR ISLAND DENTAL,7378 KIRKWOOD CT,55369,763-391-7600,0
nppes:1619277043|nppes:1689847519,auto_merge,score,0.928,address+nearby+phone,nppes,1619277043,"REKA KOERNER D.D.S.,P.A.",901 FAMILY DENTISTRY,901 23RD AVE NE,55418,612-789-9444,nppes,1689847519,901 FAMILY DENTISTRY P.A.,901 FAMILY DENTISTRY INC.,901 23RD AVE NE,55418,612-789-9444,0
nppes:1619496700|nppes:1649424904,distinct,,0.192,phone,nppes,1619496700,ROGERS MINNESOTA ORTHODONTICS PLLC,ROGERS MINNESOTA ORTHODONTICS,13690 ROGERS DR STE 100,55374,651-450-7273,nppes,1649424904,MINNESOTA ORTHODONTICS AND DENTOFACIAL ORTHOPEDICS PA,,7149 FRANCE AVE S,55435,651-450-7273,40433
nppes:1619496700|nppes:1699918789,distinct,,0.192,phone,nppes,1619496700,ROGERS MINNESOTA ORTHODONTICS PLLC,ROGERS MINNESOTA ORTHODONTICS,13690 ROGERS DR STE 100,55374,651-450-7273,nppes,1699918789,MINNESOTA ORTHODONTICS AND DENTOFACIAL ORTHOPEDICS PA,,7810 CAHILL AVE,55076,651-450-7273,57025
nppes:1619496700|nppes:1962645051,distinct,,0.192,phone,nppes,1619496700,ROGERS MINNESOTA ORTHODONTICS PLLC,ROGERS MINNESOTA ORTHODONTICS,13690 ROGERS DR STE 100,55374,651-450-7273,nppes,1962645051,MINNESOTA ORTHODONTICS AND DENTOFACIAL ORTHOPEDICS PA,,1745 N FRONTAGE RD,55033,651-450-7273,73084
nppes:1619496700|osm:node/7156640350,review,same place,0.445,nearby,nppes,1619496700,ROGERS MINNESOTA ORTHODONTICS PLLC,ROGERS MINNESOTA ORTHODONTICS,13690 ROGERS DR STE 100,55374,651-450-7273,osm,node/7156640350,Minnesota Orthodontics,,,,,45
nppes:1619625043|osm:node/13143516544,review,score,0.683,phone,nppes,1619625043,"NORTHLAND DENTAL PARTNERS, PLLC",METRO DENTALCARE EAGAN,1965 CLIFF LAKE RD STE 102,55122,651-452-4828,osm,node/13143516544,Metro Dentalcare,,,,+1-651-452-4828,157
nppes:1619688751|osm:way/1474171336,distinct,,0.572,nearby+phone,nppes,1619688751,DENTAL DELIVERY SYSTEMS OF ST. PAUL LLC,,1790 7TH ST E,55119,651-735-0595,osm,way/1474171336,Dental Associates of St Paul,,1790 7th Street East,55106,+1 651 735 0595,22
nppes:1619781770|osm:node/1696599650,review,score,0.670,nearby+phone,nppes,1619781770,RIVERBEND FAMILY DENTAL,,241 CLEVELAND AVE S STE D1,55105,651-699-3212,osm,node/1696599650,Riverbed Family Dentist,,,,+1 651-699-3212,27
nppes:1619791019|nppes:1972995587,distinct,,0.261,address,nppes,1619791019,"JAMES R JENSEN, DDS",JAMES R JENSEN DDS,300 1ST AVE E,55379,952-426-0367,nppes,1972995587,"ECKART DENTAL CENTER, LLC",,300 1ST AVENUE E,55379,952-445-1352,0
nppes:1619938057|nppes:1659611333,distinct,,0.269,address,nppes,1619938057,GIEBENHAIN DENTAL ASSOCIATES PA,,"5851 DULUTH STREET, SUITE #103",55422,763-545-0330,nppes,1659611333,"DAN B ANG, DDS,LLC",,"5851 DULUTH ST, SUITE 313",55422,763-542-8723,0
nppes:1619938057|nppes:1952028490,distinct,,0.269,address,nppes,1619938057,GIEBENHAIN DENTAL ASSOCIATES PA,,"5851 DULUTH STREET, SUITE #103",55422,763-545-0330,nppes,1952028490,"DAN B. ANG DDS, LLC",,"5851 DULUTH STREET, SUITE 313",55422,763-542-8723,0
nppes:1619938057|nppes:1972748721,distinct,,0.329,address,nppes,1619938057,GIEBENHAIN DENTAL ASSOCIATES PA,,"5851 DULUTH STREET, SUITE #103",55422,763-545-0330,nppes,1972748721,CENTENNIAL LAKES DENTAL GROUP,,5851 DULUTH ST STE 218,55422,763-544-0121,0
nppes:1629166566|nppes:1790433126,distinct,,0.428,phone,nppes,1629166566,"PENTAGON DENTAL GROUP, LTD",,4940 VIKING DR STE 127,55435,952-835-3383,nppes,1790433126,"NORTHLAND DENTAL PARTNERS, PLLC",DENTISTRY ON 77TH,4980 W 77TH ST,55435,952-835-3383,257
nppes:1629199617|nppes:1790389005,review,score,0.728,phone,nppes,1629199617,"ST. CROIX ENDODONTICS, P.A.",,11945 CENTRAL AVE NE,55434,763-767-9119,nppes,1790389005,ST. CROIX ENDODONTICS,ST. CROIX ENDODONTICS,11855 ULYSSES ST NE STE 260,55434,763-767-9119,232
nppes:1629521893|nppes:1710749296,review,score,0.689,address+nearby+phone,nppes,1629521893,RIDGES FAMILY DENTAL PLLC,,50 MCANDREWS RD E,55337,952-892-5050,nppes,1710749296,FAMILY SMILES-BURNSVILLE PLLC,,50 MCANDREWS RD E,55337,952-892-5050,0
nppes:1629521893|osm:way/526980397,review,score,0.632,address+phone,nppes,1629521893,RIDGES FAMILY DENTAL PLLC,,50 MCANDREWS RD E,55337,952-892-5050,osm,way/526980397,Crestridge Dental,,50 McAndrews Road East,55337,+1-952-892-5050,77
nppes:1629538988|nppes:1932361474,distinct,,0.325,address,nppes,1629538988,"MISO DENTISTRY, PC",,6240 QUINWOOD LN N # 100,55369,763-391-6486,nppes,1932361474,"MINNESOTA LEE DENTAL CLINIC, P.C.",,6240 QUINWOOD LN N STE 102,55369,763-391-7522,0
nppes:1629538988|nppes:1962158709,distinct,,0.325,address,nppes,1629538988,"MISO DENTISTRY, PC",,6240 QUINWOOD LN N # 100,55369,763-391-6486,nppes,1962158709,SUNNY DENTAL P.C.,,6240 QUINWOOD LN N STE 200,55369,763-208-3210,0
nppes:1629560677|nppes:1912143843,review,same place,0.538,address+nearby,nppes,1629560677,"ORTHODONTIC SPECIALISTS OF MINNESOTA, P.L.L.C.",THE DENTAL SPECIALISTS- ORTHODONTICS,9325 UPLAND LN N STE 330,55369,763-657-2515,nppes,1912143843,"DENTAL SPECIALISTS OF MINNESOTA, PLLC",THE DENTAL SPECIALISTS,"9325 UPLAND LN N, SUITE 330",55369,763-416-0037,0
nppes:1629774138|osm:node/14112398881,review,same place,0.500,nearby,nppes,1629774138,STILLWATER MODERN DENTISTRY. PC,STILLWATER MODERN DENTISTRY,13331 60TH ST N,55082,651-352-4629,osm,node/14112398881,Stillwater Modern Dentistry,,,,,93
nppes:1639214547|nppes:1679705404,review,keys agree,0.573,address+phone,nppes,1639214547,DR RICHARD E BRIMACOMB,,"8900 PENN AVE S, #112",55431,952-888-1311,nppes,1679705404,ROY KRENGEL DDS PA,,"8900 PENN AVE S, SUITE #112",55431,952-888-1311,0
nppes:1639214547|nppes:1740455773,distinct,,0.269,address,nppes,1639214547,DR RICHARD E BRIMACOMB,,"8900 PENN AVE S, #112",55431,952-888-1311,nppes,1740455773,BISMILLAH DENTAL CARE PLLC,,"8900 PENN AVE S, SUITE 202",55431,952-888-1861,0
nppes:1639214547|osm:node/14143321792,distinct,,0.012,phone,nppes,1639214547,DR RICHARD E BRIMACOMB,,"8900 PENN AVE S, #112",55431,952-888-1311,osm,node/14143321792,Krengel Dental,,,,+19528881311,1744
nppes:1639334428|nppes:1972699908,auto_merge,score,1.000,address+nearby+phone,nppes,1639334428,"BRYAN J. OPHAUG, D.D.S., P.A.",BASS LAKE DENTAL GROUP,7123 BASS LAKE RD,55428,763-533-5359,nppes,1972699908,ROBERT D THOMPSON DDS PA,BASS LAKE DENTAL GROUP,7123 BASS LAKE RD,55428,763-533-5359,0
nppes:1639398886|nppes:1962460881,auto_merge,score,1.000,address+nearby+phone,nppes,1639398886,"TOWN DENTAL, PA",,425 2ND ST,55331,952-474-6133,nppes,1962460881,"TOWN DENTAL, PA",,425 2ND ST,55331,952-474-6133,0
nppes:1639398886|osm:node/11780026077,distinct,,0.466,address+nearby,nppes,1639398886,"TOWN DENTAL, PA",,425 2ND ST,55331,952-474-6133,osm,node/11780026077,Town Dental - Excelsior,,425 2nd Street,55331,+1-952-295-1622,13
nppes:1639815434|nppes:1679673867,review,same place,0.426,nearby,nppes,1639815434,FAMILY ORTHODONTIC SPECIALISTS PLC,WOODLAKE ORTHODONTICS RICHFIELD,6602 LYNDALE AVE S STE 230A,55423,612-869-8834,nppes,1679673867,FAMILY ENDODONTIC SPECIALISTS PLC,METRO DENTALCARE RICHFIELD,6601 LYNDALE AVE S STE 220A,55423,612-866-1234,13
nppes:1639815434|nppes:1861140501,review,same place,0.426,nearby,nppes,1639815434,FAMILY ORTHODONTIC SPECIALISTS PLC,WOODLAKE ORTHODONTICS RICHFIELD,6602 LYNDALE AVE S STE 230A,55423,612-869-8834,nppes,1861140501,FAMILY ENDODONTIC SPECIALISTS PLC,METRO DENTALCARE SPECIALTY CENTER RICHFIELD - ENDODONTICS,6601 LYNDALE AVE S STE 230A,55423,612-638-1206,13
nppes:1649318619|osm:node/6734428577,distinct,,0.223,address,nppes,1649318619,"RICHARD C AXEL. DDS, PA",,"7935 STONE CREEK DR, #150",55317,952-937-2839,osm,node/6734428577,Stone Creek Dental,,"7935 Stone Creek Drive, 150",55317,,136
nppes:1649332842|osm:node/9604654646,distinct,,0.243,address,nppes,1649332842,POSNICK DENTAL CARE PA,,3400 DAKOTA AVENUE SOUTH,55416,952-929-0459,osm,node/9604654646,Dentistry by Brian Weber,,3400 Dakota Avenue South,55416,,62
nppes:1649424904|nppes:1699918789,distinct,,0.450,phone,nppes,1649424904,MINNESOTA ORTHODONTICS AND DENTOFACIAL ORTHOPEDICS PA,,7149 FRANCE AVE S,55435,651-450-7273,nppes,1699918789,MINNESOTA ORTHODONTICS AND DENTOFACIAL ORTHOPEDICS PA,,7810 CAHILL AVE,55076,651-450-7273,22971
nppes:1649424904|nppes:1962645051,distinct,,0.450,phone,nppes,1649424904,MINNESOTA ORTHODONTICS AND DENTOFACIAL ORTHOPEDICS PA,,7149 FRANCE AVE S,55435,651-450-7273,nppes,1962645051,MINNESOTA ORTHODONTICS AND DENTOFACIAL ORTHOPEDICS PA,,1745 N FRONTAGE RD,55033,651-450-7273,37659
nppes:1649438268|nppes:1730734708,distinct,,0.259,address,nppes,1649438268,ERICKSON/AAMODT ORTHODONTICS PA,,"2130 CLIFF RD, SUITE 220",55122,651-405-1055,nppes,1730734708,IDEAL DENTAL PLLC,,2130 CLIFF RD STE 107,55122,651-452-3112,0
nppes:1649497025|osm:node/13883833775,review,same place,0.400,nearby,nppes,1649497025,YORK DENTAL P.L.L.C.,,3205 W 76TH ST,55435,952-841-0122,osm,node/13883833775,York Dental,,,,,29
nppes:1649597204|nppes:1811058746,distinct,,0.300,address,nppes,1649597204,DRS WILLIAMS & WIMMER DDS PA,,"6550 YORK AVE S, SUITE 315",55435,952-929-3368,nppes,1811058746,JEROME DULAC DDS,,"6550 YORK AVE S, #202",55435,952-925-2176,0
nppes:1649597204|nppes:1831309152,distinct,,0.329,address,nppes,1649597204,DRS WILLIAMS & WIMMER DDS PA,,"6550 YORK AVE S, SUITE 315",55435,952-929-3368,nppes,1831309152,NEIL C BONSTROM DDS PA,,"6550 YORK AVE S, STE 302",55435,952-920-0863,0
nppes:1649782756|osm:node/7205080255,distinct,,0.206,address+phone,nppes,1649782756,FRANCO & ASSOCIATES FAMILY AND COSMETIC DENTISTRY,,120 SNELLING AVE N,55104,651-645-6111,osm,node/7205080255,"Dr Gloria Lopez Franco, DDS",,120 Snelling Avenue,55104,+1-651-645-6111,1205
nppes:1649782756|osm:way/510514973,auto_merge,score,1.000,address+nearby+phone,nppes,1649782756,FRANCO & ASSOCIATES FAMILY AND COSMETIC DENTISTRY,,120 SNELLING AVE N,55104,651-645-6111,osm,way/510514973,Franco & Associates Family and Cosmetic Dentistry,,120 Snelling Avenue,55104,+1-651-645-6111,34
nppes:1649867334|nppes:1659039444,distinct,,0.283,address,nppes,1649867334,MSP ORTHODONTICS PLLC,,825 NICOLLET MALL STE 531,55402,612-332-4344,nppes,1659039444,MINNEAPOLIS DENTAL PROFESSIONALS LLC,,825 NICOLLET MALL STE 939,55402,612-338-1255,0
nppes:1649867334|nppes:1669199741,distinct,,0.313,address,nppes,1649867334,MSP ORTHODONTICS PLLC,,825 NICOLLET MALL STE 531,55402,612-332-4344,nppes,1669199741,METROPOLITAN PERIODONTISTS,,"825 NICOLLET MALL, STE. 210",55402,612-332-0869,0
nppes:1649867334|nppes:1821746249,distinct,,0.320,address,nppes,1649867334,MSP ORTHODONTICS PLLC,,825 NICOLLET MALL STE 531,55402,612-332-4344,nppes,1821746249,"NORTHLAND DENTAL PARTNERS, PLLC",METRO DENTALCARE DOWNTOWN MINNEAPOLIS,825 NICOLLET MALL STE 1025,55402,612-333-2879,0
nppes:1649867334|nppes:1841656410,distinct,,0.261,address,nppes,1649867334,MSP ORTHODONTICS PLLC,,825 NICOLLET MALL STE 531,55402,612-332-4344,nppes,1841656410,CITYSCAPE DENTAL PA,,"825 NICOLLET MALL, SUITE# 1921",55402,612-332-5916,0
nppes:1649867334|nppes:1861138133,distinct,,0.315,address,nppes,1649867334,MSP ORTHODONTICS PLLC,,825 NICOLLET MALL STE 531,55402,612-332-4344,nppes,1861138133,DOWNTOWN PERIODONTICS AND IMPLANT DENTISTRY,,"825 NICOLLET MALL, SUITE 725",55402,612-339-5593,0
nppes:1649867334|nppes:1982775235,distinct,,0.309,address,nppes,1649867334,MSP ORTHODONTICS PLLC,,825 NICOLLET MALL STE 531,55402,612-332-4344,nppes,1982775235,"METROPOLITAN PERIODONTISTS, P.A.",,"825 NICOLLET MALL, SUITE 210",55402,612-332-0869,0
nppes:1659029270|nppes:1700940343,distinct,,0.299,address,nppes,1659029270,"MILLER ENDODONTIC ADVANTAGE, PLLC",,11601 MINNETONKA MILLS RD STE C10,55305,952-938-3033,nppes,1700940343,LAKE MINNETONKA ORTHDONTICS,,11601 MINNETONKA MILLS RD,55305,952-938-1443,0
nppes:1659029270|nppes:1780790881,distinct,,0.265,address,nppes,1659029270,"MILLER ENDODONTIC ADVANTAGE, PLLC",,11601 MINNETONKA MILLS RD STE C10,55305,952-938-3033,nppes,1780790881,TONKA SMILES,AXEL BERGSTEDT AND JOHNSON PA,"11601 MINNETONKA MILLS RD, STE D40",55305,952-938-8533,0
nppes:1659029270|nppes:1841323110,distinct,,0.268,address,nppes,1659029270,"MILLER ENDODONTIC ADVANTAGE, PLLC",,11601 MINNETONKA MILLS RD STE C10,55305,952-938-3033,nppes,1841323110,SWANSON & WALMAN PA,PETER L WALMAN DDS,11601 MINNETONKA MILLS RD,55305,952-933-6060,0
nppes:1659029270|nppes:1952468654,distinct,,0.282,address,nppes,1659029270,"MILLER ENDODONTIC ADVANTAGE, PLLC",,11601 MINNETONKA MILLS RD STE C10,55305,952-938-3033,nppes,1952468654,BLUE RIDGE DENTAL CENTER PA,,"11601 MINNETONKA MILLS RD, SUITE D",55305,952-938-8858,0
nppes:1659029270|nppes:1982371456,distinct,,0.268,address,nppes,1659029270,"MILLER ENDODONTIC ADVANTAGE, PLLC",,11601 MINNETONKA MILLS RD STE C10,55305,952-938-3033,nppes,1982371456,"FACIAL DESIGNS, P.A.",,11601 MINNETONKA MILLS RD,55305,952-935-8420,0
nppes:1659039444|nppes:1669199741,distinct,,0.280,address,nppes,1659039444,MINNEAPOLIS DENTAL PROFESSIONALS LLC,,825 NICOLLET MALL STE 939,55402,612-338-1255,nppes,1669199741,METROPOLITAN PERIODONTISTS,,"825 NICOLLET MALL, STE. 210",55402,612-332-0869,0
nppes:1659039444|nppes:1821746249,distinct,,0.400,address+nearby,nppes,1659039444,MINNEAPOLIS DENTAL PROFESSIONALS LLC,,825 NICOLLET MALL STE 939,55402,612-338-1255,nppes,1821746249,"NORTHLAND DENTAL PARTNERS, PLLC",METRO DENTALCARE DOWNTOWN MINNEAPOLIS,825 NICOLLET MALL STE 1025,55402,612-333-2879,0
nppes:1659039444|nppes:1841656410,distinct,,0.323,address,nppes,1659039444,MINNEAPOLIS DENTAL PROFESSIONALS LLC,,825 NICOLLET MALL STE 939,55402,612-338-1255,nppes,1841656410,CITYSCAPE DENTAL PA,,"825 NICOLLET MALL, SUITE# 1921",55402,612-332-5916,0
nppes:1659039444|nppes:1861138133,distinct,,0.281,address,nppes,1659039444,MINNEAPOLIS DENTAL PROFESSIONALS LLC,,825 NICOLLET MALL STE 939,55402,612-338-1255,nppes,1861138133,DOWNTOWN PERIODONTICS AND IMPLANT DENTISTRY,,"825 NICOLLET MALL, SUITE 725",55402,612-339-5593,0
nppes:1659039444|nppes:1982775235,distinct,,0.279,address,nppes,1659039444,MINNEAPOLIS DENTAL PROFESSIONALS LLC,,825 NICOLLET MALL STE 939,55402,612-338-1255,nppes,1982775235,"METROPOLITAN PERIODONTISTS, P.A.",,"825 NICOLLET MALL, SUITE 210",55402,612-332-0869,0
nppes:1659458974|osm:node/13614655078,review,score,0.650,address+nearby,nppes,1659458974,UPTOWN DENTAL ACQUISITION COMPANY,UPTOWN DENTAL,"1406 W LAKE ST, SUITE 100",55408,612-827-3736,osm,node/13614655078,Uptown Dental,,"1406 Lake Street West, 100",55408,,51
nppes:1659528891|nppes:1841366093,review,score,0.691,address+nearby+phone,nppes,1659528891,"NORTHLAND DENTAL PARTNERS, PLLC",METRO DENTALCARE APPLE VALLEY CEDAR|METRO DENTALCARE,14990 GLAZIER AVE,55124,952-431-5114,nppes,1841366093,"PDG, P.A.",PARK DENTAL,"14990 GLAZIER AVE, SUITE 100",55124,952-431-5114,0
nppes:1659554517|nppes:1902812126,distinct,,0.379,address,nppes,1659554517,"WAYZATA DENTAL, LTD.",WAYZATA DENTAL,"250 CENTRAL AVE N, SUITE 202",55391,952-473-4900,nppes,1902812126,"MICHAEL W. GLEYSTEEN, DDS, PA",WAYZATA ORTHODONTICS,250 CENTRAL AVE N # 113,55391,952-473-7037,0
nppes:1659554517|osm:node/6236126673,auto_merge,score,0.950,address+nearby+phone,nppes,1659554517,"WAYZATA DENTAL, LTD.",WAYZATA DENTAL,"250 CENTRAL AVE N, SUITE 202",55391,952-473-4900,osm,node/6236126673,Wayzata Dental,,"250 Central Avenue North, 202",55391,+1-952-473-4900,82
nppes:1659611333|nppes:1952028490,auto_merge,score,1.000,address+nearby+phone,nppes,1659611333,"DAN B ANG, DDS,LLC",,"5851 DULUTH ST, SUITE 313",55422,763-542-8723,nppes,1952028490,"DAN B. ANG DDS, LLC",,"5851 DULUTH STREET, SUITE 313",55422,763-542-8723,0
nppes:1659611333|nppes:1972748721,distinct,,0.271,address,nppes,1659611333,"DAN B ANG, DDS,LLC",,"5851 DULUTH ST, SUITE 313",55422,763-542-8723,nppes,1972748721,CENTENNIAL LAKES DENTAL GROUP,,5851 DULUTH ST STE 218,55422,763-544-0121,0
nppes:1659670362|nppes:1740259464,distinct,,0.000,phone,nppes,1659670362,NORTHERN ORTHODONTICS,,1109 EAST MOORE LAKE DRIVE,55432,651-439-2600,nppes,1740259464,"ST. CROIX VALLEY DENTAL, PLLC",ST CROIX VALLEY DENTAL,13961 60TH ST. NORTH,55082,651-439-2600,33104
nppes:1659881944|osm:node/12897274799,review,same place,0.518,nearby,nppes,1659881944,"DENTISTS OF HIGHLAND PARK, PC",,2096 FORD PKWY,55116,651-237-9913,osm,node/12897274799,Dentists of Highland Park,,,,,41
nppes:1669199741|nppes:1821746249,distinct,,0.307,address,nppes,1669199741,METROPOLITAN PERIODONTISTS,,"825 NICOLLET MALL, STE. 210",55402,612-332-0869,nppes,1821746249,"NORTHLAND DENTAL PARTNERS, PLLC",METRO DENTALCARE DOWNTOWN MINNEAPOLIS,825 NICOLLET MALL STE 1025,55402,612-333-2879,0
nppes:1669199741|nppes:1841656410,distinct,,0.260,address,nppes,1669199741,METROPOLITAN PERIODONTISTS,,"825 NICOLLET MALL, STE. 210",55402,612-332-0869,nppes,1841656410,CITYSCAPE DENTAL PA,,"825 NICOLLET MALL, SUITE# 1921",55402,612-332-5916,0
nppes:1669199741|nppes:1861138133,distinct,,0.346,address,nppes,1669199741,METROPOLITAN PERIODONTISTS,,"825 NICOLLET MALL, STE. 210",55402,612-332-0869,nppes,1861138133,DOWNTOWN PERIODONTICS AND IMPLANT DENTISTRY,,"825 NICOLLET MALL, SUITE 725",55402,612-339-5593,0
nppes:1669199741|nppes:1982775235,auto_merge,score,0.955,address+nearby+phone,nppes,1669199741,METROPOLITAN PERIODONTISTS,,"825 NICOLLET MALL, STE. 210",55402,612-332-0869,nppes,1982775235,"METROPOLITAN PERIODONTISTS, P.A.",,"825 NICOLLET MALL, SUITE 210",55402,612-332-0869,0
nppes:1669530101|nppes:1861088197,distinct,,0.452,address+nearby,nppes,1669530101,"PDG, P.A.",PARK DENTAL MINNETONKA,14525 HIGHWAY 7 STE 125,55345,952-474-5622,nppes,1861088197,ORTHODONTICS SPECIALIST OF MINNESOTA P.L.L.C.,THE DENTAL ORTHODONTICS MINNETONKA,14525 HIGHWAY 7 STE 125,55345,952-241-5860,0
nppes:1669817557|nppes:1730837105,distinct,,0.305,address,nppes,1669817557,"ORTHODONTIC CARE SPECIALISTS, PLLC",ORTHODONTIC CARE SPECIALISTS,1375 SAINT ANTHONY AVE,55104,651-286-8153,nppes,1730837105,"NORTHLAND DENTAL PARTNERS, PLLC",METRO DENTALCARE ST. PAUL MIDWAY,1375 SAINT ANTHONY AVE,55104,651-645-4671,0
nppes:1669842662-pl1|nppes:1669842662-pl2,auto_merge,score,1.000,address+nearby+phone,nppes,1669842662-pl1,CHILDREN'S DENTAL SERVICES,,636 BROADWAY ST NE,55413,612-746-1530,nppes,1669842662-pl2,CHILDREN'S DENTAL SERVICES,,636 BROADWAY ST NE,55413,612-746-1530,0
nppes:1669894887|nppes:1992820153,distinct,,0.450,phone,nppes,1669894887,"ORTHODONTIC CARE SPECIALISTS, PLLC",ORTHODONTIC CARE SPECIALISTS,4980 W. 77TH ST.,55436,952-920-1373,nppes,1992820153,ORTHODONTIC CARE GROUP,ORTHODONTIC CARE SPECIALISTS,3401 WOODDALE AVE S,55416,952-920-1373,8696
nppes:1669894887|osm:node/6611097224,distinct,,0.450,phone,nppes,1669894887,"ORTHODONTIC CARE SPECIALISTS, PLLC",ORTHODONTIC CARE SPECIALISTS,4980 W. 77TH ST.,55436,952-920-1373,osm,node/6611097224,Orthodontic Care Specialists,,,,+1-952-920-1373,7488
nppes:1669894986|nppes:1891443255,distinct,,0.313,address,nppes,1669894986,"ORTHODONTIC CARE SPECIALISTS, PLLC",ORTHODONTIC CARE SPECIALISTS,7600 SUNWOOD DR. N.W.,55303,763-786-9457,nppes,1891443255,"NORTHLAND DENTAL PARTNERS, PLLC",SUNWOOD DENTAL CARE,7600 SUNWOOD DR NW,55303,763-203-6040,0
nppes:1669972063|nppes:1710854369,distinct,,0.257,address,nppes,1669972063,SLETTEN & BRETTIN ORTHODONTICS,,9950 VALLEY CREEK RD STE 150,55125,651-756-1123,nppes,1710854369,"MINNESOTA HEAD AND NECK PAIN CLINIC, PA",,9950 VALLEY CREEK RD STE 100,55125,763-577-2484,0
nppes:1679142673|nppes:1740215656,auto_merge,score,0.930,address+nearby+phone,nppes,1679142673,ALEX W SCOTT DMD PLLC,GLEN LAKE FAMILY DENTISTRY,"5509 EDEN PRAIRIE ROAD, SUITE A",55345,952-938-6038,nppes,1740215656,GLEN LAKE FAMILY DENTISTRY P.L.L.C.,NONE,5509 EDEN PRAIRIE RD,55345,952-938-6038,0
nppes:1679182687|osm:node/13626360295,review,same place,0.550,nearby,nppes,1679182687,DOWNTOWN DENTAL CENTER PLLC,HOLGER DENTAL GROUP,120 1ST AVE N STE 200,55401,612-333-8988,osm,node/13626360295,Holger Dental Group,,120 North 1st Avenue,55402,,46
nppes:1679673867|nppes:1720188998,review,same place,0.497,address+nearby,nppes,1679673867,FAMILY ENDODONTIC SPECIALISTS PLC,METRO DENTALCARE RICHFIELD,6601 LYNDALE AVE S STE 220A,55423,612-866-1234,nppes,1720188998,"METRO DENTALCARE, PLC",,"6601 LYNDALE AVE S, SUITE 220",55423,612-861-9123,0
nppes:1679673867|nppes:1861140501,review,score,0.700,address+nearby,nppes,1679673867,FAMILY ENDODONTIC SPECIALISTS PLC,METRO DENTALCARE RICHFIELD,6601 LYNDALE AVE S STE 220A,55423,612-866-1234,nppes,1861140501,FAMILY ENDODONTIC SPECIALISTS PLC,METRO DENTALCARE SPECIALTY CENTER RICHFIELD - ENDODONTICS,6601 LYNDALE AVE S STE 230A,55423,612-638-1206,0
nppes:1679705404|nppes:1740455773,distinct,,0.270,address,nppes,1679705404,ROY KRENGEL DDS PA,,"8900 PENN AVE S, SUITE #112",55431,952-888-1311,nppes,1740455773,BISMILLAH DENTAL CARE PLLC,,"8900 PENN AVE S, SUITE 202",55431,952-888-1861,0
nppes:1679705404|osm:node/14143321792,distinct,,0.162,phone,nppes,1679705404,ROY KRENGEL DDS PA,,"8900 PENN AVE S, SUITE #112",55431,952-888-1311,osm,node/14143321792,Krengel Dental,,,,+19528881311,1744
nppes:1679944698|osm:node/4869073856,distinct,,0.360,phone,nppes,1679944698,TWINCARE DENTAL LLC,,2228 E LAKE ST,55407,612-886-3270,osm,node/4869073856,TwinCare Dental,,4601 Bloomington Avenue,55407,+1-612-886-3270,3355
nppes:1689028037|osm:way/390529015,auto_merge,score,1.000,address+nearby+phone,nppes,1689028037,THE DENTIST'S HOUSE OF EDINA,,3930 SUNNYSIDE RD,55424,952-929-9131,osm,way/390529015,The Dentist's House of Edina,,3930 Sunnyside Road,55424,+1-952-929-9131,19
nppes:1689722639|nppes:1851772362,auto_merge,score,1.000,address+nearby+phone,nppes,1689722639,"DENTAL SPECIALISTS OF MINNESOTA, PLLC",,"2200 COUNTY ROAD C W, SUITE 2210",55113,651-633-0500,nppes,1851772362,"DENTAL SPECIALISTS OF MINNESOTA, PLLC",,"2200 COUNTY ROAD C W, SUITE 2210",55113,651-633-0500,0
nppes:1689722639|nppes:1932256344,review,score,0.638,address+phone,nppes,1689722639,"DENTAL SPECIALISTS OF MINNESOTA, PLLC",,"2200 COUNTY ROAD C W, SUITE 2210",55113,651-633-0500,nppes,1932256344,"PDG,P.A.",PARK DENTAL,"2200 COUNTY ROAD C W, SUITE 2210",55113,651-633-0500,0
nppes:1689732133|nppes:1881841021,review,keys agree,0.591,address+phone,nppes,1689732133,"PDG,P.A.",PARK DENTAL,"4670 PARK NICOLLET AVE SE, SUITE 100",55372,952-447-7606,nppes,1881841021,NORTHLAND DENTAL PARTNERS PLLC,METRO DENTALCARE,4670 PARK NICOLLET AVE SE,55372,952-447-7606,
nppes:1689842841|nppes:1740259464,review,score,0.700,address+nearby,nppes,1689842841,"ST. CROIX VALLEY DENTAL, PLLC",NORTHERN ORTHODONTICS,13961 60TH ST N,55082,651-351-7777,nppes,1740259464,"ST. CROIX VALLEY DENTAL, PLLC",ST CROIX VALLEY DENTAL,13961 60TH ST. NORTH,55082,651-439-2600,0
nppes:1689842841|nppes:1821690496,distinct,,0.446,phone,nppes,1689842841,"ST. CROIX VALLEY DENTAL, PLLC",NORTHERN ORTHODONTICS,13961 60TH ST N,55082,651-351-7777,nppes,1821690496,SMILE ORTHODONTICS STILLWATER LLC,,9424 MAPLE GROVE PKWY N,55311,651-351-7777,
nppes:1699000869|nppes:1790493849,distinct,,0.279,address,nppes,1699000869,BRIAN J DEVOE DDS PA,DEVOE ORTHODONTICS,700 VILLAGE CENTER DR STE 140,55127,651-490-3155,nppes,1790493849,THE GORMAN CENTER FOR FINE DEN,,"700 VILLAGE CENTER DR, STE 100",55127,651-483-5134,0
nppes:1699000869|nppes:1912050683,distinct,,0.304,address,nppes,1699000869,BRIAN J DEVOE DDS PA,DEVOE ORTHODONTICS,700 VILLAGE CENTER DR STE 140,55127,651-490-3155,nppes,1912050683,"EGGERT FAMILY DENTISTRY, PA",,"700 VILLAGE CENTER DR, SUITE 160",55127,651-482-8412,0
nppes:1699267633|nppes:1861088197,distinct,,0.390,phone,nppes,1699267633,"ORTHODONTIC SPECIALISTS OF MINNESOTA, P.L.L.C.",THE DENTAL SPECIALISTS- ORTHODONTICS,1150 HAZELTINE BLVD,55318,952-241-5860,nppes,1861088197,ORTHODONTICS SPECIALIST OF MINNESOTA P.L.L.C.,THE DENTAL ORTHODONTICS MINNETONKA,14525 HIGHWAY 7 STE 125,55345,952-241-5860,14404
nppes:1699267633|osm:way/1021270932,review,score,0.650,address,nppes,1699267633,"ORTHODONTIC SPECIALISTS OF MINNESOTA, P.L.L.C.",THE DENTAL SPECIALISTS- ORTHODONTICS,1150 HAZELTINE BLVD,55318,952-241-5860,osm,way/1021270932,The Dental Specialists Orthodontics,,1150 Hazeltine Boulevard,55318,,283
nppes:1699272427|osm:node/6656004386,review,same place,0.507,address+nearby,nppes,1699272427,"GROUP HEALTH, INC.",HEALTHPARTNERS,5500 EXCELSIOR BLVD,55416,952-853-9120,osm,node/6656004386,HealthPartners Dental,,5500 Excelsior Boulevard,55416,,112
nppes:1699601310|osm:node/3201016445,distinct,,0.200,nearby,nppes,1699601310,"ONYX DENTAL, PLLC",,2232 HENNEPIN AVE,55405,612-749-3314,osm,node/3201016445,ADT Dental,,"2230,2232 Hennepin Avenue South",55408,+1 612 377 6108,61
nppes:1699816132|nppes:1811483795,distinct,,0.257,address,nppes,1699816132,HARRINGTON ORTHODONTICS LTD,,"15600 36TH AVE N, SUITE 170",55446,763-473-7656,nppes,1811483795,MINNESOTA DURABLE MEDICAL EQUIPMENT LLC,,15600 36TH AVE N STE 270,55446,612-210-2452,0
nppes:1699838011|osm:node/7147743959,distinct,,0.258,address,nppes,1699838011,LEXINGTON DENTAL,,"1790 LEXINGTON AVE N, SUITE B",55113,651-488-5557,osm,node/7147743959,Twin Cities Oral & Maxillofacial Surgery,,1790 Lexington Avenue North,55113,+1-651-488-9884,31
nppes:1699918789|nppes:1962645051,distinct,,0.450,phone,nppes,1699918789,MINNESOTA ORTHODONTICS AND DENTOFACIAL ORTHOPEDICS PA,,7810 CAHILL AVE,55076,651-450-7273,nppes,1962645051,MINNESOTA ORTHODONTICS AND DENTOFACIAL ORTHOPEDICS PA,,1745 N FRONTAGE RD,55033,651-450-7273,16086
nppes:1700302742|nppes:1871632331,review,score,0.620,address+phone,nppes,1700302742,"MICHAEL R HENRICKSON DDS, PLLC",TWIN CITIES MODERN DENTISTRY-BURNSVILLE,"14050 NICOLLET AVE, 205",55337,952-435-4177,nppes,1871632331,"RIDGE POINT DENTAL CLINIC, P.A.",SHELDON T. PETERSON DDS,"14050 NICOLLET AVE SO, SUITE 205",55337,952-435-4177,0
nppes:1700534138|osm:node/4751252074,review,same place,0.314,nearby,nppes,1700534138,"NORTHLAND DENTAL PARTNERS, PLLC",METRO DENTALCARE EDEN PRAIRIE,8353 CRYSTAL VIEW RD STE 105,55344,952-252-4000,osm,node/4751252074,Metro DentalCare,,,,,67
nppes:1700589264|nppes:1710080809,distinct,,0.272,address,nppes,1700589264,ADVANCED RECONSTRUCTIVE DENTISTRY PLLC,,6545 FRANCE AVE S STE 680,55435,952-922-5326,nppes,1710080809,ENDODONTIC SPECIALISTS PA,,"6545 FRANCE AVE S, SUITE #665",55435,952-927-8694,0
nppes:1700589264|nppes:1821362302,distinct,,0.290,address,nppes,1700589264,ADVANCED RECONSTRUCTIVE DENTISTRY PLLC,,6545 FRANCE AVE S STE 680,55435,952-922-5326,nppes,1821362302,"ORTHODONTIC SPECIALISTS OF MINNESOTA, P.L.L.C.",THE DENTAL SPECIALISTS - ORTHODONTICS,"6545 FRANCE AVE S, SUITE 381",55435,952-926-7766,0
nppes:1700589264|nppes:1881312676,distinct,,0.264,address,nppes,1700589264,ADVANCED RECONSTRUCTIVE DENTISTRY PLLC,,6545 FRANCE AVE S STE 680,55435,952-922-5326,nppes,1881312676,"MARIE JOYCELYN LUA, DMD, MS, PA",,6545 FRANCE AVE S STE 680,55435,952-920-7482,0
nppes:1700940343|nppes:1780790881,distinct,,0.299,address,nppes,1700940343,LAKE MINNETONKA ORTHDONTICS,,11601 MINNETONKA MILLS RD,55305,952-938-1443,nppes,1780790881,TONKA SMILES,AXEL BERGSTEDT AND JOHNSON PA,"11601 MINNETONKA MILLS RD, STE D40",55305,952-938-8533,0
nppes:1700940343|nppes:1841323110,distinct,,0.260,address,nppes,1700940343,LAKE MINNETONKA ORTHDONTICS,,11601 MINNETONKA MILLS RD,55305,952-938-1443,nppes,1841323110,SWANSON & WALMAN PA,PETER L WALMAN DDS,11601 MINNETONKA MILLS RD,55305,952-933-6060,0
nppes:1700940343|nppes:1952468654,distinct,,0.250,address,nppes,1700940343,LAKE MINNETONKA ORTHDONTICS,,11601 MINNETONKA MILLS RD,55305,952-938-1443,nppes,1952468654,BLUE RIDGE DENTAL CENTER PA,,"11601 MINNETONKA MILLS RD, SUITE D",55305,952-938-8858,0
nppes:1700940343|nppes:1982371456,distinct,,0.250,address,nppes,1700940343,LAKE MINNETONKA ORTHDONTICS,,11601 MINNETONKA MILLS RD,55305,952-938-1443,nppes,1982371456,"FACIAL DESIGNS, P.A.",,11601 MINNETONKA MILLS RD,55305,952-935-8420,0
nppes:1700975216|nppes:1992915649,review,score,0.600,address,nppes,1700975216,"GROUP HEALTH PLAN, INC.",THREE RIVERS ORTHODONTICS,1395 CURVE CREST BLVD,55082,651-439-1966,nppes,1992915649,"GROUP HEALTH PLAN, INC",THREE RIVERS DENTAL CARE,1395 CURVE CREST BLVD W,55082,651-430-0036,
nppes:1710045117|osm:way/489112914,review,score,0.650,address+nearby,nppes,1710045117,"PDG, P.A.",PARK DENTAL,5350 S ROBERT TRL,55077,651-450-9579,osm,way/489112914,Park Dental,,5350 Robert Trail South,55077,,59
nppes:1710052691|nppes:1932399557,review,keys agree,0.562,address+phone,nppes,1710052691,THOMAS W. ANDERSON,,11237 FOLEY BLVD. NW,55448,763-757-3120,nppes,1932399557,"ROGER E AUSTIN, DDS, PA",FOLEY DENTAL CLINIC,11237 FOLEY BLVD NW,55448,763-757-3120,0
nppes:1710080809|nppes:1821362302,distinct,,0.424,address+nearby,nppes,1710080809,ENDODONTIC SPECIALISTS PA,,"6545 FRANCE AVE S, SUITE #665",55435,952-927-8694,nppes,1821362302,"ORTHODONTIC SPECIALISTS OF MINNESOTA, P.L.L.C.",THE DENTAL SPECIALISTS - ORTHODONTICS,"6545 FRANCE AVE S, SUITE 381",55435,952-926-7766,0
nppes:1710080809|nppes:1881312676,distinct,,0.276,address,nppes,1710080809,ENDODONTIC SPECIALISTS PA,,"6545 FRANCE AVE S, SUITE #665",55435,952-927-8694,nppes,1881312676,"MARIE JOYCELYN LUA, DMD, MS, PA",,6545 FRANCE AVE S STE 680,55435,952-920-7482,0
nppes:1710108022|nppes:1770702714,distinct,,0.279,address,nppes,1710108022,LAND OF LAKES ENDODONTICS PA,,2850 CURVE CREST BLVD W STE 115,55082,651-439-8764,nppes,1770702714,"GOSSAI & KNUTSON, DDS, PA",SOUTHILL DENTAL GROUP PA,"2850 CURVE CREST BLVD W, SUITE 200",55082,651-439-9400,0
nppes:1710161500|osm:way/608991745,review,score,0.650,address+nearby,nppes,1710161500,NORTHPARK DENTAL,,9120 BALTIMORE ST NE,55449,763-786-1560,osm,way/608991745,Northpark Dental,,9120 Baltimore Street Northeast,55449,,62
nppes:1710317417|nppes:1891885000,distinct,,0.513,phone,nppes,1710317417,"DENTAL SPECIALISTS OF MINNESOTA, PLLC",THE DENTAL SPECIALISTS,11240 STILLWATER BLVD N,55042,651-777-0210,nppes,1891885000,ST CROIX VALLEY DENTAL PLLC,LAKE ELMO DENTAL,11240 STILLWATER BLVD N,55128,651-777-0210,0
nppes:1710321930|nppes:1841803723,distinct,,0.293,address,nppes,1710321930,BRITE DENTAL WEST ST PAUL PC,,"1200 ROBERT ST S, SUITE C",55118,651-340-9151,nppes,1841803723,ALL ABOUT DENTISTRY,,1200 ROBERT ST S STE C,55118,952-564-0339,0
nppes:1710344494|nppes:1952428393,distinct,,0.197,address,nppes,1710344494,"BLOOMINGTON SMILES DENTISTRY, PC",BLOOMINGTON SMILES DENITSTRY,"10700 FRANCE AVENUE, SUITE 102",55437,952-679-3531,nppes,1952428393,"NORMANDALE DENTAL ASSOCIATES, P.A.",,10700 NORMANDALE BLVD,55437,952-888-9661,1649
nppes:1710442413|osm:node/7201827393,distinct,,0.217,address,nppes,1710442413,SMILES IN MOTION OF MINNESOTA PC,GREAT RIVER ORTHODONTICS|SMILES IN MOTION,2480 WHITE BEAR AVE N,55109,651-777-8182,osm,node/7201827393,Family Dentistry,Dr Roger C Stoddard Family Dental Clinic,2480 White Bear Avenue,55109,+1-651-776-1597,84
nppes:1710442413|osm:node/7201827394,distinct,,0.262,address,nppes,1710442413,SMILES IN MOTION OF MINNESOTA PC,GREAT RIVER ORTHODONTICS|SMILES IN MOTION,2480 WHITE BEAR AVE N,55109,651-777-8182,osm,node/7201827394,Jensen and Jensen Periodontics - Implants,,"2480 White Bear Avenue, #201",55109,,78
nppes:1710442413|osm:node/7201827396,distinct,,0.330,address,nppes,1710442413,SMILES IN MOTION OF MINNESOTA PC,GREAT RIVER ORTHODONTICS|SMILES IN MOTION,2480 WHITE BEAR AVE N,55109,651-777-8182,osm,node/7201827396,"Orthodontics - David C Dueval, DDS, MS",,2480 White Bear Avenue,55109,,78
nppes:1710749296|osm:way/526980397,distinct,,0.500,address+phone,nppes,1710749296,FAMILY SMILES-BURNSVILLE PLLC,,50 MCANDREWS RD E,55337,952-892-5050,osm,way/526980397,Crestridge Dental,,50 McAndrews Road East,55337,+1-952-892-5050,77
nppes:1720188998|nppes:1861140501,distinct,,0.380,address,nppes,1720188998,"METRO DENTALCARE, PLC",,"6601 LYNDALE AVE S, SUITE 220",55423,612-861-9123,nppes,1861140501,FAMILY ENDODONTIC SPECIALISTS PLC,METRO DENTALCARE SPECIALTY CENTER RICHFIELD - ENDODONTICS,6601 LYNDALE AVE S STE 230A,55423,612-638-1206,0
nppes:1720413263|nppes:1861507329,distinct,,0.273,address,nppes,1720413263,EXCEL DENTISTRY PLLC,,"1421 WAYZATA BLVD, SUITE 320",55391,952-475-2907,nppes,1861507329,MARK F SOUERS DDS PA,MARK F SOUERS DDS,"1421 WAYZATA BLVD, SUITE #325",55391,952-476-6655,0
nppes:1720415896|nppes:1841462652,review,score,0.797,address+nearby+phone,nppes,1720415896,MAHTOMEDI FAMILY DENTAL,,814 MAHTOMEDI AVE,55115,651-426-0011,nppes,1841462652,MAHTOMEDI DENTAL CLINIC,NORTH ST. PAUL DENTAL,"814 MAHTOMEDI AVE, MAHTOMEDI DENTAL",55115,651-426-0011,0
nppes:1720465784|osm:node/773059092,review,same place,0.550,nearby,nppes,1720465784,ROBERT J MALEY DDS PA,DR. BOB MALEY FAMILY DENTISTRY,"1150 MONTREAL AVE, SUITE 104",55116,651-224-0001,osm,node/773059092,Dr. Bob Maley Family Dentistry,,,,,17
nppes:1720647589|osm:node/12029268613,review,same place,0.500,nearby,nppes,1720647589,LINDGREN DENTAL CARE PLLC,LINDGREN DENTAL CARE,6936 PINE ARBOR DR S STE 210,55016,651-769-1000,osm,node/12029268613,Lindgren Dental Care,,,,,63
nppes:1720647589|osm:node/5729081339,distinct,,0.219,nearby,nppes,1720647589,LINDGREN DENTAL CARE PLLC,LINDGREN DENTAL CARE,6936 PINE ARBOR DR S STE 210,55016,651-769-1000,osm,node/5729081339,Pine Arbor Dental Care,,,,,85
nppes:1720697808|nppes:1952287146,review,same place,0.564,address+nearby,nppes,1720697808,RUSSOMANNO KEANE DDS PA,BLUEJAY FAMILY DENTISTRY,1975 11TH AVE E,55109,651-770-2900,nppes,1952287146,BLUE JAY FAMILY DENTISTRY PLLC,,1975 11TH AVE E,55109,507-696-3303,0
nppes:1730247180|osm:node/2503125447,review,same place,0.534,address+nearby,nppes,1730247180,"PDG,P.A.",PARK DENTAL,13059 RIDGEDALE DR,55305,952-545-8603,osm,node/2503125447,Park Dental Ridgepark,,13059 Ridgedale Drive,55305,,40
nppes:1730247321|osm:node/8143276702,review,same place,0.295,nearby,nppes,1730247321,"PDG,P.A.",PARK DENTAL,8559 EDINBROOK PKWY,55443,763-425-3644,osm,node/8143276702,Park Dental Edinbrook,,,,,70
nppes:1730248667|osm:way/448057160,distinct,,0.259,address,nppes,1730248667,"REYNOLDS J. FISCHBACH II, D.D.S., P.A.",,483 BRIMHALL ST,55116,651-698-0848,osm,way/448057160,Brimhall Dentistry,,483 Brimhall Street,55116,,16
nppes:1730271081|osm:node/3532499008,auto_merge,score,1.000,address+nearby+phone,nppes,1730271081,"LHD, PLLC",LINDEN HILLS DENTISTRY,4289 SHERIDAN AVE S,55410,612-922-6164,osm,node/3532499008,Linden Hills Dentistry,,4289 Sheridan Avenue South,55410,+1-612-922-6164,24
nppes:1740340561|nppes:1982767125,distinct,,0.322,address,nppes,1740340561,"STEPHEN W. ROBINSON, DDS, PA",,"3475 PLYMOUTH BLVD, SUITE 300",55447,763-546-6700,nppes,1982767125,JEANNE L BARSS DDS MS PA,JEANNE L BARSS DDS MS,"3475 PLYMOUTH BLVD, ST 200",55447,763-694-6158,0
nppes:1740438076|nppes:1932275971,distinct,,0.363,address,nppes,1740438076,"DENTAL SPECIALISTS OF MINNESOTA, PLLC",THE DENTAL SPECIALISTS,"1895 PLAZA DR, SUITE 130",55122,952-926-2763,nppes,1932275971,"PDG, P.A.",PARK DENTAL,"1895 PLAZA DR, SUITE 130",55122,651-454-2700,0
nppes:1740923309|osm:node/6391789948,auto_merge,score,1.000,address+nearby+phone,nppes,1740923309,"NORTHLAND DENTAL PARTNERS, PLLC",METRO DENTALCARE CHANHASSEN,7806 MARKET BLVD,55317,952-949-1083,osm,node/6391789948,Metro Dentalcare Chanhassen,,7806 Market Boulevard,55317,+1-952-949-1083,35
nppes:1740938166|osm:node/652952171,distinct,,0.543,phone,nppes,1740938166,"NORTHLAND DENTAL PARTNERS, PLLC",CEDAR BEND DENTAL CARE,13040 RIVERDALE DR NW STE 600,55448,763-323-3042,osm,node/652952171,Metro Dental Care,,,,+1-763-323-3042,156
nppes:1750230306|nppes:1962127464,distinct,,0.099,phone,nppes,1750230306,"UNITED ENDO - VALLEY VIEW, PLLC",,4018 WEST 65TH STREET SUITE 300,55435,952-653-4500,nppes,1962127464,EDINA ENDODONTICS PLLC,,"3939 WEST 50TH STREET, SUITE 201",55424,952-653-4500,2935
nppes:1750436333|nppes:1952042053,distinct,,0.450,phone,nppes,1750436333,"GROUP HEALTH, INC.",HEALTHPARTNERS MIDWAY DENTAL CLINIC,"450 SYNDICATE ST N, #300",55104,651-254-7373,nppes,1952042053,"GROUP HEALTH, INC.",HEALTHPARTNERS ST. PAUL RESIDENCY DENTAL,205 WABASHA ST S,55107,651-254-7373,5574
nppes:1750538930|nppes:1780327411,distinct,,0.337,address,nppes,1750538930,"NORTHLAND DENTAL PARTNERS, PLLC",METRO DENTALCARE BURNSVILLE RIDGES|METRO DENTALCARE,14344 BURNHAVEN DR,55306,952-892-6010,nppes,1780327411,FAMILY ORTHODONTIC SPECIALISTS PLC,WOODLAKE ORTHODONTICS BURNSVILLE,14344 BURNHAVEN DR,55306,952-435-5715,0
nppes:1750538930|nppes:1871241505,distinct,,0.450,address+nearby,nppes,1750538930,"NORTHLAND DENTAL PARTNERS, PLLC",METRO DENTALCARE BURNSVILLE RIDGES|METRO DENTALCARE,14344 BURNHAVEN DR,55306,952-892-6010,nppes,1871241505,FAMILY ENDODONTIC SPECIALISTS PLC,METRO DENTALCARE SPECIALTY CENTER BURNSVILLE - ENDODONTICS,14344 BURNHAVEN DR,55306,612-638-1238,0
nppes:1750563227|osm:node/9625347272,distinct,,0.200,phone,nppes,1750563227,"FAMILY & COSMETIC GENTLE DENTISTRY, LTD",,13550 26TH AVE N STE 200,55441,763-557-0287,osm,node/9625347272,Gentle Dentistry,,"15650 36th Avenue North, 150",55446,+1-763-557-0287,2709
nppes:1760013015|osm:way/480968399,distinct,,0.401,address+nearby,nppes,1760013015,"DENTAL SPECIALISTS OF MINNESOTA, PLLC",THE DENTAL SPECIALISTS ROSEMOUNT,15015 CIMARRON AVE,55068,952-926-2835,osm,way/480968399,Park Dental Rosemount,,15015 Cimarron Avenue,55068,+1 952 423 2288,66
nppes:1760509954|nppes:1831963487,distinct,,0.023,phone,nppes,1760509954,MICHAEL WOLF DDS P.A.,,"999 50TH AVE NE, SUITE 200",55421,763-571-4837,nppes,1831963487,"SALMA HELAL, D.D.S., PLLC",,2611 INNSBRUCK DR STE A,55112,763-571-4837,2241
nppes:1760509954|osm:node/11944869727,distinct,,0.013,phone,nppes,1760509954,MICHAEL WOLF DDS P.A.,,"999 50TH AVE NE, SUITE 200",55421,763-571-4837,osm,node/11944869727,Crescent Dental,,"2611 Innsbruck Drive, Suite A",55112,+1-763-571-4837,2238
nppes:1760540280|nppes:1932842663,distinct,,0.261,address,nppes,1760540280,"PDG, P.A",PARK DENTAL,8980 HUDSON BLVD N,55042,651-735-9057,nppes,1932842663,FAMILY ORTHODONTIC SPECIALISTS PLC,WOODLAKE ORTHODONTICS LAKE ELMO,8980 HUDSON BLVD N,55042,651-501-1467,0
nppes:1760686984|nppes:1861714792,review,score,0.629,address+phone,nppes,1760686984,MILLIREN FAMILY DENTISTRY,,"925 HIGHWAY 55, SUITE 102",55033,651-437-7844,nppes,1861714792,MODERN DENTAL PROFESSIONALS MINNESOTA PC,MIDWEST DENTAL,"925 HIGHWAY 55, SUITE #102",55033,651-437-7844,0
nppes:1760693972|osm:way/601130228,distinct,,0.400,address+nearby,nppes,1760693972,ADVANCED DENTISTRY INC.,,5020 MINNETONKA BLVD,55416,952-285-1677,osm,way/601130228,Family Dentistry,,5020 Minnetonka Boulevard,55416,,32
nppes:1760802722|nppes:1871837708,distinct,,0.450,phone,nppes,1760802722,"DENTALIGN, P.A",TC ORTHODONTICS,470 W 78TH ST,55317,763-420-1030,nppes,1871837708,"DENTALIGN, P.A",,4630 EDGEBROOK PL,55424,763-420-1030,16015
nppes:1760837041|nppes:1952399685,review,score,0.710,phone,nppes,1760837041,FAMILY AND COSMETIC GENTLE DENTISTRY,FAMILY AND COSMETIC GENTLE DENTISTRY,5107 GUS YOUNG LN,55436,952-929-0641,nppes,1952399685,"FAMILY & COSMETIC GENTLE DENTISTRY, LTD.",,5100 EDEN AVE STE 209,55436,952-929-0641,222
nppes:1760837041|osm:node/12272163248,distinct,,0.400,address+nearby,nppes,1760837041,FAMILY AND COSMETIC GENTLE DENTISTRY,FAMILY AND COSMETIC GENTLE DENTISTRY,5107 GUS YOUNG LN,55436,952-929-0641,osm,node/12272163248,Gentle Dentistry,,5107 Gus Young Lane,55436,,54
nppes:1770190951|osm:node/6391789951,review,score,0.600,address,nppes,1770190951,FOREVER SMILES PARTNERS PLLC,BLUFF CREEK DENTAL,600 MARKET ST STE 130,55317,952-937-5200,osm,node/6391789951,Bluff Creek Dental,,600 Market Street,55317,,
nppes:1770205064|nppes:1932012630,distinct,,0.328,address,nppes,1770205064,TARA KAUR DDS PLLC,,"7701 YORK AVE SOUTH, SUITE 140",55435,952-956-6700,nppes,1932012630,SAM SAUZA DDS PC,STACKED SMILES EDINA,7701 YORK AVE S STE 240,55435,651-505-5900,0
nppes:1770540502|nppes:1861914061,review,score,0.826,address+nearby+phone,nppes,1770540502,"TWIN CITIES ENDODONTIC SPECIALISTS, P.A.",,"2550 UNIVERSITY AVE W, SUITE 155S",55114,651-646-6386,nppes,1861914061,"THE DENTAL SPECIALIST OF MINNESOTA, PLLC",TWIN CITITES ENDODOONTICS SPECIALIST PA,2550 UNIVERSITY AVE W STE 155S,55114,651-646-6386,0
nppes:1770540502|osm:node/6275543772,distinct,,0.216,address,nppes,1770540502,"TWIN CITIES ENDODONTIC SPECIALISTS, P.A.",,"2550 UNIVERSITY AVE W, SUITE 155S",55114,651-646-6386,osm,node/6275543772,St. Paul Oral Surgery,,2550 University Avenue West,55114,,131
nppes:1770730954|nppes:1932275971,distinct,,0.261,nearby,nppes,1770730954,NORTHLAND DENTAL PARTNERS,METRO DENTALCARE,1905 PLAZA DR,55122,651-686-6678,nppes,1932275971,"PDG, P.A.",PARK DENTAL,"1895 PLAZA DR, SUITE 130",55122,651-454-2700,36
nppes:1770730954|osm:way/531848023,review,same place,0.550,address+nearby,nppes,1770730954,NORTHLAND DENTAL PARTNERS,METRO DENTALCARE,1905 PLAZA DR,55122,651-686-6678,osm,way/531848023,Metro Dental,,1905 Plaza Drive,55122,,48
nppes:1780198010|nppes:1891033320,distinct,,0.280,address,nppes,1780198010,GOLDEN VALLEY KIDS PLLC,,7575 GOLDEN VALLEY RD,55427,763-222-1299,nppes,1891033320,JAMES R. MILLER DDS MS PA,"ADVANCES IN ORTHODONTICS, PA","7575 GOLDEN VALLEY RD, SUITE 220",55427,763-544-2211,0
nppes:1780327411|nppes:1871241505,review,same place,0.576,address+nearby,nppes,1780327411,FAMILY ORTHODONTIC SPECIALISTS PLC,WOODLAKE ORTHODONTICS BURNSVILLE,14344 BURNHAVEN DR,55306,952-435-5715,nppes,1871241505,FAMILY ENDODONTIC SPECIALISTS PLC,METRO DENTALCARE SPECIALTY CENTER BURNSVILLE - ENDODONTICS,14344 BURNHAVEN DR,55306,612-638-1238,0
nppes:1780764993|osm:node/12099767280,review,score,0.619,address+phone,nppes,1780764993,HATCHER AND BOMSTAD DDS LLC,,911 FIRST ST NORTH,55343,952-938-7746,osm,node/12099767280,Bomstad Dental,,911 1st Street North,55343,+1 952-938-7746,72
nppes:1780790881|nppes:1841323110,distinct,,0.316,address,nppes,1780790881,TONKA SMILES,AXEL BERGSTEDT AND JOHNSON PA,"11601 MINNETONKA MILLS RD, STE D40",55305,952-938-8533,nppes,1841323110,SWANSON & WALMAN PA,PETER L WALMAN DDS,11601 MINNETONKA MILLS RD,55305,952-933-6060,0
nppes:1780790881|nppes:1952468654,distinct,,0.285,address,nppes,1780790881,TONKA SMILES,AXEL BERGSTEDT AND JOHNSON PA,"11601 MINNETONKA MILLS RD, STE D40",55305,952-938-8533,nppes,1952468654,BLUE RIDGE DENTAL CENTER PA,,"11601 MINNETONKA MILLS RD, SUITE D",55305,952-938-8858,0
nppes:1780790881|nppes:1982371456,distinct,,0.270,address,nppes,1780790881,TONKA SMILES,AXEL BERGSTEDT AND JOHNSON PA,"11601 MINNETONKA MILLS RD, STE D40",55305,952-938-8533,nppes,1982371456,"FACIAL DESIGNS, P.A.",,11601 MINNETONKA MILLS RD,55305,952-935-8420,0
nppes:1780855171|nppes:1982262721,distinct,,0.266,address,nppes,1780855171,"ESTHESIA ORAL SURGERY CARE, PA",,"3400 W 66TH ST, SUITE 270",55435,952-920-3844,nppes,1982262721,SLEEP WELL TWIN CITIES LLC,SLEEP WELL TWIN CITIES LLC,3400 W 66TH ST STE 275,55435,612-251-7543,0
nppes:1780866962|nppes:1942352216,review,score,0.681,address+phone,nppes,1780866962,"NORTHLAND DENTAL PARTNERS, PLLC",METRO DENTALCARE,"3030 CENTRE POINTE DR, SUITE 100",55113,651-286-8100,nppes,1942352216,ASSOCIATED DENTAL CARE,ASSURE DENTAL,3030 CENTRE POINTE DR,55113,651-286-8100,0
nppes:1780902080|osm:node/7129231770,review,score,0.650,address+nearby,nppes,1780902080,ROBBINSDALE DENTAL PLLC,MINNESOTA DENTAL GROUP,"4125 LAKELAND AVE N, SUITE 100",55422,763-537-5123,osm,node/7129231770,Minnesota Dental Group,,"4125 Lakeland Avenue North, #200",55422,,73
nppes:1790389005-pl1|nppes:1952709420,auto_merge,score,1.000,address+nearby+phone,nppes,1790389005-pl1,ST. CROIX ENDODONTICS,ST. CROIX ENDODONTICS,25 LAKE ST N STE 110,55025,651-464-7388,nppes,1952709420,ST. CROIX ENDODONTICS,,"25 LAKE ST N, SUITE 110",55025,651-464-7388,0
nppes:1790493849|nppes:1912050683,distinct,,0.293,address,nppes,1790493849,THE GORMAN CENTER FOR FINE DEN,,"700 VILLAGE CENTER DR, STE 100",55127,651-483-5134,nppes,1912050683,"EGGERT FAMILY DENTISTRY, PA",,"700 VILLAGE CENTER DR, SUITE 160",55127,651-482-8412,0
nppes:1790905966|osm:node/12134351514,auto_merge,score,0.891,address+phone,nppes,1790905966,CASSANDRA L ZIRBEL DDS MS,ORTHODONTICS BY ZIRBEL,1480 YANKEE DOODLE RD,55121,651-452-3333,osm,node/12134351514,Zirbel Orthodontics,,1480 Yankee Doodle Road,55121,+1 651-452-3333,187
nppes:1801043096|osm:node/6611097229,review,score,0.747,address+nearby+phone,nppes,1801043096,"NORTHLAND DENTAL PARTNERS, PLLC",METRO DENTALCARE ST. LOUIS PARK,4959 EXCELSIOR BLVD STE 200,55416,952-920-8774,osm,node/6611097229,Metro Dentalcare,,"4959 Excelsior Boulevard, 200",55416,+1-952-920-8774,109
nppes:1801941943|nppes:1952042053,review,score,0.700,address+nearby,nppes,1801941943,"GROUP HEALTH, INC.",HEALTHPARTNERS ST. PAUL DENTAL CLINIC,205 WABASHA ST S,55107,651-227-3757,nppes,1952042053,"GROUP HEALTH, INC.",HEALTHPARTNERS ST. PAUL RESIDENCY DENTAL,205 WABASHA ST S,55107,651-254-7373,0
nppes:1801991146|osm:way/914286353,auto_merge,score,0.941,address+nearby+phone,nppes,1801991146,FAMILY ORTHODONTICS PA,,5804 EXCELSIOR BLVD,55416,952-922-7117,osm,way/914286353,Family Orthodontics,,5804 Excelsior Boulevard,55416,+19529227117,16
nppes:1811058746|nppes:1831309152,distinct,,0.316,address,nppes,1811058746,JEROME DULAC DDS,,"6550 YORK AVE S, #202",55435,952-925-2176,nppes,1831309152,NEIL C BONSTROM DDS PA,,"6550 YORK AVE S, STE 302",55435,952-920-0863,0
nppes:1811392665|osm:node/9465385261,review,score,0.700,address+nearby,nppes,1811392665,AKSHAAN PLLC,TAMARACK HILLS FAMILY DENTISTRY,"707 BIELENBERG DR, SUITE101",55125,651-304-6017,osm,node/9465385261,Tamarack Hills Family Dentistry,,"707 Bielenberg Drive, 101",55125,+1 651 467 5070,46
nppes:1811972292|osm:node/2913647859,review,same place,0.472,nearby,nppes,1811972292,GREAT RIVER DENTAL P.A.,,375 JACKSON ST,55101,651-222-0983,osm,node/2913647859,Great River Dental,,,,,42
nppes:1821145723|nppes:1942668702,auto_merge,score,0.933,address+nearby+phone,nppes,1821145723,"POINT FAMILY DENTISTRY, LLC",,"10611 FRANCE AVE S, SUITE 201",55431,952-881-8404,nppes,1942668702,POINT FAMILY DENTISTRY,,10611 FRANCE AVE S STE 201,55431,952-881-8404,0
nppes:1821199852|nppes:1962127464,distinct,,0.260,address,nppes,1821199852,MICHAEL T KRATZ DDS PA,,"3939 W 50TH STREET, #208",55424,952-922-2214,nppes,1962127464,EDINA ENDODONTICS PLLC,,"3939 WEST 50TH STREET, SUITE 201",55424,952-653-4500,0
nppes:1821362302|nppes:1881312676,distinct,,0.270,address,nppes,1821362302,"ORTHODONTIC SPECIALISTS OF MINNESOTA, P.L.L.C.",THE DENTAL SPECIALISTS - ORTHODONTICS,"6545 FRANCE AVE S, SUITE 381",55435,952-926-7766,nppes,1881312676,"MARIE JOYCELYN LUA, DMD, MS, PA",,6545 FRANCE AVE S STE 680,55435,952-920-7482,0
nppes:1821498858|nppes:1841803723-pl1,distinct,,0.296,address,nppes,1821498858,SARAH L CARLSON DDS PA,NORTHSTAR DENTAL CLINIC,675 E NICOLLET BLVD STE 120,55337,952-892-7700,nppes,1841803723-pl1,ALL ABOUT DENTISTRY,,675 E NICOLLET BLVD STE 120,55337,612-843-2951,0
nppes:1821498858|nppes:1891079851,auto_merge,score,1.000,address+nearby+phone,nppes,1821498858,SARAH L CARLSON DDS PA,NORTHSTAR DENTAL CLINIC,675 E NICOLLET BLVD STE 120,55337,952-892-7700,nppes,1891079851,"BURNSVILLE DENTAL, P.A.",NORTHSTAR DENTAL CLINIC,675 E NICOLLET BLVD STE 120,55337,952-892-7700,0
nppes:1821746249|nppes:1841656410,distinct,,0.349,address,nppes,1821746249,"NORTHLAND DENTAL PARTNERS, PLLC",METRO DENTALCARE DOWNTOWN MINNEAPOLIS,825 NICOLLET MALL STE 1025,55402,612-333-2879,nppes,1841656410,CITYSCAPE DENTAL PA,,"825 NICOLLET MALL, SUITE# 1921",55402,612-332-5916,0
nppes:1821746249|nppes:1861138133,distinct,,0.326,address,nppes,1821746249,"NORTHLAND DENTAL PARTNERS, PLLC",METRO DENTALCARE DOWNTOWN MINNEAPOLIS,825 NICOLLET MALL STE 1025,55402,612-333-2879,nppes,1861138133,DOWNTOWN PERIODONTICS AND IMPLANT DENTISTRY,,"825 NICOLLET MALL, SUITE 725",55402,612-339-5593,0
nppes:1821746249|nppes:1982775235,distinct,,0.304,address,nppes,1821746249,"NORTHLAND DENTAL PARTNERS, PLLC",METRO DENTALCARE DOWNTOWN MINNEAPOLIS,825 NICOLLET MALL STE 1025,55402,612-333-2879,nppes,1982775235,"METROPOLITAN PERIODONTISTS, P.A.",,"825 NICOLLET MALL, SUITE 210",55402,612-332-0869,0
nppes:1831261510|nppes:1871809152,distinct,,0.351,address,nppes,1831261510,FAMILY DENTAL CARE OF S MPLS PA,,3152 MINNEHAHA AVE,55406,612-728-8888,nppes,1871809152,CEDAR RIVERSIDE PEOPLE'S CENTER,PEOPLE'S CENTER DENTAL CLINIC|PEOPLE'S CENTER CLINICS & SERVICES,3152 MINNEHAHA AVE,55406,612-332-4973,0
nppes:1831528447|osm:way/435068838,review,score,0.700,address+nearby,nppes,1831528447,"PATRICK J. FOY DDS,PA",CREEKSIDE DENTAL,"3340 REPUBLIC AVE, STE 130",55426,952-938-2740,osm,way/435068838,Creekside Dental,,3340 Republic Avenue,55426,,42
nppes:1831963487|osm:node/11944869727,review,keys agree,0.577,address+phone,nppes,1831963487,"SALMA HELAL, D.D.S., PLLC",,2611 INNSBRUCK DR STE A,55112,763-571-4837,osm,node/11944869727,Crescent Dental,,"2611 Innsbruck Drive, Suite A",55112,+1-763-571-4837,25
nppes:1841323110|nppes:1952468654,distinct,,0.293,address,nppes,1841323110,SWANSON & WALMAN PA,PETER L WALMAN DDS,11601 MINNETONKA MILLS RD,55305,952-933-6060,nppes,1952468654,BLUE RIDGE DENTAL CENTER PA,,"11601 MINNETONKA MILLS RD, SUITE D",55305,952-938-8858,0
nppes:1841323110|nppes:1982371456,distinct,,0.275,address,nppes,1841323110,SWANSON & WALMAN PA,PETER L WALMAN DDS,11601 MINNETONKA MILLS RD,55305,952-933-6060,nppes,1982371456,"FACIAL DESIGNS, P.A.",,11601 MINNETONKA MILLS RD,55305,952-935-8420,0
nppes:1841353992|nppes:1881783405,distinct,,0.271,address,nppes,1841353992,"GALLAGHER COSMETIC &FAMILY DENTISTRY, PA",,"11800 SINGLETREE LN, SUITE 208",55344,952-942-9600,nppes,1881783405,"METROPOLITAN ENDODONTICS, LTD.",,"11800 SINGLETREE LN, SUITE 300",55344,952-996-0806,0
nppes:1841656410|nppes:1861138133,distinct,,0.290,address,nppes,1841656410,CITYSCAPE DENTAL PA,,"825 NICOLLET MALL, SUITE# 1921",55402,612-332-5916,nppes,1861138133,DOWNTOWN PERIODONTICS AND IMPLANT DENTISTRY,,"825 NICOLLET MALL, SUITE 725",55402,612-339-5593,0
nppes:1841656410|nppes:1982775235,distinct,,0.259,address,nppes,1841656410,CITYSCAPE DENTAL PA,,"825 NICOLLET MALL, SUITE# 1921",55402,612-332-5916,nppes,1982775235,"METROPOLITAN PERIODONTISTS, P.A.",,"825 NICOLLET MALL, SUITE 210",55402,612-332-0869,0
nppes:1841803723-pl1|nppes:1891079851,distinct,,0.313,address,nppes,1841803723-pl1,ALL ABOUT DENTISTRY,,675 E NICOLLET BLVD STE 120,55337,612-843-2951,nppes,1891079851,"BURNSVILLE DENTAL, P.A.",NORTHSTAR DENTAL CLINIC,675 E NICOLLET BLVD STE 120,55337,952-892-7700,0
nppes:1851466155|osm:node/14204036046,review,same place,0.450,nearby,nppes,1851466155,CHALET DENTAL CARE,,1651 N DALE ST,55117,651-488-5888,osm,node/14204036046,Chalet Dental,,1651 Dale Street N,,+1-651-413-9150,21
nppes:1851466155|osm:way/697893580,review,score,0.600,address+nearby,nppes,1851466155,CHALET DENTAL CARE,,1651 N DALE ST,55117,651-488-5888,osm,way/697893580,Chalet Dental,,1651 Dale Street North,55117,+1-651-413-9150,26
nppes:1851772362|nppes:1932256344,review,score,0.638,address+phone,nppes,1851772362,"DENTAL SPECIALISTS OF MINNESOTA, PLLC",,"2200 COUNTY ROAD C W, SUITE 2210",55113,651-633-0500,nppes,1932256344,"PDG,P.A.",PARK DENTAL,"2200 COUNTY ROAD C W, SUITE 2210",55113,651-633-0500,0
nppes:1861138133|nppes:1982775235,distinct,,0.351,address,nppes,1861138133,DOWNTOWN PERIODONTICS AND IMPLANT DENTISTRY,,"825 NICOLLET MALL, SUITE 725",55402,612-339-5593,nppes,1982775235,"METROPOLITAN PERIODONTISTS, P.A.",,"825 NICOLLET MALL, SUITE 210",55402,612-332-0869,0
nppes:1861546111|osm:way/231160037,review,score,0.717,nearby+phone,nppes,1861546111,"FAMILY DENTAL CLINIC, P.A.",,4454 CHICAGO AVE,55407,612-823-6262,osm,way/231160037,Family Dental Clinic PA,,4454 Chicago Avenue,,+1 612 823 6262,65
nppes:1861914061|osm:node/6275543772,distinct,,0.241,address,nppes,1861914061,"THE DENTAL SPECIALIST OF MINNESOTA, PLLC",TWIN CITITES ENDODOONTICS SPECIALIST PA,2550 UNIVERSITY AVE W STE 155S,55114,651-646-6386,osm,node/6275543772,St. Paul Oral Surgery,,2550 University Avenue West,55114,,131
nppes:1871242917|osm:way/460383876,distinct,,0.369,address,nppes,1871242917,MICHAEL JAMES KRUMHOLZ,,2267 LOUISIANA AVE S,55426,952-999-4999,osm,way/460383876,Brandsness & Krumholz,,2267 Louisiana Avenue South,55426,,41
nppes:1891295861|nppes:1922181197,distinct,,0.368,address,nppes,1891295861,MAPLE GROVE PERIODONTICS AND IMPLANT DENTISTRY,,12000 ELM CREEK BLVD N,55369,763-420-0200,nppes,1922181197,"MAPLE GROVE FAMILY DENTAL CLINIC, PA",,"12000 ELM CREEK BLVD N, SUITE #220",55369,763-420-4421,0
nppes:1891443263|osm:node/11988962361,review,score,0.600,address,nppes,1891443263,"NORTHLAND DENTAL PARTNERS, PLLC",METRO DENTALCARE WOODBURY,429 COMMERCE DR STE 400,55125,651-731-2342,osm,node/11988962361,Metro Dentalcare Woodbury,,"429 Commerce Drive, 400",55125,,
nppes:1891749362|osm:way/350242398,review,score,0.707,address+phone,nppes,1891749362,EAGAN DENTAL ASSOCIATES DBA NORTHWOOD DENTAL,,1227 NORTHWOOD PKWY,55121,651-687-0789,osm,way/350242398,Northwood Dental,,1227 Northwood Parkway,55121,+1 651-687-0789,155
nppes:1891986378|nppes:1992807333,distinct,,0.359,address,nppes,1891986378,IAN PARK DDS PA,,"17705 HUTCHINS DR, SUITE 209",55345,952-474-8114,nppes,1992807333,CHARLES L HIRT DDS PA,,"17705 HUTCHINS DRIVE, SUITE 201",55345,952-474-5239,0
nppes:1902398944|nppes:1922308113,review,same place,0.538,address+nearby,nppes,1902398944,"ORTHODONTIC SPECIALISTS OF MINNESOTA, P.L.L.C.",THE DENTAL SPECIALISTS- ORTHODONTICS,12904 CENTRAL AVE NE,55434,763-201-6960,nppes,1922308113,"DENTAL SPECIALISTS OF MINNESOTA, PLLC",THE DENTAL SPECIALISTS,12904 CENTRAL AVE. NE,55434,651-746-0587,0
nppes:1902465867|osm:node/12730027395,review,same place,0.500,nearby,nppes,1902465867,APELGREN DENTAL,,3938 CEDAR GROVE PKWY,55122,651-452-9660,osm,node/12730027395,Apelgren Dental,,,,,123
nppes:1902812126|osm:node/6236126673,distinct,,0.329,address,nppes,1902812126,"MICHAEL W. GLEYSTEEN, DDS, PA",WAYZATA ORTHODONTICS,250 CENTRAL AVE N # 113,55391,952-473-7037,osm,node/6236126673,Wayzata Dental,,"250 Central Avenue North, 202",55391,+1-952-473-4900,82
nppes:1902920382|osm:way/1170470513,review,score,0.650,address+nearby,nppes,1902920382,44TH STREET DENTAL,,3925 W 44TH ST,55424,952-922-2159,osm,way/1170470513,44th Street Dental,,3925 West 44th Street,55424,,78
nppes:1902936461|osm:way/490000269,distinct,,0.509,phone,nppes,1902936461,DR TERRANCE J SPAHL,,1199 DULUTH ST,55106,651-774-9000,osm,way/490000269,Spahl Dentistry,,1199,,+1 651-774-9000,19
nppes:1902978893|osm:node/12569712465,review,score,0.831,address+nearby+phone,nppes,1902978893,J&D DENTAL DDS PA,,"109 S 7TH ST, SUITE 133",55402,612-332-0592,osm,node/12569712465,J&D Dental,,"109 South 7th Street, 133",55402,+1-612-332-0592,23
nppes:1922185016|nppes:1942214200,review,score,0.640,address+phone,nppes,1922185016,LAKE MINNETONKA DENTAL,BRYAN N LASKIN DDS PA,"109 BUSHAWAY RD, SUITE 300",55391,952-475-0225,nppes,1942214200,MCKONE DENTAL CARE DDS PA,,"109 BUSHAWAY RD, SUITE 300",55391,952-475-0225,0
nppes:1922726280|osm:way/766562945,review,same place,0.571,address+nearby,nppes,1922726280,LARSON DENTAL LLC,,1632 WASHINGTON ST NE,55413,612-789-2853,osm,way/766562945,Larson Dental,,1632 Northeast Washington Street,55413,,64
nppes:1932200037|nppes:1952997421,distinct,,0.306,address,nppes,1932200037,NORTHLAND ENDODONTICS PA,,"11800 ABERDEEN ST NE, SUITE 140",55449,763-772-0330,nppes,1952997421,"NODLANDMONDRY, P.L.L.C.",ABERDEEN DENTAL ASSOCIATES,11800 ABERDEEN ST NE STE 110,55449,402-560-8346,0
nppes:1932274107|osm:way/1223321522,distinct,,0.207,nearby,nppes,1932274107,SWEENDENT P.A.,,3548 NOBLE AVE N,55422,763-521-2254,osm,way/1223321522,Sween Dental,,,,,63
nppes:1932275971|osm:way/531848023,distinct,,0.225,nearby,nppes,1932275971,"PDG, P.A.",PARK DENTAL,"1895 PLAZA DR, SUITE 130",55122,651-454-2700,osm,way/531848023,Metro Dental,,1905 Plaza Drive,55122,,59
nppes:1932361474|nppes:1932361474-pl1,review,score,0.750,phone,nppes,1932361474,"MINNESOTA LEE DENTAL CLINIC, P.C.",,6240 QUINWOOD LN N STE 102,55369,763-391-7522,nppes,1932361474-pl1,"MINNESOTA LEE DENTAL CLINIC, P.C.",,"7767 ELM CREEK BLVD N, SUITE 160",55369,763-391-7522,
nppes:1932361474|nppes:1962158709,distinct,,0.384,address,nppes,1932361474,"MINNESOTA LEE DENTAL CLINIC, P.C.",,6240 QUINWOOD LN N STE 102,55369,763-391-7522,nppes,1962158709,SUNNY DENTAL P.C.,,6240 QUINWOOD LN N STE 200,55369,763-208-3210,0
nppes:1932768157|osm:node/11686430903,distinct,,0.212,address,nppes,1932768157,"BRUCE MERRY DDS, PLLC",,7890 MITCHELL RD,55344,952-937-7677,osm,node/11686430903,Evergreen Dental,,7890 Mitchell Road,55344,,59
nppes:1942018825|osm:node/6829122522,review,score,0.725,nearby+phone,nppes,1942018825,ISLES DENTAL PLLC,,2534 HENNEPIN AVE,55405,612-374-4321,osm,node/6829122522,Isles Dental,,2534 Hennepin Avenue South,,+1-612-374-4321,31
nppes:1942958301|osm:node/9018998040,review,score,0.794,address+nearby+phone,nppes,1942958301,"NORTHLAND DENTAL PARTNERS, PLLC",METRO DENTALCARE SHAKOPEE,1759 17TH AVE E,55379,952-496-2385,osm,node/9018998040,Metro Dentalcare,,1759 17th Avenue East,55379,+1-952-496-2385,132
nppes:1952028490|nppes:1972748721,distinct,,0.271,address,nppes,1952028490,"DAN B. ANG DDS, LLC",,"5851 DULUTH STREET, SUITE 313",55422,763-542-8723,nppes,1972748721,CENTENNIAL LAKES DENTAL GROUP,,5851 DULUTH ST STE 218,55422,763-544-0121,0
nppes:1952468654|nppes:1982371456,distinct,,0.293,address,nppes,1952468654,BLUE RIDGE DENTAL CENTER PA,,"11601 MINNETONKA MILLS RD, SUITE D",55305,952-938-8858,nppes,1982371456,"FACIAL DESIGNS, P.A.",,11601 MINNETONKA MILLS RD,55305,952-935-8420,0
nppes:1952582702|osm:node/11332270945,review,same place,0.329,nearby,nppes,1952582702,"LILAH SUZAN EKIM DDS, MS. PLLC",EKIM ORTHODONTICS,16190 ERIE AVE SE,55372,952-447-6077,osm,node/11332270945,Ekim Orthodontics- Prior Lake,,,,,73
nppes:1962127464|osm:node/12139088881,review,same place,0.398,nearby,nppes,1962127464,EDINA ENDODONTICS PLLC,,"3939 WEST 50TH STREET, SUITE 201",55424,952-653-4500,osm,node/12139088881,Edina Endodontics,,,,,73
nppes:1962127464|osm:node/12139088883,distinct,,0.196,nearby,nppes,1962127464,EDINA ENDODONTICS PLLC,,"3939 WEST 50TH STREET, SUITE 201",55424,952-653-4500,osm,node/12139088883,Edina Orthodontics - 50th & France,,,,,78
nppes:1962460881|osm:node/11780026077,distinct,,0.466,address+nearby,nppes,1962460881,"TOWN DENTAL, PA",,425 2ND ST,55331,952-474-6133,osm,node/11780026077,Town Dental - Excelsior,,425 2nd Street,55331,+1-952-295-1622,13
nppes:1972748721|osm:node/12704116116,distinct,,0.450,phone,nppes,1972748721,CENTENNIAL LAKES DENTAL GROUP,,5851 DULUTH ST STE 218,55422,763-544-0121,osm,node/12704116116,Centennial Lakes Dental Group,,"4800 Olson Memorial Highway, 110",55422,+1 763 544 0121,1950
nppes:1972995587|osm:way/42789254,review,same place,0.425,nearby,nppes,1972995587,"ECKART DENTAL CENTER, LLC",,300 1ST AVENUE E,55379,952-445-1352,osm,way/42789254,Eckart Dental Center,,,,,74
nppes:1982007803|osm:node/12516572195,review,score,0.650,address+nearby,nppes,1982007803,"BLAINE DENTISTRY, PC",BLAINE DENTISTRY,"1384 109TH AVE NE, SUITE 200",55434,763-757-6000,osm,node/12516572195,Blaine Dentistry,,"1384 109th Avenue Northeast, 200",55434,,63
nppes:1982311916|osm:way/958658188,auto_merge,score,0.933,address+nearby+phone,nppes,1982311916,MILL CITY DENTAL PA,,2218 LAUREL AVE,55405,612-377-3740,osm,way/958658188,Mill City Dental,,2218 Laurel Avenue West,55405,+16123773740,24
nppes:1992083125|osm:node/7089810773,review,same place,0.425,nearby,nppes,1992083125,"PIONEER DENTAL, P.A.",,4227 WINNETKA AVE N,55428,763-536-1100,osm,node/7089810773,Pioneer Dental,,,,,142
nppes:1992706550|osm:node/12139088878,distinct,,0.231,address,nppes,1992706550,HEIDI M BRANDENBURG DDS PA,,"3948 W 50TH ST, STE 201",55424,952-722-8787,osm,node/12139088878,Hälsa Edina Dental,,"3948 West 50th Street, Suite 205",55424,+1-952-922-8111,132
nppes:1992706550|osm:node/12139116012,review,same place,0.567,address+nearby,nppes,1992706550,HEIDI M BRANDENBURG DDS PA,,"3948 W 50TH ST, STE 201",55424,952-722-8787,osm,node/12139116012,"Heidi Brandenburg, DDS",,"3948 West 50th Street, Suite 201",55424,+1-952-900-2077,140
nppes:1992820153|osm:node/6611097224,distinct,,0.450,phone,nppes,1992820153,ORTHODONTIC CARE GROUP,ORTHODONTIC CARE SPECIALISTS,3401 WOODDALE AVE S,55416,952-920-1373,osm,node/6611097224,Orthodontic Care Specialists,,,,+1-952-920-1373,1700
nppes:1992822290|osm:node/5627329557,review,score,0.650,address+nearby,nppes,1992822290,"SOUTHSIDE COMMUNITY HEALTH SERVICES, INC.",SOUTHSIDE DENTAL CLINIC,4243 4TH AVE S,55409,612-822-9030,osm,node/5627329557,Southside Dental Clinic,,4243 4th Avenue South,55409,+1-877-938-9341,59
osm:node/10604807800|osm:way/526767900,distinct,,0.185,nearby,osm,node/10604807800,Metro Dentalcare,,,,,osm,way/526767900,Children's Dental Care,,,,,135
osm:node/12029268613|osm:node/5729081339,distinct,,0.219,nearby,osm,node/12029268613,Lindgren Dental Care,,,,,osm,node/5729081339,Pine Arbor Dental Care,,,,,127
osm:node/12032201393|osm:node/5728461222,distinct,,0.185,nearby,osm,node/12032201393,Metro Dentalcare,,,,,osm,node/5728461222,Integrity Dental Care,,,,,140
osm:node/12032201394|osm:node/12032201395,distinct,,0.243,nearby,osm,node/12032201394,Park Dental,,,,,osm,node/12032201395,Woodgrove Dental,,,,,12
osm:node/12138867368|osm:node/12138867396,distinct,,0.250,nearby,osm,node/12138867368,50th and France Dental Care,,,,,osm,node/12138867396,Anderson Dentalcare,,,,,35
osm:node/12138867368|osm:node/12139088880,distinct,,0.259,nearby,osm,node/12138867368,50th and France Dental Care,,,,,osm,node/12139088880,Edina Dental Care,,,,,6
osm:node/12138867396|osm:node/12139088880,distinct,,0.240,nearby,osm,node/12138867396,Anderson Dentalcare,,,,,osm,node/12139088880,Edina Dental Care,,,,,36
osm:node/12139088878|osm:node/12139088880,review,same place,0.294,nearby,osm,node/12139088878,Hälsa Edina Dental,,"3948 West 50th Street, Suite 205",55424,+1-952-922-8111,osm,node/12139088880,Edina Dental Care,,,,,112
osm:node/12139088878|osm:node/12139116012,distinct,,0.286,address,osm,node/12139088878,Hälsa Edina Dental,,"3948 West 50th Street, Suite 205",55424,+1-952-922-8111,osm,node/12139116012,"Heidi Brandenburg, DDS",,"3948 West 50th Street, Suite 201",55424,+1-952-900-2077,20
osm:node/12139088881|osm:node/12139088883,distinct,,0.267,nearby,osm,node/12139088881,Edina Endodontics,,,,,osm,node/12139088883,Edina Orthodontics - 50th & France,,,,,17
osm:node/1411811129|osm:node/8165857405,distinct,,0.097,phone,osm,node/1411811129,Snelling Avenue Dental,,,,+1-651-699-5600,osm,node/8165857405,Hamline Family Dental,,,,+1-651-699-5600,7698
osm:node/14204036046|osm:way/697893580,auto_merge,score,0.850,nearby+phone,osm,node/14204036046,Chalet Dental,,1651 Dale Street N,,+1-651-413-9150,osm,way/697893580,Chalet Dental,,1651 Dale Street North,55117,+1-651-413-9150,11
osm:node/7147762888|osm:node/7147762889,distinct,,0.260,address,osm,node/7147762888,Thayer Orthodontics,,1050 Larpenteur Avenue West,55113,+1-651-488-5622,osm,node/7147762889,St. Paul Family Dentistry,,1050 Larpenteur Avenue West,55113,+1-651-488-5522,14
osm:node/7201827393|osm:node/7201827394,distinct,,0.259,address,osm,node/7201827393,Family Dentistry,Dr Roger C Stoddard Family Dental Clinic,2480 White Bear Avenue,55109,+1-651-776-1597,osm,node/7201827394,Jensen and Jensen Periodontics - Implants,,"2480 White Bear Avenue, #201",55109,,6
osm:node/7201827393|osm:node/7201827396,distinct,,0.276,address,osm,node/7201827393,Family Dentistry,Dr Roger C Stoddard Family Dental Clinic,2480 White Bear Avenue,55109,+1-651-776-1597,osm,node/7201827396,"Orthodontics - David C Dueval, DDS, MS",,2480 White Bear Avenue,55109,,12
osm:node/7201827394|osm:node/7201827396,distinct,,0.303,address,osm,node/7201827394,Jensen and Jensen Periodontics - Implants,,"2480 White Bear Avenue, #201",55109,,osm,node/7201827396,"Orthodontics - David C Dueval, DDS, MS",,2480 White Bear Avenue,55109,,9
osm:node/7205080255|osm:way/510514973,distinct,,0.206,address+phone,osm,node/7205080255,"Dr Gloria Lopez Franco, DDS",,120 Snelling Avenue,55104,+1-651-645-6111,osm,way/510514973,Franco & Associates Family and Cosmetic Dentistry,,120 Snelling Avenue,55104,+1-651-645-6111,1185
osm:way/157489492|osm:way/157489499,distinct,,0.274,nearby,osm,way/157489492,Park Dental,,2282 Como Avenue,55108,+1-651-646-1123,osm,way/157489499,Saint Anthony Park Dental Care,,2278 Como Avenue,55108,+1-651-644-9216,12
