source,record_id,name,other_names,address,city,state,postal_code,phone,taxonomy,last_updated,latitude,longitude
nppes,1376390062,ADVANCED MEDICAL LLC,,755 QUALITY AVE N,LAKELAND,MN,55043,619-710-9543,General Practice,2024-05-01,44.958613546843,-92.777190363066
nppes,1801068358,AL M VIRGEN DMD PA,ALL SMILES DENTISTRY,"7501 80TH ST S, SUITE 2",COTTAGE GROVE,MN,55016,651-459-7888,"Dentist, General Practice",2013-10-04,44.833485121878,-92.953880506974
nppes,1043365992,"ARNOLD ORTHODONTICS, PA","THOMAS G. ARNOLD, DDS, MS",10920 175TH CT W,LAKEVILLE,MN,55044,952-892-5300,"Dentist, Orthodontics and Dentofacial Orthopedics",2020-08-22,44.695739562785,-93.286344639141
nppes,1104430289,"BATES ORTHODONTICS, PLC",,"14755 VICTOR HUGO BLVD N, STE 103",HUGO,MN,55038,651-429-0094,"Dentist, Orthodontics and Dentofacial Orthopedics",2020-09-04,45.16497590939,-93.017084045402
nppes,1154542447,BRADLEY J. NELSON D.D.S. P.A.,,363 5TH AVE N,BAYPORT,MN,55003,651-439-4115,"Dentist, General Practice",2020-08-22,45.021460904362,-92.782126450345
nppes,1225107998,BRUCE F FILSON DDS PA,FILSON GENTLE DENTISTRY,277 3RD ST N,BAYPORT,MN,55003,651-439-2352,"Dentist, General Practice",2020-08-22,45.018331803474,-92.779643175564
nppes,1891979050,CAHILL DENTAL CARE PA,,6105 CAHILL AVE,INVER GROVE HEIGHTS,MN,55076,651-451-9101,"Dentist, General Practice",2008-08-13,44.860071629846,-93.045079234786
nppes,1255369278,"CAMEO DENTAL, P.A.",,14470 CAMEO AVE,ROSEMOUNT,MN,55068,651-423-2259,"Dentist, General Practice",2013-05-08,44.739506715615,-93.128053000075
nppes,1598243990,"CARLSON DISTINCTIVE DENTISTRY, PLLC",,1701 CURVE CREST BLVD W STE 100,STILLWATER,MN,55082,651-439-8840,"Dentist, General Practice",2023-03-07,45.04027097532,-92.830261365665
nppes,1003035064,CASSANDRA L ZIRBEL DDS MS,ORTHODONTICS BY ZIRBEL,7729 79TH ST S,COTTAGE GROVE,MN,55016,651-459-6674,"Dentist, Orthodontics and Dentofacial Orthopedics",2016-11-02,44.835017877212,-92.950699449605
nppes,1356977136,"CHARYL WEINGARTEN, D.D.S., P.L.L.C",LINO LAKES FAMILY DENTISTRY,591 APOLLO DR,LINO LAKES,MN,55014,651-786-7630,"Dentist, General Practice",2020-03-12,45.182285469272,-93.115623165255
nppes,1386775450,CIRCLE PINES DENTAL P.A.,,640 CIVIC HEIGHTS DR,CIRCLE PINES,MN,55014,763-786-3432,"Dentist, General Practice",2020-08-22,45.145808996189,-93.153052690527
nppes,1588899199,COSMOPOLITAN ORTHODONTICS LLC,,17757 JUNIPER PATH,LAKEVILLE,MN,55044,951-469-3333,"Dentist, Orthodontics and Dentofacial Orthopedics",2009-05-27,44.691895423447,-93.284799675062
nppes,1093495574,"COTTAGE GROVE SMILES DENTISTRY, PC",COTTAGE GROVE SMILES DENTISTRY,7240 E POINT DOUGLAS RD S STE 150,COTTAGE GROVE,MN,55016,651-352-4628,"Dentist, General Practice",2023-07-20,44.829783191715,-92.958400325135
nppes,1467405456,"DENTAL HEALTH CENTER, DDS, PA",,19645 PILOT KNOB RD,FARMINGTON,MN,55024,651-463-2300,Dentist,2013-01-22,44.666062043462,-93.176786301344
nppes,1558431890,DENTAL SOUTH PA,,800 MARIE AVENUE,SOUTH ST PAUL,MN,55075,651-451-1277,Dentist,2019-12-02,44.890777268143,-93.131432661513
nppes,1760013015,"DENTAL SPECIALISTS OF MINNESOTA, PLLC",THE DENTAL SPECIALISTS ROSEMOUNT,15015 CIMARRON AVE,ROSEMOUNT,MN,55068,952-926-2835,"Clinic/Center, Dental",2020-01-28,44.731443409744,-93.139035422697
nppes,1346316189,"DENTAL SPECIALISTS OF MINNESOTA, PLLC",THE DENTAL SPECIALISTS HIGH POINTE,"8650 HUDSON BLVD N, SUITE 105",LAKE ELMO,MN,55042,651-714-9477,"Dentist, Endodontics",2020-01-28,44.949239035161,-92.923743954356
nppes,1710317417,"DENTAL SPECIALISTS OF MINNESOTA, PLLC",THE DENTAL SPECIALISTS,11240 STILLWATER BLVD N,LAKE ELMO,MN,55042,651-777-0210,"Dentist, Periodontics",2020-10-28,45.003456836137,-92.877836205711
nppes,1386489318,"DENTALIGN, PA",TC ORTHODONTICS,10920 175TH COURT W,LAKEVILLE,MN,55044,952-892-5300,"Dentist, Orthodontics and Dentofacial Orthopedics",2024-07-01,44.695739562785,-93.286344639141
nppes,1417881707,"DENTISTS OF LINO LAKES, PC",DENTISTS OF LINO LAKES,7705 LAKE DR,LINO LAKES,MN,55014,651-727-8101,"Dentist, General Practice",2026-06-11,45.185961677253,-93.10920911584
nppes,1114333986,"DRESEN RESTORATIVE DENTISTRY, PA",,"6936 PINE ARBOR DR S, SUITE 210",COTTAGE GROVE,MN,55016,651-735-1585,Dentist,2014-07-01,44.849229364135,-92.950538308273
nppes,1497094908,ERIC M KNAFF P.A.,,69 LAKE ST N STE 100,FOREST LAKE,MN,55025,651-464-3425,"Dentist, General Practice",2013-02-04,45.281347787819,-92.984305084598
nppes,1548442411,"FAMILY & COSMETIC GENTLE DENTISTRY, LTD",,8711 E POINT DOUGLAS RD S,COTTAGE GROVE,MN,55016,651-379-9892,"Dentist, General Practice",2008-12-05,44.815878633717,-92.929118700092
nppes,1811630551,FAMILY ORTHODONTIC SPECIALISTS PLC,WOODLAKE ORTHODONTICS ROSEMOUNT,14455 S ROBERT TRL,ROSEMOUNT,MN,55068,651-423-6302,"Dentist, Orthodontics and Dentofacial Orthopedics",2022-04-20,44.740043423251,-93.126157904777
nppes,1932842663,FAMILY ORTHODONTIC SPECIALISTS PLC,WOODLAKE ORTHODONTICS LAKE ELMO,8980 HUDSON BLVD N,LAKE ELMO,MN,55042,651-501-1467,"Dentist, Orthodontics and Dentofacial Orthopedics",2022-04-20,44.94925487066,-92.924032897307
nppes,1871106393,FOREST LAKE ENDODONTICS,FOREST LAKE ENDODONTICS,1420 LAKE ST S STE 200,FOREST LAKE,MN,55025,651-464-9888,"Dentist, Endodontics",2020-09-08,45.266304657282,-92.983631276811
nppes,1023452638,FOREST LAKE ORTHODONTICS,"TRAVIS W. WILLE, DDS, MS","25 LAKE ST N, SUITE 135",FOREST LAKE,MN,55025,651-464-1151,"Dentist, Orthodontics and Dentofacial Orthopedics",2013-04-25,45.280422027878,-92.984662813452
nppes,1790776144,G2 DENTAL,,"1068 LAKE ST S, #209",FOREST LAKE,MN,55025,651-464-2248,Dentist,2020-08-22,45.268719855578,-92.983629904485
nppes,1821079583,G2 SOUTH,,5846 BLACKSHIRE PATH,INVER GROVE HEIGHTS,MN,55016,651-389-1133,Dentist,2020-08-22,44.863840311817,-93.054068104065
nppes,1023127388,G2 SOUTH PLLC,,5846 BLACKSHIRE PATH,INVER GROVE HEIGHTS,MN,55076,651-389-1133,Dentist,2008-08-13,44.863840311817,-93.054068104065
nppes,1346320595,"GARY L BERGH DDS, PA",,7555 CLOMAN WAY,INVER GROVE HEIGHTS,MN,55076,651-455-2644,"Dentist, General Practice",2020-08-22,44.840091759064,-93.03256872012
nppes,1710054986,GLEN OAKS DENTAL PLLP,,"2 S PINE DR, STE M",CIRCLE PINES,MN,55014,763-786-8460,"Dentist, General Practice",2020-08-22,45.148252867261,-93.15040130378
nppes,1770702714,"GOSSAI & KNUTSON, DDS, PA",SOUTHILL DENTAL GROUP PA,"2850 CURVE CREST BLVD W, SUITE 200",STILLWATER,MN,55082,651-439-9400,"Dentist, General Practice",2013-04-02,45.036942513511,-92.849031536499
nppes,1891442174-pl1,"GREAT RIVER ORTHODONTIC SPECIALISTS, SC",ROSS ORTHODONTICS,368 LAKE ST S STE 101,FOREST LAKE,MN,55025,651-464-6988,"Dentist, Orthodontics and Dentofacial Orthopedics",2022-03-07,45.274894800664,-92.984001686461
nppes,1992915649,"GROUP HEALTH PLAN, INC",THREE RIVERS DENTAL CARE,1395 CURVE CREST BLVD W,STILLWATER,MN,55082,651-430-0036,Dentist,2014-12-29,,
nppes,1700975216,"GROUP HEALTH PLAN, INC.",THREE RIVERS ORTHODONTICS,1395 CURVE CREST BLVD,STILLWATER,MN,55082,651-439-1966,"Dentist, Orthodontics and Dentofacial Orthopedics",2014-12-29,,
nppes,1093261190,"GROUP HEALTH, INC.",,8515 EAGLE POINT BLVD,LAKE ELMO,MN,55042,651-523-9950,Dentist,2026-08-14,44.952754720525,-92.929631698793
nppes,1225629017,"GROUP HEALTH, INC.",HEALTHPARTNERS SPECIALTY DENTAL,2500 COMO AVE,SAINT PAUL,MN,55108,651-647-2500,"Dentist, Oral and Maxillofacial Surgery",2026-08-14,,
nppes,1225629017-pl1,"GROUP HEALTH, INC.",HEALTHPARTNERS SPECIALTY DENTAL,8515 EAGLE POINT BLVD STE 200,LAKE ELMO,MN,55042,651-523-9950,"Dentist, Oral and Maxillofacial Surgery",2026-08-14,44.952754720525,-92.929631698793
nppes,1225629017-pl2,"GROUP HEALTH, INC.",HEALTHPARTNERS SPECIALTY DENTAL,8455 FLYING CLOUD DR,EDEN PRAIRIE,MN,55344,952-883-9040,"Dentist, Oral and Maxillofacial Surgery",2026-08-14,44.850225963965,-93.434356676454
nppes,1225629017-pl3,"GROUP HEALTH, INC.",HEALTHPARTNERS SPECIALTY DENTAL,8600 NICOLLET AVE S,BLOOMINGTON,MN,55420,952-541-2888,"Dentist, Oral and Maxillofacial Surgery",2026-08-14,44.847881872495,-93.278493009994
nppes,1316538101,"GROUP HEALTH, INC.",HEALTHPARTNERS PEDIATRIC DENTAL,205 WABASHA ST S,SAINT PAUL,MN,55107,651-293-8300,"Dentist, Pediatric Dentistry",2026-08-14,44.937268517691,-93.087772526408
nppes,1316538101-pl1,"GROUP HEALTH, INC.",HEALTHPARTNERS PEDIATRIC DENTAL,5901 JOHN MARTIN DR,BROOKLYN CENTER,MN,55430,763-585-8700,"Dentist, Pediatric Dentistry",2026-08-14,45.063737237841,-93.308781321977
nppes,1316538101-pl2,"GROUP HEALTH, INC.",HEALTHPARTNERS PEDIATRIC DENTAL,8515 EAGLE POINT BLVD STE 200,LAKE ELMO,MN,55042,651-523-9950,"Dentist, Pediatric Dentistry",2026-08-14,44.952754720525,-92.929631698793
nppes,1316538101-pl3,"GROUP HEALTH, INC.",HEALTHPARTNERS PEDIATRIC DENTAL,15290 PENNOCK LN,APPLE VALLEY,MN,55124,952-431-8583,"Dentist, Pediatric Dentistry",2026-08-14,44.72945408913,-93.222600395602
nppes,1013062462,"GROUP HEALTH, INC.",HEALTHPARTNERS INVER GROVE DENTAL CLINIC,5625 CENEX DR,INVER GROVE,MN,55077,651-552-1752,"Dentist, General Practice",2026-08-14,44.868032299874,-93.061886903175
nppes,1083789507,"GROVE ENDODONTICS, P.A.",,"8811 92ND ST S, SUITE 109",COTTAGE GROVE,MN,55016,651-768-8180,"Dentist, Endodontics",2020-08-22,44.815517867169,-92.914779737349
nppes,1992868921,HARMS-TRI DENTAL,RIVERS EDGE DENTAL CLINIC,213 1ST ST,FARMINGTON,MN,55024,651-463-7777,"Dentist, General Practice",2008-01-22,44.641377706671,-93.148478048517
nppes,1790822690,HASTINGS DENTAL ASSOCIATES,,106 6TH ST W,HASTINGS,MN,55033,651-437-9812,"Dentist, General Practice",2020-08-22,44.740338715898,-92.852775944699
nppes,1295284701,HENSELER ORTHODONTICS,,2850 CURVE CREST BLVD W,STILLWATER,MN,55082,651-439-8909,"Dentist, Orthodontics and Dentofacial Orthopedics",2016-09-26,45.036942513511,-92.849031536499
nppes,1134284631,HUGO DENTAL CARE PA,,5677 147TH ST N,HUGO,MN,55038,651-426-1639,Dentist,2020-08-22,45.163478179981,-92.991777943407
nppes,1730734708,IDEAL DENTAL PLLC,,2130 CLIFF RD STE 107,EAGAN,MN,55122,651-452-3112,"Dentist, General Practice",2019-08-07,44.790150983491,-93.216190500761
nppes,1417070509,IMMANUEL DENTAL,,321 THIRD STREET,FARMINGTON,MN,55024,651-463-2880,Dentist,2022-03-25,44.640112109156,-93.145110474787
nppes,1255491866,"INTEGRITY DENTAL CARE, P.A.",,7500 80TH ST S,COTTAGE GROVE,MN,55016,651-459-3039,Dentist,2008-01-02,44.83371595312,-92.954310757125
nppes,1578781050,"INTEGRITY DENTAL CARE, P.A.",,126 MAIN ST N,STILLWATER,MN,55082,651-439-3637,"Dentist, General Practice",2008-01-02,45.056796731108,-92.806323879204
nppes,1720621451,ISLA PLLC,WASHINGTON SQUARE DENTAL,4754 WASHINGTON SQ,WHITE BEAR LAKE,MN,55110,651-353-6652,"Dentist, General Practice",2019-10-25,45.085262962912,-93.008995218779
nppes,1255136560,"JOSEPH HORST, DDS, PLLC",,5972 CAHILL AVE STE 109,INVER GROVE HEIGHTS,MN,55076,651-450-1602,"Dentist, General Practice",2025-03-03,44.863370304669,-93.042259434033
nppes,1124618962,JT DENTAL GROUP PLLC,,15180 CHIPPENDALE AVE W,ROSEMOUNT,MN,55068,651-423-1900,"Dentist, General Practice",2021-01-26,44.728265566715,-93.136362800193
nppes,1568569416,KATHERINE V. CONWAY D.D.S. P. A,HASTINGS FAMILY DENTAL CARE,"955 HIGHWAY 55, SUITE 6",HASTINGS,MN,55033,651-437-9764,"Dentist, General Practice",2015-05-28,44.738221755737,-92.864014157413
nppes,1811314172,KRISTIN A NELSON DDS PA,,15031 CRESTONE AVE W,ROSEMOUNT,MN,55068,651-322-7373,"Dentist, General Practice",2014-03-25,44.731059351164,-93.144151579325
nppes,1881849636,LAKE MARION DENTAL CARE,,19950 DODD BLVD,LAKEVILLE,MN,55044,952-985-8885,"Dentist, General Practice",2008-11-20,44.660697102933,-93.252701603388
nppes,1255490389,LAKES DENTAL ASSOC PA,LAKES DENTAL CLINIC,956 WEST BROADWAY,FOREST LAKE,MN,55025,651-464-7277,Dentist,2020-08-22,45.279297371846,-92.995810444321
nppes,1053614867,"LAKEVILLE DENTAL ASSOCIATES, PA",,20171 ICENIC TRL,LAKEVILLE,MN,55044,952-469-3300,"Dentist, General Practice",2011-10-17,44.657699511332,-93.254841685475
nppes,1063288017,"LAKEVILLE FAMILY DENTAL CENTER, P.L.L.C.",,16372 KENRICK AVE STE 200,LAKEVILLE,MN,55044,952-435-5905,"Dentist, General Practice",2023-11-30,44.712320754834,-93.279837783108
nppes,1255442620,LAKEVILLE FAMILY DENTAL CENTRE PA,,16375 KENRICK AVE STE 200,LAKEVILLE,MN,55044,952-435-5905,"Dentist, General Practice",2020-08-22,44.712265471874,-93.281492913468
nppes,1003093485,LAKEVILLE ORTHODONTIC ASSOCIATES LLC,,"10440 185TH ST W, SUITE 300",LAKEVILLE,MN,55044,952-435-4000,"Dentist, Orthodontics and Dentofacial Orthopedics",2008-01-28,44.681313135433,-93.277013996859
nppes,1710108022,LAND OF LAKES ENDODONTICS PA,,2850 CURVE CREST BLVD W STE 115,STILLWATER,MN,55082,651-439-8764,"Dentist, Endodontics",2016-02-16,45.036942513511,-92.849031536499
nppes,1235583832,"LE M. HO, D.D.S., P.A.",ROSEMOUNT FAMILY DENTISTRY,14590 S ROBERT TRL,ROSEMOUNT,MN,55068,651-423-3993,"Dentist, General Practice",2016-04-20,44.738115225817,-93.12600723397
nppes,1083178149,LIFT DENTAL PLLC,,124 2ND ST S STE 101,STILLWATER,MN,55082,651-439-4945,"Dentist, Dental Public Health",2019-03-01,45.056090209071,-92.807502157378
nppes,1720647589,LINDGREN DENTAL CARE PLLC,LINDGREN DENTAL CARE,6936 PINE ARBOR DR S STE 210,COTTAGE GROVE,MN,55016,651-769-1000,"Dentist, General Practice",2019-06-06,44.849229364135,-92.950538308273
nppes,1124262514,LINO LAKES FAMILY DENTISTRY,,591 APOLLO DR,LINO LAKES,MN,55014,651-786-7630,"Dentist, General Practice",2009-04-29,45.182285469272,-93.115623165255
nppes,1275969263,MAHTOMEDI DENTAL P.C.,GRACE DENTAL,12425 55TH ST N,LAKE ELMO,MN,55042,651-430-1020,Dentist,2013-09-23,45.028700325068,-92.854888598583
nppes,1447193297-pl1,MCFARLAND PLLC,,7501 80TH ST S STE 110,COTTAGE GROVE,MN,55016,651-459-7888,"Dentist, General Practice",2026-04-14,44.833485121878,-92.953880506974
nppes,1447193297-pl2,MCFARLAND PLLC,,8414 FILLMORE ST NE,SPRING LAKE PARK,MN,55432,763-792-6672,"Dentist, General Practice",2026-04-14,45.120648300976,-93.243380059692
nppes,1326650961,MCGANN FAMILY DENTAL,MCGANN FAMILY DENTAL,8981 33RD ST N,LAKE ELMO,MN,55042,651-777-1337,Dentist,2020-08-17,,
nppes,1316913411,"METRO DENTALCARE, PLC",,17597 CEDAR AVE,LAKEVILLE,MN,55044,952-431-6600,Dentist,2020-08-22,,
nppes,1477634343,"METROPOLITAN ENDODONTICS, LTD.",,2125 UPPER 55TH ST E,INVER GROVE HEIGHTS,MN,55077,952-435-0370,"Dentist, Endodontics",2013-03-20,44.86632862206,-93.064446563234
nppes,1760686984,MILLIREN FAMILY DENTISTRY,,"925 HIGHWAY 55, SUITE 102",HASTINGS,MN,55033,651-437-7844,"Dentist, General Practice",2020-08-22,44.738227446136,-92.863359458175
nppes,1114781739,"MINNESOTA DENTAL PROFESSIONALS, P.C.",BLUE HERON DENTAL CARE,601 APOLLO DR STE 110,LINO LAKES,MN,55014,763-542-3765,"Dentist, General Practice",2024-07-24,,
nppes,1619451192,"MINNESOTA DENTAL PROFESSIONALS, P.C.",SOUTHWEST DENTAL CARE,107 12TH ST SW STE 2,FOREST LAKE,MN,55025,612-261-4998,"Dentist, General Practice",2018-12-17,45.27812534003,-92.998722188843
nppes,1043715204,"MINNESOTA DENTAL PROFESSIONALS, P.C.",PILOT KNOB DENTAL CARE,16138 PILOT KNOB RD,LAKEVILLE,MN,55044,952-679-7779,Dentist,2018-06-05,44.715479583471,-93.1767263201
nppes,1043715204-pl1,"MINNESOTA DENTAL PROFESSIONALS, P.C.",PILOT KNOB DENTAL CARE,16138 PILOT KNOB RD,LAKEVILLE,MN,55044,612-354-8875,Dentist,2018-06-05,44.715479583471,-93.1767263201
nppes,1427623966,"MINNESOTA DENTAL PROFESSIONALS, P.C.",PINE ARBOR DENTAL CARE,6939 PINE ARBOR DR S STE 104,COTTAGE GROVE,MN,55016,651-459-3514,"Dentist, General Practice",2021-05-26,44.849139635448,-92.950428075607
nppes,1578505152,MINNESOTA ORTHODONTICS,NORTHFIELD ORTHODONTICS,3100 WOODBURY DR,WOODBURY,MN,55129,651-714-4987,"Dentist, Orthodontics and Dentofacial Orthopedics",2020-09-15,44.905344171906,-92.903517020838
nppes,1578505152-pl1,MINNESOTA ORTHODONTICS,NORTHFIELD ORTHODONTICS,1004 DIFFLEY RD STE 400,EAGAN,MN,55123,651-450-7273,"Dentist, Orthodontics and Dentofacial Orthopedics",2020-09-15,44.804556671864,-93.139289232057
nppes,1578505152-pl2,MINNESOTA ORTHODONTICS,NORTHFIELD ORTHODONTICS,14643 MERCANTILE DR N STE 113,HUGO,MN,55038,651-450-7273,"Dentist, Orthodontics and Dentofacial Orthopedics",2020-09-15,,
nppes,1578505152-pl3,MINNESOTA ORTHODONTICS,NORTHFIELD ORTHODONTICS,1004 DIFFLEY RD STE 400,EAGAN,MN,55123,651-450-7273,"Dentist, Orthodontics and Dentofacial Orthopedics",2020-09-15,44.804556671864,-93.139289232057
nppes,1578505152-pl4,MINNESOTA ORTHODONTICS,NORTHFIELD ORTHODONTICS,14643 MERCANTILE DR N STE 113,HUGO,MN,55038,651-450-7273,"Dentist, Orthodontics and Dentofacial Orthopedics",2020-09-15,,
nppes,1578505152-pl5,MINNESOTA ORTHODONTICS,NORTHFIELD ORTHODONTICS,750 MAIN ST STE 217,MENDOTA HEIGHTS,MN,55118,651-450-7273,"Dentist, Orthodontics and Dentofacial Orthopedics",2020-09-15,44.88467233172,-93.120716565629
nppes,1578505152-pl6,MINNESOTA ORTHODONTICS,NORTHFIELD ORTHODONTICS,16106 PILOT KNOB RD STE 120,LAKEVILLE,MN,55044,651-450-7273,"Dentist, Orthodontics and Dentofacial Orthopedics",2020-09-15,44.715973746657,-93.176733001207
nppes,1578505152-pl7,MINNESOTA ORTHODONTICS,NORTHFIELD ORTHODONTICS,7864 CENTURY BLVD,CHANHASSEN,MN,55317,651-450-7273,"Dentist, Orthodontics and Dentofacial Orthopedics",2020-09-15,44.862376738311,-93.5909092083
nppes,1962645051,MINNESOTA ORTHODONTICS AND DENTOFACIAL ORTHOPEDICS PA,,1745 N FRONTAGE RD,HASTINGS,MN,55033,651-450-7273,"Dentist, Orthodontics and Dentofacial Orthopedics",2021-02-03,44.739393158993,-92.890782938748
nppes,1699918789,MINNESOTA ORTHODONTICS AND DENTOFACIAL ORTHOPEDICS PA,,7810 CAHILL AVE,INVER GROVE HEIGHTS,MN,55076,651-450-7273,"Dentist, Orthodontics and Dentofacial Orthopedics",2020-09-15,44.836157051212,-93.042302314523
nppes,1437403953,"MODERN CARE ENDODONTICS, LLC",,18572 JOPLIN AVENUE,LAKEVILLE,MN,55044,952-920-4400,"Dentist, Endodontics",2012-11-06,44.680553465915,-93.280596475563
nppes,1861714792,MODERN DENTAL PROFESSIONALS MINNESOTA PC,MIDWEST DENTAL,"925 HIGHWAY 55, SUITE #102",HASTINGS,MN,55033,651-437-7844,Dentist,2010-02-19,44.738227446136,-92.863359458175
nppes,1952546160,"MODERN DENTAL PROFESSIONALS, MINNESOTA PC",MIDWEST DENTAL - SOUTH ST. PAUL,680 SOUTHVIEW BLVD.,SOUTH SAINT PAUL,MN,55075,651-455-2297,"Dentist, General Practice",2008-12-03,44.888951426695,-93.042099309047
nppes,1104147735,"MODERN DENTAL PROFESSIONALS, MINNESOTA PC",MIDWEST DENTAL,1853 MAIN ST,CENTERVILLE,MN,55038,651-653-3272,Dentist,2010-06-17,45.163983235221,-93.04844410731
nppes,1770939613,"MODERN DENTAL PROFESSIONALS, MN PC",MIDWEST DENTAL FARMINGTON,"20700 CHIPPENDALE AVE W, SUITE 10",FARMINGTON,MN,55024,651-315-8229,"Dentist, General Practice",2016-05-10,44.648176967471,-93.136584363049
nppes,1467112037,"NATHAN J. JENSEN, DMD, PLLC",FILSON GENTLE DENTISTRY,277 3RD ST N,BAYPORT,MN,55003,651-439-2352,Dentist,2021-12-23,45.018331803474,-92.779643175564
nppes,1225788953,"NORTHLAND DENTAL PARTNERS, PLLC",CEDARVIEW DENTAL CARE,17597 CEDAR AVE,LAKEVILLE,MN,55044,952-431-6600,"Dentist, General Practice",2025-11-21,,
nppes,1366190738,"NORTHLAND DENTAL PARTNERS, PLLC",METRO DENTALCARE: INVER GROVE HEIGHTS,9042 CAHILL AVE,INVER GROVE HEIGHTS,MN,55076,651-457-8282,"Dentist, General Practice",2022-03-15,,
nppes,1568110997,"NORTHLAND DENTAL PARTNERS, PLLC",METRO DENTALCARE LAKELAND,44 SAINT CROIX TRL S STE 100,LAKELAND,MN,55043,651-436-5177,"Dentist, General Practice",2022-03-15,44.94905508288,-92.771012086455
nppes,1265180699,"NORTHLAND DENTAL PARTNERS, PLLC",METRO DENTALCARE LAKEVILLE IDEALIC,20143 IDEALIC AVE,LAKEVILLE,MN,55044,952-303-7012,"Dentist, General Practice",2022-03-15,44.657657108662,-93.249795292542
nppes,1578211991,"NORTHLAND DENTAL PARTNERS, PLLC",METRO DENTALCARE COTTAGE GROVE,7430 80TH ST S STE 201,COTTAGE GROVE,MN,55016,651-459-2232,"Dentist, General Practice",2022-03-15,44.833689998652,-92.956572113189
nppes,1023173531,OAKRIDGE DENTAL CENTER,,13481 60TH ST N,STILLWATER,MN,55082,651-430-9990,"Dentist, General Practice",2020-08-22,45.035757385211,-92.834021604912
nppes,1063974780,"ODONTOTECH, PC",LEON ORTHODONTICS,5870 BLACKSHIRE PATH,INVER GROVE HEIGHTS,MN,55076,651-433-7200,"Dentist, Orthodontics and Dentofacial Orthopedics",2019-05-13,44.863403491677,-93.054456278789
nppes,1487245239,ORCHIN SMILES PLLC,,1395 CURVE CREST BLVD W,STILLWATER,MN,55082,516-333-6162,"Dentist, Orthodontics and Dentofacial Orthopedics",2021-02-02,,
nppes,1609990449,ORTHODONTIC CARE GROUP,ORTHODONTIC CARE SPECIALISTS,310 DIVISION ST,FARMINGTON,MN,55024,651-463-2800,"Dentist, Orthodontics and Dentofacial Orthopedics",2022-07-21,44.640252704779,-93.150765446745
nppes,1386768851,ORTHODONTIC CARE GROUP,ORTHODONTIC CARE SPECIALISTS,5625 CENEX DR,INVER GROVE HEIGHTS,MN,55077,651-552-2675,"Dentist, Orthodontics and Dentofacial Orthopedics",2022-07-21,44.868032299874,-93.061886903175
nppes,1477677946,ORTHODONTIC CARE GROUP,ORTHODONTIC CARE SPECIALISTS,8980 HUDSON BLVD N,LAKE ELMO,MN,55042,651-501-1467,"Dentist, Orthodontics and Dentofacial Orthopedics",2022-07-21,44.94925487066,-92.924032897307
nppes,1316062557,ORTHODONTIC CARE GROUP,ORTHODONTIC CARE SPECIALISTS,14455 SOUTH ROBERT TRAIL,INVER GROVE HEIGHTS,MN,55068,651-423-6302,"Dentist, Orthodontics and Dentofacial Orthopedics",2022-07-21,44.740043423251,-93.126157904777
nppes,1649692864,"ORTHODONTIC CARE SPECIALISTS, PLLC",ORTHODONTIC CARE SPECIALISTS,20143 IDEALIC AVE.,LAKEVILLE,MN,55044,952-432-2682,"Dentist, Orthodontics and Dentofacial Orthopedics",2014-01-07,44.657657108662,-93.249795292542
nppes,1023681152,"ORTHODONTIC PARTNERS OF MINNESOTA, PLLC",DUNN ORTHODONTICS,650 COMMERCE DR STE 170,WOODBURY,MN,55125,651-738-3866,"Dentist, Orthodontics and Dentofacial Orthopedics",2023-08-30,,
nppes,1023681152-pl1,"ORTHODONTIC PARTNERS OF MINNESOTA, PLLC",DUNN ORTHODONTICS,6936 PINE ARBOR DR S STE 220,COTTAGE GROVE,MN,55016,651-738-3866,"Dentist, Orthodontics and Dentofacial Orthopedics",2023-08-30,44.849229364135,-92.950538308273
nppes,1538219746,ORTHODONTIC SPECIALISTS,JEANNE M GAU,"20174 HERITAGE DRIVE, LAKEVILLE",LAKEVILLE,MN,55044,952-469-6760,"Dentist, Orthodontics and Dentofacial Orthopedics",2020-08-22,44.657374330586,-93.247867019613
nppes,1295227247,"ORTHODONTIC SPECIALISTS OF MINNESOTA, P.L.L.C.",THE DENTAL SPECIALISTS- ORTHODONTICS,8650 HUDSON BLVD N STE 105,LAKE ELMO,MN,55042,651-268-2992,"Dentist, Orthodontics and Dentofacial Orthopedics",2020-10-28,44.949239035161,-92.923743954356
nppes,1760540280,"PDG, P.A",PARK DENTAL,8980 HUDSON BLVD N,LAKE ELMO,MN,55042,651-735-9057,"Dentist, General Practice",2020-10-28,44.94925487066,-92.924032897307
nppes,1710045117,"PDG, P.A.",PARK DENTAL,5350 S ROBERT TRL,INVER GROVE HEIGHTS,MN,55077,651-450-9579,"Dentist, General Practice",2020-10-28,44.871469920092,-93.080317586767
nppes,1497348239-pl1,PERIODONTAL CENTER,THE PERIODONTAL CENTER,7791 79TH ST S,COTTAGE GROVE,MN,55016,715-690-3050,"Dentist, Periodontics",2021-02-12,44.835018730399,-92.949582701214
nppes,1720199953,PETERSEN FAMILY DENTAL CLINIC PA,ELKO-NEW MARKET DENTAL CLINIC,"9202 202ND ST W, SUITE 201",LAKEVILLE,MN,55044,952-469-2818,"Dentist, General Practice",2020-08-22,44.655927579637,-93.251183111695
nppes,1770138323,POLYCARP DENTAL PLC,,1465 N FRONTAGE RD,HASTINGS,MN,55033,651-273-8132,"Dentist, General Practice",2023-06-21,44.738667011815,-92.884904843626
nppes,1215673454,PROPER SLEEP EAST METRO PLLC,,6936 PINE ARBOR DR S STE 210,COTTAGE GROVE,MN,55016,651-769-1000,"Durable Medical Equipment & Medical Supplies, Customized Equipment",2022-05-10,44.849229364135,-92.950538308273
nppes,1154989507,RED OAK FAMILY DENTAL,,9939 HUDSON BLVD N # 107,LAKE ELMO,MN,55042,651-300-2334,"Dentist, General Practice",2019-05-31,44.95099138332,-92.905133165887
nppes,1225194541,RIVER PINES DENTAL PA,,"925 HIGHWAY 55, SUITE 104",HASTINGS,MN,55023,651-437-5340,Dentist,2020-08-22,44.738227446136,-92.863359458175
nppes,1083880108,"RIVER VALLEY DENTAL, P.A.",,1260 N FRONTAGE RD,HASTINGS,MN,55033,651-437-1940,Dentist,2014-12-05,44.738645736934,-92.876311547016
nppes,1013001031,RIVER VALLEY ENDODONTICS PA,,2600 WILD PINES LANE,STILLWATER,MN,55082,651-439-8085,"Dentist, Endodontics",2020-08-22,45.04326734595,-92.839695726057
nppes,1689988164,ROBERT M. HARPER DDS,,5766 BLACKSHIRE PATH,INVER GROVE HEIGHTS,MN,55076,651-457-6686,"Dentist, General Practice",2010-07-27,44.864903942181,-93.052823765779
nppes,1851471460,ROSEMOUNT FAMILY DENTISTRY PA,,14590 SOUTH ROBERT TRAIL,ROSEMOUNT,MN,55068,651-423-3993,"Dentist, General Practice",2020-08-22,44.738115225817,-93.12600723397
nppes,1588094171,ROSSODONTICS DENTAL SLEEP MEDICINE,,368 LAKE ST S STE 101,FOREST LAKE,MN,55025,651-464-6988,"Dentist, Orthodontics and Dentofacial Orthopedics",2024-01-04,45.274894800664,-92.984001686461
nppes,1821498858,SARAH L CARLSON DDS PA,NORTHSTAR DENTAL CLINIC,675 E NICOLLET BLVD STE 120,BURNSVILLE,MN,55337,952-892-7700,"Dentist, General Practice",2014-08-27,44.751676444374,-93.267034161046
nppes,1194886630,SCANDIA FAMILY DENTAL PA,,21080 OLINDA TRAIL N,SCANDIA,MN,55073,651-433-2655,Dentist,2020-08-22,45.254420569069,-92.80555876444
nppes,1669972063,SLETTEN & BRETTIN ORTHODONTICS,,9950 VALLEY CREEK RD STE 150,WOODBURY,MN,55125,651-756-1123,"Dentist, Orthodontics and Dentofacial Orthopedics",2018-02-13,44.919971695746,-92.904456752309
nppes,1255974325-pl1,SMILE DOCTORS OF MINNESOTA PC,,14065 ESSEX AVE,APPLE VALLEY,MN,55124,952-423-1909,"Dentist, Orthodontics and Dentofacial Orthopedics",2024-12-30,44.746080775938,-93.171805185139
nppes,1255974325-pl3,SMILE DOCTORS OF MINNESOTA PC,,3340 SHERMAN CT STE 200,EAGAN,MN,55121,651-406-8100,"Dentist, Orthodontics and Dentofacial Orthopedics",2024-12-30,44.837184981659,-93.164406881105
nppes,1255974325-pl4,SMILE DOCTORS OF MINNESOTA PC,,1668 COPE AVE E,MAPLEWOOD,MN,55109,651-777-7300,"Dentist, Orthodontics and Dentofacial Orthopedics",2024-12-30,45.00997014914,-93.031107217724
nppes,1255974325-pl7,SMILE DOCTORS OF MINNESOTA PC,,1696 GRAND AVE,SAINT PAUL,MN,55105,651-699-2013,"Dentist, Orthodontics and Dentofacial Orthopedics",2024-12-30,44.940027015666,-93.172312388011
nppes,1255974325-pl8,SMILE DOCTORS OF MINNESOTA PC,,4535 HODGSON RD STE 700,SHOREVIEW,MN,55126,651-765-1945,"Dentist, Orthodontics and Dentofacial Orthopedics",2024-12-30,45.078518084712,-93.116859491746
nppes,1255974325-pl9,SMILE DOCTORS OF MINNESOTA PC,,1820 MARKET DR,STILLWATER,MN,55082,651-439-3350,"Dentist, Orthodontics and Dentofacial Orthopedics",2024-12-30,,
nppes,1356854442,SMILE ORTHODONTICS STILLWATER LLC,SMILE ORTHODONTICS|SM:)E ORTHO,2224 HENNEPIN AVE,MINNEAPOLIS,MN,55405,651-351-7777,"Dentist, Orthodontics and Dentofacial Orthopedics",2025-12-10,44.960253338825,-93.293311169752
nppes,1356854442-pl1,SMILE ORTHODONTICS STILLWATER LLC,SMILE ORTHODONTICS|SM:)E ORTHO,266 E TRAVELERS TRL STE 105,BURNSVILLE,MN,55337,651-351-7777,"Dentist, Orthodontics and Dentofacial Orthopedics",2025-12-10,44.775661186368,-93.27391747378
nppes,1356854442-pl2,SMILE ORTHODONTICS STILLWATER LLC,SMILE ORTHODONTICS|SM:)E ORTHO,1670 BEAM AVE STE 202,MAPLEWOOD,MN,55109,651-351-7777,"Dentist, Orthodontics and Dentofacial Orthopedics",2025-12-10,45.027973239535,-93.02972387341
nppes,1356854442-pl3,SMILE ORTHODONTICS STILLWATER LLC,SMILE ORTHODONTICS|SM:)E ORTHO,105 NEW ENGLAND PL STE 120,STILLWATER,MN,55082,650-351-7777,"Dentist, Orthodontics and Dentofacial Orthopedics",2025-12-10,45.056029543716,-92.860915596286
nppes,1356854442-pl4,SMILE ORTHODONTICS STILLWATER LLC,SMILE ORTHODONTICS|SM:)E ORTHO,3007 LYNDALE AVE S,MINNEAPOLIS,MN,55408,651-351-7777,"Dentist, Orthodontics and Dentofacial Orthopedics",2025-12-10,44.94820600302,-93.288014995303
nppes,1356854442-pl5,SMILE ORTHODONTICS STILLWATER LLC,SMILE ORTHODONTICS|SM:)E ORTHO,2150 3RD AVE STE 200,ANOKA,MN,55303,651-351-7777,"Dentist, Orthodontics and Dentofacial Orthopedics",2025-12-10,45.199674362766,-93.387120186731
nppes,1356854442-pl7,SMILE ORTHODONTICS STILLWATER LLC,SMILE ORTHODONTICS|SM:)E ORTHO,3197 NORTHDALE BLVD NW,COON RAPIDS,MN,55433,651-351-7777,"Dentist, Orthodontics and Dentofacial Orthopedics",2025-12-10,45.187069498912,-93.345008271186
nppes,1356854442-pl9,SMILE ORTHODONTICS STILLWATER LLC,SMILE ORTHODONTICS|SM:)E ORTHO,11995 SINGLETREE LN STE 110,EDEN PRAIRIE,MN,55344,651-351-7777,"Dentist, Orthodontics and Dentofacial Orthopedics",2025-12-10,44.856845699277,-93.429225212556
nppes,1356854442-pl10,SMILE ORTHODONTICS STILLWATER LLC,SMILE ORTHODONTICS|SM:)E ORTHO,1670 BEAM AVE STE 203,MAPLEWOOD,MN,55109,651-351-7777,"Dentist, Orthodontics and Dentofacial Orthopedics",2025-12-10,45.027973239535,-93.02972387341
nppes,1356854442-pl13,SMILE ORTHODONTICS STILLWATER LLC,SMILE ORTHODONTICS|SM:)E ORTHO,8980 HUDSON BLVD N,LAKE ELMO,MN,55042,651-351-7777,"Dentist, Orthodontics and Dentofacial Orthopedics",2025-12-10,44.94925487066,-92.924032897307
nppes,1386166734,"SOUTHRIDGE DENTAL, PA",,1320 MENDOTA RD,INVER GROVE HEIGHTS,MN,55077,651-451-1884,Dentist,2022-07-21,44.883482212969,-93.071486890581
nppes,1295859676,ST CROIX VALLEY DENTAL PLLC,CITY WALK DENTAL,"10035 CITY WALK DR, STE A LAKE ELMO DENTAL",LAKE ELMO,MN,55042,651-714-5555,Dentist,2020-08-22,,
nppes,1891885000,ST CROIX VALLEY DENTAL PLLC,LAKE ELMO DENTAL,11240 STILLWATER BLVD N,LAKE ELMO,MN,55128,651-777-0210,Dentist,2020-08-22,45.003456836137,-92.877836205711
nppes,1508042672,ST FRANCIS DENTAL CARE PA,,3715 BRIDGE ST,ST FRANCIS,MN,55070,763-753-1900,"Dentist, General Practice",2008-01-18,45.38702562112,-93.360113830772
nppes,1952709420,ST. CROIX ENDODONTICS,,"25 LAKE ST N, SUITE 110",FOREST LAKE,MN,55025,651-464-7388,"Dentist, Endodontics",2020-11-23,45.280422027878,-92.984662813452
nppes,1790389005,ST. CROIX ENDODONTICS,ST. CROIX ENDODONTICS,11855 ULYSSES ST NE STE 260,BLAINE,MN,55434,763-767-9119,"Dentist, Endodontics",2020-11-30,45.186033861558,-93.237399512278
nppes,1790389005-pl1,ST. CROIX ENDODONTICS,ST. CROIX ENDODONTICS,25 LAKE ST N STE 110,FOREST LAKE,MN,55025,651-464-7388,"Dentist, Endodontics",2020-11-30,45.280422027878,-92.984662813452
nppes,1629199617,"ST. CROIX ENDODONTICS, P.A.",,11945 CENTRAL AVE NE,BLAINE,MN,55434,763-767-9119,"Dentist, Endodontics",2020-08-22,45.186116460371,-93.234442157373
nppes,1184878431,ST. CROIX VALLEY DENTAL,ONEKA DENTAL,"14643 MERCANTILE DR N, SUITE 113",HUGO,MN,55038,651-407-0999,Dentist,2008-11-13,,
nppes,1689842841,"ST. CROIX VALLEY DENTAL, PLLC",NORTHERN ORTHODONTICS,13961 60TH ST N,STILLWATER,MN,55082,651-351-7777,"Dentist, Orthodontics and Dentofacial Orthopedics",2008-02-11,45.035637358393,-92.823591027366
nppes,1740259464,"ST. CROIX VALLEY DENTAL, PLLC",ST CROIX VALLEY DENTAL,13961 60TH ST. NORTH,STILLWATER,MN,55082,651-439-2600,Dentist,2012-02-22,45.035637358393,-92.823591027366
nppes,1588049480,STAR DENTAL,,5972 CAHILL AVE STE 104,INVER GROVE HEIGHTS,MN,55076,651-455-0068,"Dentist, General Practice",2015-07-22,44.863370304669,-93.042259434033
nppes,1346353968,STEVEN J BENKE DDS,BENKE DENTAL CARE,"5972 CAHILL AVENUE, SUITE 109",INVER GROVE HEIGHTS,MN,55076,651-450-1602,"Dentist, General Practice",2020-08-22,44.863370304669,-93.042259434033
nppes,1629774138,STILLWATER MODERN DENTISTRY. PC,STILLWATER MODERN DENTISTRY,13331 60TH ST N,OAK PARK HEIGHTS,MN,55082,651-352-4629,"Dentist, General Practice",2023-02-06,45.035881496073,-92.837482579633
nppes,1548487689,THE NEW ART OF DENTISTRY,,1222 N FRONTAGE RD,HASTINGS,MN,55033,651-437-1166,"Dentist, General Practice",2020-08-22,44.738941851292,-92.875338737197
nppes,1851463806,THOMAS S TURRY PA,,"20 LAKE ST N, SUITE 205",FOREST LAKE,MN,55025,651-464-3052,"Dentist, General Practice",2020-08-22,45.278674056238,-92.985214208152
nppes,1265644926,"VALLEY RIDGE DENTAL, LLC",,12425 55TH ST N,LAKE ELMO,MN,55042,651-439-0322,"Dentist, General Practice",2008-06-23,45.028700325068,-92.854888598583
nppes,1386956431,WESTVIEW DENTAL CARE,,"1355 S FRONTAGE RD, STE 330",HASTINGS,MN,55033,651-480-8000,Dentist,2010-07-06,44.73728925052,-92.87959754057
nppes,1356151591,ZAWADSKI DENTAL PLLC,,333 MAIN ST N STE 111,STILLWATER,MN,55082,651-439-6125,"Dentist, General Practice",2025-01-15,45.058956374281,-92.807065533164
nppes,1124284732,ADVANCIA DENTAL,,"1625 RADIO DR, SUITE 170",WOODBURY,MN,55125,651-207-9660,"Dentist, General Practice",2008-08-03,44.924890852584,-92.933898694213
nppes,1427875715,"AFFORDABLE DENTURES & IMPLANTS - MAPLEWOOD, P.C.",,1845 COUNTY ROAD D E STE 170,MAPLEWOOD,MN,55109,651-294-9229,"Dentist, General Practice",2024-09-26,45.035843391265,-93.023974144808
nppes,1689406449,"AFFORDABLE DENTURES & IMPLANTS - WEST ST. PAUL IV, P.C.",AFFORDABLE DENTURES & IMPLANTS - WEST ST. PAUL,2055 ROBERT ST S,WEST ST PAUL,MN,55118,651-552-6770,"Dentist, General Practice",2024-08-19,44.884796394612,-93.080658934301
nppes,1518026806,AFTON ROAD DENTAL ASSOC,,2716 UPPER AFTON ROAD,ST PAUL,MN,55119,651-739-5110,"Dentist, General Practice",2020-08-22,44.941352572887,-92.986072410904
nppes,1124411772,AHMED SALAD ASSOCIATES,SIGNAL HILL DENTAL,"1200 S ROBERT ST, SUITE C",ST PAUL,MN,55118,651-340-9151,Dentist,2015-03-06,44.910463365999,-93.080543555081
nppes,1811392665,AKSHAAN PLLC,TAMARACK HILLS FAMILY DENTISTRY,"707 BIELENBERG DR, SUITE101",WOODBURY,MN,55125,651-304-6017,Dentist,2015-12-04,44.938696662142,-92.954099993956
nppes,1760583231,ALAN B MONTGOMERY ORTHODONTICS,,"4535 HODGSON RD, 700",SHOREVIEW,MN,55126,651-765-1945,"Dentist, Orthodontics and Dentofacial Orthopedics",2008-06-25,45.078518084712,-93.116859491746
nppes,1841803723,ALL ABOUT DENTISTRY,,1200 ROBERT ST S STE C,SAINT PAUL,MN,55118,952-564-0339,"Dentist, General Practice",2025-05-27,44.910463365999,-93.080543555081
nppes,1841803723-pl1,ALL ABOUT DENTISTRY,,675 E NICOLLET BLVD STE 120,BURNSVILLE,MN,55337,612-843-2951,"Dentist, General Practice",2025-05-27,44.751676444374,-93.267034161046
nppes,1497929947,ALL FAMLIY DENTAL,,1075 HADLEY AVE N,OAKDALE,MN,55128,651-731-2141,"Dentist, General Practice",2008-04-16,44.964150898856,-92.964394496004
nppes,1902465867,APELGREN DENTAL,,3938 CEDAR GROVE PKWY,EAGAN,MN,55122,651-452-9660,Dentist,2019-06-13,44.815390669786,-93.210463857204
nppes,1346065398,APPLE TREE DENTAL,,450 SYNDICATE ST N STE 119,SAINT PAUL,MN,55104,651-644-8882,"Dentist, General Practice",2024-11-15,44.95466583984,-93.154197045031
nppes,1104999481,APPLE TREE DENTAL,,2201 26TH AVE NW,NEW BRIGHTON,MN,55112,763-784-7993,"Dentist, General Practice",2024-11-15,45.086125026937,-93.220790934119
nppes,1407275183,APPLE TREE DENTAL,,2442 MOUNDS VIEW BLVD,MOUNDS VIEW,MN,55112,763-316-5400,"Dentist, General Practice",2024-06-14,45.083472145732,-93.218099687357
nppes,1447961750,APPLE TREE DENTAL,,2232 HENNEPIN AVE,MINNEAPOLIS,MN,55405,612-377-6108,"Dentist, General Practice",2024-06-14,44.960204612814,-93.293348026142
nppes,1336201797,APPLE VALLEY DENTAL CARE,,"14635 PENNOCK AVE, SUITE 100",APPLE VALLEY,MN,55124,952-432-5509,Dentist,2026-02-10,44.736187496516,-93.222941013692
nppes,1336201797-pl1,APPLE VALLEY DENTAL CARE,,2130 CLIFF RD STE 107,EAGAN,MN,55122,612-426-3221,Dentist,2026-02-10,44.790150983491,-93.216190500761
nppes,1053602888,APPLE VALLEY FAMILY DENTISTRY,,"7493 147TH ST W, SUITE #100",APPLE VALLEY,MN,55124,952-432-7145,"Dentist, General Practice",2011-04-27,44.735212864961,-93.217552602881
nppes,1447930904,"APPLE VALLEY MODERN DENTISTRY, PC",APPLE VALLEY MODERN DENTISTRY,15050 CEDAR AVE STE 119,APPLE VALLEY,MN,55124,952-248-4411,"Dentist, General Practice",2023-07-20,44.731217106603,-93.217661906113
nppes,1467877001,APPLEWOOD FAMILY DENTAL,,1740 WEIR DR,WOODBURY,MN,55125,651-738-2125,Dentist,2014-02-19,44.923737510461,-92.973396197702
nppes,1649329384,"APRIL M. SNYDER, D.D.S., P.A.",HILLTOP DENTAL,50 COUNTY ROAD B E,MAPLEWOOD,MN,55117,651-488-2541,"Dentist, General Practice",2020-08-22,45.006218514676,-93.098876274736
nppes,1528129293,ARCADE DENTAL ASSOCIATES PLLP,,1439 ARCADE STREET,ST PAUL,MN,55106,651-776-4766,"Dentist, General Practice",2007-07-12,44.984682401327,-93.066103521457
nppes,1578606067,ARENDAL DENTAL CLINIC,,"101 5TH ST E, SUITE 299",SAINT PAUL,MN,55101,651-204-9353,"Dentist, General Practice",2009-10-28,44.946923510906,-93.092001937572
nppes,1790922854,"ART & SCIENCE FAMILY DENTISTRY, PA","KINNEY & MUSSER DDS, PA",1000 RADIO DRIVE SUITE 240,WOODBURY,MN,55125,651-739-1894,"Dentist, General Practice",2024-07-08,44.934799276012,-92.934221844406
nppes,1942352216,ASSOCIATED DENTAL CARE,ASSURE DENTAL,3030 CENTRE POINTE DR,ROSEVILLE,MN,55113,651-286-8100,"Dentist, General Practice",2020-08-22,45.031949045551,-93.189306355907
nppes,1184770851,ASSOCIATED DENTISTS,,1371 7TH ST W,SAINT PAUL,MN,55102,651-222-0351,"Dentist, General Practice",2020-08-22,44.920670644199,-93.137281125837
nppes,1013153352,ASSOCIATED DENTISTS SHOLOM HOME,,"1371 7TH ST W, SUITE B",SAINT PAUL,MN,55102,651-488-5557,"Dentist, General Practice",2008-12-16,44.920670644199,-93.137281125837
nppes,1104916527,AUSTIN FAMILY DENTAL LTD,,"1360 ENERGY PARK DR, #104",ST PAUL,MN,55108,651-641-1908,"Dentist, General Practice",2020-08-22,44.970685182293,-93.157603530988
nppes,1588730394,"AZITA LARINAJAFI, INC",,1740 WEIR DRIVE,WOODBURY,MN,55125,651-738-2125,Dentist,2020-08-22,44.923737510461,-92.973396197702
nppes,1649503913,BATES DENTAL CARE LTD,,"2575 HAMLINE AVE N, SUITE F",ROSEVILLE,MN,55113,651-636-2373,"Dentist, General Practice",2014-10-01,45.018487494727,-93.156875096475
nppes,1073327995,BBCCS PLLC,CREEKVIEW DENTAL,2145 WOODLANE DR STE 104,WOODBURY,MN,55125,651-738-8204,"Dentist, General Practice",2025-02-03,44.918573165585,-92.966296882994
nppes,1083853113,BIRCH LAKE DENTAL PA,,2641 WHITE BEAR PARKWAY,WHITE BEAR LAKE,MN,55110,651-429-0404,"Dentist, General Practice",2009-02-12,,
nppes,1205443850,"BIRCHWOOD DENTAL, LLC",BIRCHWOOD DENTAL,3356 SHERMAN CRT STE 101,EAGAN,MN,55121,651-994-1700,"Dentist, General Practice",2020-09-28,44.836145038455,-93.164412684159
nppes,1952287146,BLUE JAY FAMILY DENTISTRY PLLC,,1975 11TH AVE E,MAPLEWOOD,MN,55109,507-696-3303,Dentist,2025-08-13,45.01547230148,-93.016294898962
nppes,1699000869,BRIAN J DEVOE DDS PA,DEVOE ORTHODONTICS,700 VILLAGE CENTER DR STE 140,NORTH OAKS,MN,55127,651-490-3155,"Dentist, Orthodontics and Dentofacial Orthopedics",2024-04-03,45.081833847063,-93.115451830158
nppes,1477659050,"BRIAN L. PIERCE, D.D.S., P.A.",,"969 OLD HIGHWAY 8 NW, SUITE 200",NEW BRIGHTON,MN,55112,651-639-8445,Dentist,2020-08-22,45.064726531464,-93.193081259953
nppes,1710321930,BRITE DENTAL WEST ST PAUL PC,,"1200 ROBERT ST S, SUITE C",WEST ST PAUL,MN,55118,651-340-9151,Dentist,2013-04-18,44.910463365999,-93.080543555081
nppes,1437580818,BRITE SMILES DENTAL CARE,,8977 HUNTERS WAY,APPLE VALLEY,MN,55124,952-891-8484,"Dentist, General Practice",2013-12-10,44.759274486476,-93.244460397288
nppes,1558848119,"CAITLIN HEMMERICH, DDS, PA",RIDGE PERIODONTICS & DENTAL IMPLANTS,3033 HAZELWOOD ST,MAPLEWOOD,MN,55109,651-770-3014,"Dentist, Periodontics",2025-11-18,45.03377067372,-93.035809876669
nppes,1558848119-pl1,"CAITLIN HEMMERICH, DDS, PA",RIDGE PERIODONTICS & DENTAL IMPLANTS,1625 RADIO DR STE 210,WOODBURY,MN,55125,651-738-9050,"Dentist, Periodontics",2025-11-18,44.924890852584,-92.933898694213
nppes,1659028801,CAPITOL DENTAL CENTER PLC,,444 CEDAR ST STE 206,SAINT PAUL,MN,55101,651-222-1201,"Dentist, General Practice",2025-11-14,44.948603964117,-93.095359017598
nppes,1114514205,CAROUSEL PEDIATRIC DENTISTRY PLLC,,15160 FOLIAGE AVE STE 110,APPLE VALLEY,MN,55124,952-715-6177,"Dentist, Pediatric Dentistry",2020-12-23,44.729593621915,-93.202296046423
nppes,1790905966,CASSANDRA L ZIRBEL DDS MS,ORTHODONTICS BY ZIRBEL,1480 YANKEE DOODLE RD,EAGAN,MN,55121,651-452-3333,"Dentist, Orthodontics and Dentofacial Orthopedics",2016-11-01,44.8334871562,-93.174023650658
nppes,1851466155,CHALET DENTAL CARE,,1651 N DALE ST,ST PAUL,MN,55117,651-488-5888,Dentist,2020-08-22,44.990919968459,-93.126194010535
nppes,1598935256,CHARLES A KELLER DDS AND ASSOCIATES,,919 MARYLAND AVE E,SAINT PAUL,MN,55106,651-776-8355,"Dentist, General Practice",2008-03-08,44.977584332836,-93.061691327672
nppes,1619064243,CHARLES E KATH DDS PA,,"1021 BANDANA BLVD E, SUITE 100",ST PAUL,MN,55108,651-645-0449,Dentist,2020-08-22,44.971105976288,-93.152560535386
nppes,1104126168,CHARLES N MILLER DDS PA,DISTINCTIVE DENTAL,7631 145TH ST W,APPLE VALLEY,MN,55124,952-432-8696,Dentist,2013-07-11,44.739248228035,-93.220044410254
nppes,1295890895,"CHEROKEE DENTAL, P.A.",,374 ANNAPOLIS ST W,SAINT PAUL,MN,55118,651-457-6231,"Dentist, General Practice",2020-08-22,44.91965431653,-93.100668771116
nppes,1205261195,"CITY CENTER DENTAL, L.L.C.",CENTRE FOR DISTINCTIVE DENTISTRY,8375 CITY CENTRE DR,WOODBURY,MN,55125,651-739-8573,"Dentist, General Practice",2013-09-10,44.921364568443,-92.93580339351
nppes,1508039785,CLASEN FAMILY DENTAL,,"1789 WOODLANE DR, SUITE B",WOODBURY,MN,55125,651-739-0640,Dentist,2008-04-08,44.923060278799,-92.966252616775
nppes,1003392739,COMFORTABLE DENTAL PLLC,COMFORTABLE DENTAL,5700 BOTTINEAU BLVD STE 270,CRYSTAL,MN,55429,763-210-8222,"Dentist, General Practice",2026-04-07,,
nppes,1003392739-pl1,COMFORTABLE DENTAL PLLC,COMFORTABLE DENTAL,2520 WHITE BEAR AVE N STE 200,MAPLEWOOD,MN,55109,763-200-8952,"Dentist, General Practice",2026-04-07,45.016698370619,-93.019731891892
nppes,1235311614,COMMUNITY DENTAL CARE INC,,1670 BEAM AVE,MAPLEWOOD,MN,55109,651-925-8400,"Dentist, General Practice",2014-06-24,45.027973239535,-93.02972387341
nppes,1588005169,COMMUNITY DENTAL CARE INC,,5700 BOTTINEAU BLVD STE 250,CRYSTAL,MN,55429,763-270-5776,"Dentist, General Practice",2024-06-27,,
nppes,1003886383,COMMUNITY DENTAL CARE INC,COMMUNITY DENTAL CARE,600 CARLTON STREET N,MAPLEWOOD,MN,55119,651-774-2959,Dentist,2025-07-24,44.959089255811,-92.992506017478
nppes,1194453951,COMO PARK DENTISTRY PA,COMO PARK DENTISTRY,1132 LARPENTEUR AVE W,SAINT PAUL,MN,55113,507-272-5955,"Dentist, General Practice",2026-09-23,44.991907872364,-93.147251651934
nppes,1861463465,CREEKVIEW DENTAL PA,,"2145 WOODLANE DR, SUITE 104",WOODBURY,MN,55125,651-738-8204,Dentist,2012-07-17,44.918573165585,-92.966296882994
nppes,1518054766,"D.S. KILLIAN & F.J. MILNAR JR., DDS PA",,120 SNELLING AVE N,SAINT PAUL,MN,55104,651-645-6111,"Dentist, General Practice",2020-08-22,44.944655676755,-93.166920716562
nppes,1063559540,DAKOTA DENTAL CLINIC PA,,14682 PENNOCK AVE,APPLE VALLEY,MN,55124,952-431-5774,"Dentist, General Practice",2019-08-15,44.735465120633,-93.222889439634
nppes,1588774152,DENNIS C SIMMONS DDS PA,BRITE SMILES DENTAL CARE,8977 HUNTERS WAY,APPLE VALLEY,MN,55124,952-891-8484,"Dentist, General Practice",2020-08-22,44.759274486476,-93.244460397288
nppes,1114324951,DENTAL ASSOCIATES OF ST. PAUL PA,,1790 7TH ST E,SAINT PAUL,MN,55119,651-735-0595,"Dentist, General Practice",2014-11-21,44.966630596652,-93.025220157802
nppes,1619688751,DENTAL DELIVERY SYSTEMS OF ST. PAUL LLC,,1790 7TH ST E,SAINT PAUL,MN,55119,651-735-0595,"Dentist, General Practice",2022-12-09,44.966630596652,-93.025220157802
nppes,1295858991,"DENTAL DELIVERY SYSTEMS ST PAUL, PA",DENTAL ASSOCIATES OF ST. PAUL,1790 7TH STREET E.,ST. PAUL,MN,55119,651-735-0595,"Dentist, General Practice",2013-09-11,44.966630596652,-93.025220157802
nppes,1568071199,"DENTAL SPECIALIST OF MINNESOTA, PLLC",THE DENTAL SPECIALIST DEEPHAVEN,18258 MINNETONKA BLVD STE 100,WAYZATA,MN,55391,952-926-2761,"Dentist, Oral and Maxillofacial Surgery",2020-07-29,44.941791464348,-93.512588214153
nppes,1578606778,"DENTAL SPECIALISTS OF MINNESOTA, PLLC",THE DENTAL SPECIALISTS,6437 BROOKLYN BLVD,BROOKLYN CENTER,MN,55429,952-926-3128,"Dentist, Periodontics",2020-10-28,45.071719683634,-93.329693222263
nppes,1003245333,"DENTAL SPECIALISTS OF MINNESOTA, PLLC",THE DENTAL SPECIALISTS,1109 MOORE LAKE DR E,FRIDLEY,MN,55432,763-571-9990,"Dentist, Periodontics",2020-10-28,45.081635236939,-93.23998489905
nppes,1780750539,"DENTAL SPECIALISTS OF MINNESOTA, PLLC",THE DENTAL SPECIALISTS,"1835 COUNTY ROAD C-WEST, SUITE 200",ROSEVILLE,MN,55113,651-796-0193,"Dentist, Endodontics",2020-10-28,45.021326618307,-93.178393765906
nppes,1376619114,"DENTAL SPECIALISTS OF MINNESOTA, PLLC",THE DENTAL SPECIALISTS,"6545 FRANCE AVE S, SUITE 366",EDINA,MN,55435,952-929-4319,"Dentist, Endodontics",2020-10-28,44.884796694699,-93.328756101197
nppes,1922308113,"DENTAL SPECIALISTS OF MINNESOTA, PLLC",THE DENTAL SPECIALISTS,12904 CENTRAL AVE. NE,BLAINE,MN,55434,651-746-0587,"Dentist, Endodontics",2020-10-28,45.204481099573,-93.234790150454
nppes,1003431263,"DENTAL SPECIALISTS OF MINNESOTA, PLLC",THE DENTAL SPECIALIST MINNETONKA,14525 HIGHWAY 7 STE 125,MINNETONKA,MN,55345,952-303-8858,"Dentist, Oral and Maxillofacial Surgery",2020-06-13,44.922396274699,-93.464360865734
nppes,1851772362,"DENTAL SPECIALISTS OF MINNESOTA, PLLC",,"2200 COUNTY ROAD C W, SUITE 2210",ROSEVILLE,MN,55113,651-633-0500,"Dentist, Endodontics",2020-10-28,45.020492874222,-93.192871256137
nppes,1689722639,"DENTAL SPECIALISTS OF MINNESOTA, PLLC",,"2200 COUNTY ROAD C W, SUITE 2210",ROSEVILLE,MN,55113,651-633-0500,"Dentist, Oral and Maxillofacial Surgery",2020-10-28,45.020492874222,-93.192871256137
nppes,1508932344,"DENTAL SPECIALISTS OF MINNESOTA, PLLC",THE DENTAL SPECIALISTS,40 W NICOLLET BLVD,BURNSVILLE,MN,55337,952-929-4458,"Dentist, Endodontics",2020-10-28,44.750490132636,-93.279803113795
nppes,1740438076,"DENTAL SPECIALISTS OF MINNESOTA, PLLC",THE DENTAL SPECIALISTS,"1895 PLAZA DR, SUITE 130",EAGAN,MN,55122,952-926-2763,"Dentist, Periodontics",2020-10-28,44.787340271006,-93.202035351178
nppes,1912143843,"DENTAL SPECIALISTS OF MINNESOTA, PLLC",THE DENTAL SPECIALISTS,"9325 UPLAND LN N, SUITE 330",MAPLE GROVE,MN,55369,763-416-0037,"Dentist, Endodontics",2020-10-28,45.125005233874,-93.481589130041
nppes,1659881944,"DENTISTS OF HIGHLAND PARK, PC",,2096 FORD PKWY,SAINT PAUL,MN,55116,651-237-9913,Dentist,2017-10-02,44.917858799709,-93.188471586497
nppes,1396483996,DENTISTS OF WEST ST PAUL PC,DENTISTS OF WEST ST PAUL,1740 ROBERT ST S STE 110,WEST ST PAUL,MN,55118,651-347-1252,"Dentist, General Practice",2022-05-24,44.893506911801,-93.080514509005
nppes,1972165678,"DENTISTS OF WOODBURY, PC",DENTISTS OF WOODBURY,7150 VALLEY CREEK PLZ STE 230,WOODBURY,MN,55125,651-217-8296,Dentist,2022-05-11,44.927955800896,-92.962477447579
nppes,1912033077,"DESIGNING SMILES, PA",,"2860 SNELLING AVE N, SUITE 1",ROSEVILLE,MN,55113,651-636-2143,"Dentist, General Practice",2020-08-22,45.026988886366,-93.166862649856
nppes,1619041969,"DOUGLAS M BAUER DDS,PA",OAK CLIFF DENTAL CARE,"4640 NICOLS RD, SUITE 100",EAGAN,MN,55122,651-454-1414,Dentist,2008-06-23,44.78837032196,-93.21792343463
nppes,1841368545,DR GERALD W RAUCHWARTER DDS LLC,DR GERALD W RAUCHWARTER DDS,"1960 CLIFF LAKE ROAD, #127",EAGAN,MN,55122,651-681-1676,"Dentist, General Practice",2008-04-02,44.794222513175,-93.206255472129
nppes,1902936461,DR TERRANCE J SPAHL,,1199 DULUTH ST,ST PAUL,MN,55106,651-774-9000,Dentist,2020-08-22,44.977484843239,-93.050814212688
nppes,1740402932,DR. JERRY BARNES,,1871 OLD HUDSON RD,SAINT PAUL,MN,55119,651-738-0900,Dentist,2020-08-22,44.952798977877,-93.020943507681
nppes,1508594664,"DR. PARK DENTAL OFFICE 1, LLC",CLEAR LAKES DENTAL,1550 WHITE BEAR AVE N,SAINT PAUL,MN,55106,651-788-7045,"Dentist, General Practice",2022-08-08,44.987704439484,-93.025145675822
nppes,1780095828,DR.CRANDALL D.D.S,,2300 HIGHWAY 96 E,WHITE BEAR LAKE,MN,55110,651-429-5354,Dentist,2014-05-12,45.093320677141,-93.003215827394
nppes,1861518151,DRS. JONES & HAUGE DENTAL,,"111 KELLOGG BLVD E, SUITE 205",SAINT PAUL,MN,55101,651-224-6234,"Dentist, General Practice",2020-08-22,44.945269213956,-93.090277280489
nppes,1891749362,EAGAN DENTAL ASSOCIATES DBA NORTHWOOD DENTAL,,1227 NORTHWOOD PKWY,EAGAN,MN,55121,651-687-0789,"Dentist, General Practice",2008-06-24,44.838408198948,-93.152180071703
nppes,1144353780,EAGAN FAMILY DENTISTRY,,4178 KNOB DR STE C,EAGAN,MN,55122,651-452-4317,"Dentist, General Practice",2020-08-22,44.805224024954,-93.168784744558
nppes,1184093551,"EAGAN SMILES DENTISTRY, PC",EAGAN SMILES DENTISTRY,"3405 PROMENADE AVE, SUITE 300",EAGAN,MN,55123,651-236-7458,"Dentist, General Practice",2015-09-16,44.833385417338,-93.153153261492
nppes,1073953832,EAGAN VALLEY DENTAL CENTER,,14050 PILOT KNOB RD,APPLE VALLEY,MN,55124,952-423-4414,Dentist,2013-06-26,44.745382778837,-93.176730805704
nppes,1902146335,EAGAN VALLEY DENTAL CENTER P.A.,,4555 ERIN DR,EAGAN,MN,55122,651-681-9044,Dentist,2013-02-21,44.79251967057,-93.220292894682
nppes,1821451774,"EDLUND DENTAL, LLC",,"1021 BANDANA BLVD E, SUITE #105",SAINT PAUL,MN,55108,651-645-0449,"Dentist, General Practice",2016-03-29,44.971105976288,-93.152560535386
nppes,1912050683,"EGGERT FAMILY DENTISTRY, PA",,"700 VILLAGE CENTER DR, SUITE 160",NORTH OAKS,MN,55127,651-482-8412,"Dentist, General Practice",2020-08-22,45.081833847063,-93.115451830158
nppes,1457452112,"ELITE DENTAL, LLC",,"7300 147TH ST W, SUITE 103",APPLE VALLEY,MN,55124,952-432-1716,"Dentist, General Practice",2014-09-19,44.734723236846,-93.21252042665
nppes,1033840160,"EMERGENCY DENTAL PROFESSIONALS, LLC",EMERGENCY DENTAL PROFESSIONALS,393 DUNLAP ST N STE 308,SAINT PAUL,MN,55104,651-788-7045,"Dentist, General Practice",2022-06-20,44.952955289824,-93.149285991205
nppes,1447422175,"ENTERPRISE DENTAL, INC.",,2418 ENTERPRISE DR UNIT B,MENDOTA HEIGHTS,MN,55120,651-452-2116,"Dentist, General Practice",2008-04-02,44.868301045825,-93.165705066745
nppes,1528226156,ERICKSON/AAMODT ORTHODONTICS PA,,"7493 147TH ST W, SUITE 202",APPLE VALLEY,MN,55124,952-431-1111,"Dentist, Orthodontics and Dentofacial Orthopedics",2008-05-30,44.735212864961,-93.217552602881
nppes,1649438268,ERICKSON/AAMODT ORTHODONTICS PA,,"2130 CLIFF RD, SUITE 220",EAGAN,MN,55122,651-405-1055,"Dentist, Orthodontics and Dentofacial Orthopedics",2008-05-30,44.790150983491,-93.216190500761
nppes,1417115189,"ERICKSON/AAMODT ORTHODONTICS, P.A.",,4790 WHITE BEAR PKWY,WHITE BEAR LAKE,MN,55110,651-426-3873,"Dentist, Orthodontics and Dentofacial Orthopedics",2008-05-29,45.085007319447,-93.048407157306
nppes,1023664935,"ESTEE WANG, DMD MS, PLLC",LAKES ORTHODONTICS,1668 COPE AVE E,MAPLEWOOD,MN,55109,651-777-7300,"Dentist, Orthodontics and Dentofacial Orthopedics",2019-08-15,45.00997014914,-93.031107217724
nppes,1023664935-pl1,"ESTEE WANG, DMD MS, PLLC",LAKES ORTHODONTICS,4535 HODGSON RD STE 700,SHOREVIEW,MN,55126,651-765-1945,"Dentist, Orthodontics and Dentofacial Orthopedics",2019-08-15,45.078518084712,-93.116859491746
nppes,1407325830,FACIAL PAIN CENTER PLLC,,1835 COUNTY ROAD C W STE 200,ROSEVILLE,MN,55113,651-636-2016,"Clinic/Center, Dental",2026-08-11,45.021326618307,-93.178393765906
nppes,1407325830-pl1,FACIAL PAIN CENTER PLLC,,13059 RIDGEDALE DR,MINNETONKA,MN,55305,952-926-3858,"Clinic/Center, Dental",2026-08-11,44.967492525808,-93.444225987478
nppes,1407325830-pl2,FACIAL PAIN CENTER PLLC,,4155 DEAN LAKES BLVD,SHAKOPEE,MN,55379,952-926-3858,"Clinic/Center, Dental",2026-08-11,44.779227103993,-93.466786832673
nppes,1407325830-pl3,FACIAL PAIN CENTER PLLC,,4190 108TH AVE NE STE 130,BLAINE,MN,55449,651-636-2016,"Clinic/Center, Dental",2026-08-11,45.165631647718,-93.163460286032
nppes,1407325830-pl4,FACIAL PAIN CENTER PLLC,,241 RADIO DR STE B,WOODBURY,MN,55125,651-636-2016,"Clinic/Center, Dental",2026-08-11,44.944435083423,-92.934157639431
nppes,1407325830-pl5,FACIAL PAIN CENTER PLLC,,"5000 W 38TH STREET, STE. 250",ST. LOUIS PARK,MN,55416,952-926-3858,"Clinic/Center, Dental",2026-08-11,,
nppes,1407325830-pl6,FACIAL PAIN CENTER PLLC,,4200 W OLD SHAKOPEE RD STE 100,BLOOMINGTON,MN,55437,952-926-3858,"Clinic/Center, Dental",2026-08-11,44.809650779734,-93.333286618312
nppes,1407325830-pl7,FACIAL PAIN CENTER PLLC,,40 W NICOLLET BLVD,BURNSVILLE,MN,55337,952-926-3858,"Clinic/Center, Dental",2026-08-11,44.750490132636,-93.279803113795
nppes,1013199561,"FAMILY & COSMETIC GENTLE DENTISTRY, LTD",,1680 SUBURBAN AVE,SAINT PAUL,MN,55106,651-209-3139,"Dentist, General Practice",2008-06-20,44.951043844261,-93.027763014174
nppes,1093997546,"FAMILY & COSMETIC GENTLE DENTISTRY, LTD",,1340 DUCKWOOD DR,EAGAN,MN,55123,651-209-9999,"Dentist, General Practice",2008-06-20,44.82753312294,-93.162499391097
nppes,1235429267,"FAMILY & COSMETIC GENTLE DENTISTRY, LTD",,1714 COPE AVE E,MAPLEWOOD,MN,55109,651-770-0055,"Dentist, General Practice",2011-04-11,45.009961144089,-93.028211176483
nppes,1558010967,FAMILY ORAL SURGERY SPECIALISTS PLC,METRO DENTALCARE ST. PAUL MIDWAY - ORAL SURGERY,1375 SAINT ANTHONY AVE,SAINT PAUL,MN,55104,651-286-8153,"Dentist, Oral and Maxillofacial Pathology",2022-03-22,44.952265168664,-93.158787259198
nppes,1134862865,FAMILY ORTHODONTIC SPECIALISTS PLC,WOODLAKE ORTHODONTICS MIDWAY - ST. PAUL,1375 SAINT ANTHONY AVE,SAINT PAUL,MN,55104,651-286-8153,"Dentist, General Practice",2022-04-20,44.952265168664,-93.158787259198
nppes,1194474593,"FAMILY PERIODONTIC SPECIALISTS, PLC",METRO DENTALCARE ST. PAUL MIDWAY - PERIODONTICS,1375 SAINT ANTHONY AVE,SAINT PAUL,MN,55104,651-645-4671,"Dentist, Periodontics",2022-03-22,44.952265168664,-93.158787259198
nppes,1982538690,FAMILY SMILES-BURNSVILLE PLLC,,3825 CEDAR GROVE PKWY STE 1101,EAGAN,MN,55122,952-905-9090,Dentist,2026-08-10,44.817109686355,-93.208201317656
nppes,1649782756,FRANCO & ASSOCIATES FAMILY AND COSMETIC DENTISTRY,,120 SNELLING AVE N,SAINT PAUL,MN,55104,651-645-6111,"Dentist, General Practice",2017-10-30,44.944655676755,-93.166920716562
nppes,1831365006,FRED W CARPENTER DDS,,1514 WHITE BEAR AVE,ST PAUL,MN,55106,651-771-7719,"Dentist, Orthodontics and Dentofacial Orthopedics",2008-05-07,44.986953514752,-93.025147045104
nppes,1154971380,GENTLE DENTISTRY OF BLOOMINGTON PLLC,,10611 FRANCE AVE S STE 201,BLOOMINGTON,MN,55431,952-881-8404,"Dentist, General Practice",2019-10-24,44.811656578526,-93.329455265117
nppes,1154971380-pl1,GENTLE DENTISTRY OF BLOOMINGTON PLLC,,1714 COPE AVE E,MAPLEWOOD,MN,55109,651-770-0055,"Dentist, General Practice",2019-10-24,45.009961144089,-93.028211176483
nppes,1639626773,GEORGE DENTAL APPLE VALLEY PA,,"14135 CEDAR AVE, SUITE 500",APPLE VALLEY,MN,55124,952-891-4611,"Dentist, General Practice",2016-09-07,44.744750173417,-93.21776688897
nppes,1598449688,GHASSEMLOUEI AND GUNDERSON DENTAL PRACTICE PLLC,,2418 ENTERPRISE DR UNIT B,MENDOTA HEIGHTS,MN,55120,651-452-2116,"Dentist, General Practice",2023-06-09,44.868301045825,-93.165705066745
nppes,1073376331,GLASGOW FAMILY & COSMETIC DENTISTRY,,3440 FEDERAL DR STE 240,EAGAN,MN,55122,651-994-8822,"Dentist, General Practice",2024-02-12,44.832518492274,-93.1722422064
nppes,1437704020,GRAND AVENUE SMILES,,1845 GRAND AVENUE,ST. PAUL,MN,55105,651-690-5262,"Dentist, General Practice",2019-08-09,44.940155244009,-93.178670093217
nppes,1144717299,"GREAT ODENS, LLC",RIVERBEND FAMILY DENTAL,241 CLEVELAND AVE S STE D,SAINT PAUL,MN,55105,651-699-3212,Dentist,2020-11-19,44.934171655285,-93.187460428985
nppes,1811972292,GREAT RIVER DENTAL P.A.,,375 JACKSON ST,SAINT PAUL,MN,55101,651-222-0983,"Dentist, General Practice",2020-08-22,44.948600801572,-93.090139634031
nppes,1043365208,"GROUP HEALTH, INC.",HEALTHPARTNERS MAPLEWOOD DENTAL CLINIC,2165 WHITE BEAR AVE N,MAPLEWOOD,MN,55109,651-770-8828,"Dentist, General Practice",2026-08-14,45.006465997099,-93.025247399709
nppes,1780739417,"GROUP HEALTH, INC.",HEALTHPARTNERS COMO DENTAL CLINIC,2500 COMO AVE,SAINT PAUL,MN,55108,651-641-0020,"Dentist, Prosthodontics",2026-08-14,,
nppes,1114072071,"GROUP HEALTH, INC.",HEALTHPARTNERS ARDEN HILLS DENTAL CLINIC,3930 NORTHWOODS DR,ARDEN HILLS,MN,55112,651-490-6775,"Dentist, General Practice",2026-08-14,45.058241393491,-93.150379831115
nppes,1073668877,"GROUP HEALTH, INC.",HEALTHPARTNERS APPLE VALLEY DENTAL CLINIC,15350 ENGLISH AVE,APPLE VALLEY,MN,55124,952-431-8583,"Dentist, General Practice",2026-08-14,44.72073220021,-93.178878039841
nppes,1750436333,"GROUP HEALTH, INC.",HEALTHPARTNERS MIDWAY DENTAL CLINIC,"450 SYNDICATE ST N, #300",SAINT PAUL,MN,55104,651-254-7373,"Dentist, General Practice",2026-08-19,44.95466583984,-93.154197045031
nppes,1275688632,"GROUP HEALTH, INC.",HEALTHPARTNERS WHITE BEAR DENTAL CLINIC,1430 HIGHWAY 96 E,WHITE BEAR LAKE,MN,55110,651-426-9502,"Dentist, General Practice",2026-08-14,45.07913301652,-93.040015609359
nppes,1801941943,"GROUP HEALTH, INC.",HEALTHPARTNERS ST. PAUL DENTAL CLINIC,205 WABASHA ST S,SAINT PAUL,MN,55107,651-227-3757,"Dentist, Pediatric Dentistry",2026-08-14,44.937268517691,-93.087772526408
nppes,1083769335,"GROUP HEALTH, INC.",HEALTHPARTNERS WOODBURY DENTAL CLINIC,"8325 SEASONS PKWY, STE 103",WOODBURY,MN,55125,651-702-5848,"Dentist, General Practice",2026-08-14,44.936818824432,-92.937910353407
nppes,1952042053,"GROUP HEALTH, INC.",HEALTHPARTNERS ST. PAUL RESIDENCY DENTAL,205 WABASHA ST S,SAINT PAUL,MN,55107,651-254-7373,"Dentist, General Practice",2026-08-14,44.937268517691,-93.087772526408
nppes,1275150989,HAMLINE FAMILY DENTAL,,1347 LARPENTEUR AVE W,FALCON HEIGHTS,MN,55113,651-699-5600,"Dentist, General Practice",2023-10-05,44.991892910372,-93.157149138974
nppes,1841452398,"HARBOR PLACE DENTAL ASSOCIATES, LTD",,"470 HIGHWAY 96 W, SUITE 200",SHOREVIEW,MN,55126,651-484-9229,"Dentist, General Practice",2008-06-26,45.079235774124,-93.121102803605
nppes,1609491695,HEATHER ROBINSON DDS PA,MIDWEST DENTAL ANESTHESIA SERVICES,4227 ARBOR BAY,WOODBURY,MN,55129,651-788-8666,"Dentist, Dentist Anesthesiologist Speciality",2023-12-12,44.886636919232,-92.956900411358
nppes,1407309784,HENSELER ORTHODONTICS,,"1000 RADIO DR, SUITE 220",WOODBURY,MN,55125,651-739-1555,"Dentist, Orthodontics and Dentofacial Orthopedics",2016-08-03,44.934799276012,-92.934221844406
nppes,1417447210,HIBERNATION SLEEP MN LLC,,2233 ENERGY PARK DR STE 400,SAINT PAUL,MN,55108,651-888-4680,"Durable Medical Equipment & Medical Supplies, Customized Equipment",2024-08-14,44.974432025283,-93.195438573362
nppes,1417447210-pl1,HIBERNATION SLEEP MN LLC,,2278 COMO AVE,SAINT PAUL,MN,55108,651-888-4680,"Durable Medical Equipment & Medical Supplies, Customized Equipment",2024-08-14,44.98181136872,-93.19517667212
nppes,1316050842,HIGHGROVE DENTAL CARE APC,,670 S CLEVELAND AVE,SAINT PAUL,MN,55116,651-698-3828,Dentist,2020-08-22,44.921279355618,-93.187292329413
nppes,1235366808,"HILLTOP DENTAL, PA",,50 COUNTY ROAD B E,SAINT PAUL,MN,55117,651-490-1200,Dentist,2019-06-11,45.006218514676,-93.098876274736
nppes,1235366808-pl1,"HILLTOP DENTAL, PA",,2381 RICE ST,SAINT PAUL,MN,55113,651-235-6604,Dentist,2019-06-11,45.012947339585,-93.106072561122
nppes,1184732620,HOGLUND WALLIN DENTISTRY PARTNERSHIP,,1270 COPE AVE E,MAPLEWOOD,MN,55109,651-482-8332,Dentist,2020-08-22,45.010334219998,-93.046499454729
nppes,1326023474,INFINITY DENTAL CARE,ASPEN DENTAL CARE ALLIANCE DENTAL,"101 5TH ST E, STE 299",SAINT PAUL,MN,55101,651-224-7470,"Dentist, General Practice",2020-08-22,44.946923510906,-93.092001937572
nppes,1114360492,INSIDE EDGE DENTAL PLLC,EAST DENTAL,1346 PAYNE AVE,SAINT PAUL,MN,55130,651-774-6085,"Dentist, General Practice",2017-02-02,44.981830933336,-93.073504683855
nppes,1568481760,JAMES C. E. ANDREA AND LYNNETTE K. E. ANDREA,VADNAIS HEIGHTS FAMILY DENTISTRY,1230 COUNTY ROAD E E,SAINT PAUL,MN,55110,651-482-0180,"Dentist, General Practice",2020-08-22,45.050260756984,-93.04848319402
nppes,1275628331,"JAMES M. ERLANDSON, DDS, PA",,2185 WOODLANE DR,WOODBURY,MN,55125,651-731-1560,"Dentist, General Practice",2020-08-22,44.916917538609,-92.965646362074
nppes,1245250596,JAVAN DENTAL INC.,EAGLE VALLEY DENTAL,"683 BIELENBERG DR, SUITE 205",WOODBURY,MN,55125,651-200-4747,Dentist,2017-02-07,44.938931489517,-92.954101185342
nppes,1437275039,JENSEN & JENSEN DDS PA,,2480 WHITE BEAR AVE N STE 201,MAPLEWOOD,MN,55109,651-770-3014,"Dentist, Periodontics",2020-08-22,45.015641112827,-93.019788027845
nppes,1275667792,JOSEPH E SCHARA FAMILY DENTISTRY INC.,,"408 SAINT PETER ST, SUITE 412",SAINT PAUL,MN,55102,651-224-2011,"Dentist, General Practice",2020-08-22,44.946291671529,-93.096650935634
nppes,1487224754,KEVIN HOLLY DDS PLLC,,520 HIGHWAY 96 W STE 400,SHOREVIEW,MN,55126,651-482-7564,"Dentist, General Practice",2021-06-29,45.079266890708,-93.123641699497
nppes,1114634086,KEY FAMILY DENTAL CENTER PLLC,,"1099 HELMO AVE. N., SUITE 200",OAKDALE,MN,55128,651-770-9174,"Dentist, General Practice",2022-11-01,44.965939221158,-92.954863574696
nppes,1376687103,KILLIAN & MILNAR DENTISTRY PLLC,ARDEN DENTAL ASSOCIATES,"11806 ABERDEEN ST NE, SUITE 150",BLAINE,MN,55449,763-786-1545,"Dentist, General Practice",2020-08-22,45.184580048853,-93.232898964801
nppes,1952418311,KUBES DENTAL CARE,DAVID T KUBES DDS AND ASSOCIATES PA,"91 NO SNELLING AVE, SUITE 120",ST PAUL,MN,55104,651-644-9000,"Dentist, General Practice",2008-07-16,44.944286785111,-93.16708331925
nppes,1245393230,"LAKES ORTHODONTIC ASSOCIATES, P.A.",,1668 COPE AVE E,MAPLEWOOD,MN,55109,651-777-7300,"Dentist, Orthodontics and Dentofacial Orthopedics",2020-08-22,45.00997014914,-93.031107217724
nppes,1669585154,LAKESHORE FAMILY DENTISTRY PA,"A.K.A. KENYON, WRIGHT & KRON DDS PA",4706 BANNING AVE,WHITE BEAR LAKE,MN,55110,651-429-3348,"Dentist, General Practice",2008-08-07,45.083638469312,-93.007552898596
nppes,1841331642,"LEROY M. HIPP, D.D.S.",,"405 SIBLEY ST, SUITE 240",SAINT PAUL,MN,55101,651-224-9300,"Dentist, General Practice",2008-09-25,44.949585715568,-93.089070573835
nppes,1699838011,LEXINGTON DENTAL,,"1790 LEXINGTON AVE N, SUITE B",ROSEVILLE,MN,55113,651-488-5557,"Dentist, General Practice",2020-08-22,44.995446723628,-93.146343729903
nppes,1952446338,LINDAHL FAMILY DENTAL PA,,"1811 WEIR DR, SUITE #265",WOODBURY,MN,55125,651-702-4200,Dentist,2020-08-22,44.923660001969,-92.973272086091
nppes,1508132663,LINH TRAN DDS LLC,QUALITY DENTISTRY,1736 COPE AVE E STE 2,MAPLEWOOD,MN,55109,651-315-8868,"Dentist, General Practice",2012-03-22,45.009957186951,-93.027032194506
nppes,1689355331,"LITTLE CANADA DENTAL OFFICE, ALI R SALMANPOUR DDS, PA",,188 LITTLE CANADA ROAD E,LITTLE CANADA,MN,55117,651-484-7725,"Dentist, General Practice",2023-07-26,45.023664747857,-93.092822072565
nppes,1134574163,LONG LAKE FAMILY DENISTRY,,991 9TH AVE NW,NEW BRIGHTON,MN,55112,651-633-1311,"Dentist, General Practice",2016-04-27,45.064482451135,-93.199372494925
nppes,1073610259,"LUBOMIR SERAFIMOV DDS , P.A.",,250 WENTWORTH AVE E,WEST SAINT PAUL,MN,55118,651-455-1601,Dentist,2020-08-22,44.897943101101,-93.073480364274
nppes,1841462652,MAHTOMEDI DENTAL CLINIC,NORTH ST. PAUL DENTAL,"814 MAHTOMEDI AVE, MAHTOMEDI DENTAL",MAHTOMEDI,MN,55115,651-426-0011,"Dentist, General Practice",2008-07-18,45.064933380417,-92.957586644257
nppes,1326284597,MAHTOMEDI DENTAL CLINIC,,814 MAHTOMEDI AVE,MAHTOMEDI,MN,55115,651-426-0011,"Dentist, General Practice",2008-12-18,45.064933380417,-92.957586644257
nppes,1720415896,MAHTOMEDI FAMILY DENTAL,,814 MAHTOMEDI AVE,MAHTOMEDI,MN,55115,651-426-0011,"Dentist, General Practice",2013-10-03,45.064933380417,-92.957586644257
nppes,1033170857,MAIN STREET FAMILY DENTAL CARE P.A.,,"411 MAIN ST, SUITE 308",SAINT PAUL,MN,55102,651-227-6561,"Dentist, General Practice",2020-08-22,44.946596923199,-93.102420787094
nppes,1902234743,MANITOU DENTAL CARE LTD,,2189 3RD ST,WHITE BEAR LAKE,MN,55110,651-429-9221,Dentist,2013-10-14,45.084380359659,-93.008519974994
nppes,1619065539,MAPLEWOOD DENTAL ASSOCIATES PA,,1736 EAST COPE AVE,MAPLEWOOD,MN,55109,651-770-3831,Dentist,2020-08-22,45.009957186951,-93.027032194506
nppes,1437496098,MAPLEWOOD PEDIATRIC DENTISTRY PLLC,,1915 COUNTY ROAD D E,MAPLEWOOD,MN,55109,651-779-9002,Dentist,2016-06-09,45.035843005714,-93.021389901257
nppes,1417825563,MARC MONTGOMERY DDS PA,,8380 CITY CENTRE DR STE 120,WOODBURY,MN,55125,651-714-1642,"Dentist, General Practice",2025-10-29,44.921234590935,-92.936084908226
nppes,1194693259,MARC MONTGOMERY DDS PA,MONTGOMERY DENTAL CARE,8380 CITY CENTRE DR STE 130,WOODBURY,MN,55125,651-738-1880,Dentist,2025-10-29,44.921234590935,-92.936084908226
nppes,1407701253,MARC MONTGOMERY DENTAL GPS PLLC,MONTGOMERY WOLKEN DENTAL CARE,8380 CITY CENTRE DR STE 120,WOODBURY,MN,55125,651-714-1642,"Dentist, General Practice",2026-02-26,44.921234590935,-92.936084908226
nppes,1841317732,"MARK I. MALTERUD, D.D.S., P.A.",,770 MOUNT CURVE BLVD,SAINT PAUL,MN,55116,651-699-2822,"Dentist, General Practice",2020-08-22,44.918660586685,-93.195408597861
nppes,1184899106,MENDES FAMILY DENTISTRY,,550 SNELLING AVE S,SAINT PAUL,MN,55116,651-699-0404,"Dentist, General Practice",2008-04-30,44.924803231534,-93.166945248628
nppes,1760667091,MENDOTA DENTAL ASSOCIATES,,"720 MAIN ST, SUITE 213",MENDOTA HEIGHTS,MN,55118,651-454-1502,Dentist,2008-01-06,44.884837937008,-93.120852684863
nppes,1225425309,"MENON PERIODONTICS AND IMPLANTS, LLC",,"1880 LIVINGSTON AVE, SUITE # 101",WEST SAINT PAUL,MN,55118,651-646-1318,"Dentist, Periodontics",2015-04-16,44.888896381003,-93.083035949125
nppes,1033451349,METROPOLITAN ENDODONTICS LTD.,,"8401 SEASONS PKWY, SUITE 400",WOODBURY,MN,55125,651-735-6334,"Dentist, Endodontics",2013-03-25,44.936114432552,-92.937478548607
nppes,1831509827,METROPOLITAN STATE UNIVERSITY,MERTOPOLITAN STATE UNIVERSITY DENTAL CLINIC,"1670 BEAM AVE, #203",MAPLEWOOD,MN,55109,651-621-8840,"Dentist, General Practice",2014-04-30,45.027973239535,-93.02972387341
nppes,1942470539,"MICHAEL A. KURKOWSKI, PA",,3500 RICE ST,SAINT PAUL,MN,55126,651-484-5331,"Dentist, General Practice",2008-03-10,45.047064702822,-93.10622009868
nppes,1205957776,"MIDWEST ENDODONTICS, P.A.",,"6949 VALLEY CREEK RD, #130",WOODBURY,MN,55125,651-731-1630,"Dentist, Endodontics",2020-08-22,44.925352238597,-92.967160242335
nppes,1104193762,MINNEAPOLIS-ST.PAUL ENDODONTICS,,10150 CITY WALK DR STE C,WOODBURY,MN,55129,651-714-7111,"Dentist, Endodontics",2011-11-28,44.943693767693,-92.900986297318
nppes,1285757864,"MINNESOTA CRANIOFACIAL CENTER MIDWAY, P.A.",,"2550 UNIVERSITY AVE W, SUITE 143N",SAINT PAUL,MN,55114,651-642-1013,Dentist,2013-09-26,44.965930696098,-93.202757522283
nppes,1154926939,"MINNESOTA DENTAL PROFESSIONALS, P.C.",MOSAIC DENTAL-APPLE VALLEY,14050 PILOT KNOB RD STE 108,APPLE VALLEY,MN,55124,952-423-4414,"Dentist, General Practice",2020-12-01,44.745382778837,-93.176730805704
nppes,1114522992,"MINNESOTA DENTAL PROFESSIONALS, P.C.",MOSAIC DENTAL-EAGAN,4555 ERIN DR STE 180,EAGAN,MN,55122,651-681-9044,"Dentist, General Practice",2020-12-01,44.79251967057,-93.220292894682
nppes,1174294995,"MINNESOTA DENTAL PROFESSIONALS, P.C.",APPLE VALLEY FAMILY DENTISTRY,7493 147TH ST W STE 100,APPLE VALLEY,MN,55124,952-432-7145,"Dentist, General Practice",2021-09-22,44.735212864961,-93.217552602881
nppes,1326640889,"MINNESOTA DENTAL PROFESSIONALS, P.C.",CITY'S EDGE DENTAL CARE,4021 BENJAMIN DR,WOODBURY,MN,55129,651-377-1066,"Dentist, General Practice",2021-01-15,44.890525624189,-92.951686960338
nppes,1710854369,"MINNESOTA HEAD AND NECK PAIN CLINIC, PA",,9950 VALLEY CREEK RD STE 100,WOODBURY,MN,55125,763-577-2484,"Dentist, Orofacial Pain",2026-08-18,44.919971695746,-92.904456752309
nppes,1508300252,"MINNESOTA PERIODONTAL ASSOCIATES, PA","ROGER G. ETTEL DDS AND ASSOCIATES, PA","4801 HWY 61 N., SUITE 300",WHITE BEAR LAKE,MN,55110,651-429-2299,"Dentist, Periodontics",2016-12-22,45.083388512349,-93.011651754177
nppes,1407536196,MNPL02 PLLC,,1099 HELMO AVE N STE 110,OAKDALE,MN,55128,651-372-3300,Dentist,2023-07-19,44.965939221158,-92.954863574696
nppes,1780236539,MODERN CARE ENDODONTICS OF APPLE VALLEY,,15160 FOLIAGE AVE STE 100,APPLE VALLEY,MN,55124,952-920-4400,"Dentist, Endodontics",2019-07-11,44.729593621915,-93.202296046423
nppes,1487940284,MODERN DENTAL PROFESSIONALS MINNESOTA PC,MIDWEST DENTAL,2059 ROBERT ST S,WEST SAINT PAUL,MN,55118,651-457-9633,"Dentist, General Practice",2011-06-21,44.884694764353,-93.080659361433
nppes,1255639696,MODERN DENTAL PROFESSIONALS MINNESOTA PC,MIDWEST DENTAL,"1121 TOWN CENTRE DR, #200",EAGAN,MN,55123,651-454-4771,"Dentist, General Practice",2011-03-09,44.831375311761,-93.148309031345
nppes,1295238178,MODERN DENTAL PROFESSIONALS MINNESOTA PC,MIDWEST DENTAL - WHITE BEAR LAKE,4520 CENTERVILLE RD,SAINT PAUL,MN,55127,651-426-4799,"Dentist, General Practice",2018-03-16,45.077657663414,-93.056049180389
nppes,1881877553,MODERN DENTAL PROFESSIONALS MN PC,MIDWEST DENTAL,"2355 ARIEL ST N, SUITE A",MAPLEWOOD,MN,55109,651-770-0428,Dentist,2007-12-17,45.013106228252,-93.015174850023
nppes,1235509084,MODERN DENTAL PROFESSIONALS MN PC,MIDWEST DENTAL,"15594 PILOT KNOB RD, SUITE 100",APPLE VALLEY,MN,55124,651-419-3840,"Dentist, General Practice",2015-10-05,44.722977995994,-93.176768327505
nppes,1861718173,MODERN DENTAL PROFESSIONALS MN PC,MIDWEST DENTAL,"200 VILLAGE CENTER DR, SUITE 400",NORTH OAKS,MN,55127,651-631-2133,Dentist,2010-04-12,,
nppes,1710357520,"MODERN DENTAL PROFESSIONALS, MN PC",MIDWEST DENTAL,"1625 LENA CT, SUITE 100",EAGAN,MN,55122,651-452-4111,"Dentist, General Practice",2015-10-06,44.803666507139,-93.183556697642
nppes,1205069358,MOUNDS VIEW FAMILY DENTAL,,5366 EDGEWOOD DR.,MOUNDS VIEW,MN,55112,347-481-6796,Dentist,2009-08-24,,
nppes,1740444827,"MYRON HENRICKSON, DDS PA",HENRICKSON DENTAL,"1560 BEAM AVE, SUITE 2",MAPLEWOOD,MN,55109,651-777-8900,Dentist,2008-07-17,45.027991035255,-93.033535738328
nppes,1497991798,NORTH ST. PAUL DENTAL,,2082 11TH AVE E,NORTH ST PAUL,MN,55109,651-770-6260,"Dentist, General Practice",2008-12-17,45.015286272786,-93.011904408636
nppes,1043435951,"NORTHEAST DENTAL, P.A.",,4520 CENTERVILLE RD,SAINT PAUL,MN,55127,651-426-4799,"Dentist, General Practice",2020-08-22,45.077657663414,-93.056049180389
nppes,1770730954,NORTHLAND DENTAL PARTNERS,METRO DENTALCARE,1905 PLAZA DR,EAGAN,MN,55122,651-686-6678,"Dentist, General Practice",2008-08-19,44.787258393019,-93.202481508738
nppes,1881841021,NORTHLAND DENTAL PARTNERS PLLC,METRO DENTALCARE,4670 PARK NICOLLET AVE SE,PRIOR LAKE,MN,55372,952-447-7606,"Dentist, General Practice",2008-08-19,,
nppes,1073261418,"NORTHLAND DENTAL PARTNERS, PLLC",METRO DENTALCARE MAPLEWOOD,1866 BEAM AVE,SAINT PAUL,MN,55109,651-774-7144,"Dentist, General Practice",2022-03-15,45.027971161209,-93.021920586057
nppes,1780866962,"NORTHLAND DENTAL PARTNERS, PLLC",METRO DENTALCARE,"3030 CENTRE POINTE DR, SUITE 100",ROSEVILLE,MN,55113,651-286-8100,"Dentist, General Practice",2009-04-14,45.031949045551,-93.189306355907
nppes,1659528891,"NORTHLAND DENTAL PARTNERS, PLLC",METRO DENTALCARE APPLE VALLEY CEDAR|METRO DENTALCARE,14990 GLAZIER AVE,APPLE VALLEY,MN,55124,952-431-5114,"Dentist, General Practice",2025-10-29,44.732698041498,-93.214451863573
nppes,1225771959,"NORTHLAND DENTAL PARTNERS, PLLC",METRO DENTALCARE WEST ST. PAUL,2036 ROBERT ST S,WEST ST PAUL,MN,55118,651-457-5762,"Dentist, General Practice",2022-04-20,44.885351843876,-93.080494860588
nppes,1619625043,"NORTHLAND DENTAL PARTNERS, PLLC",METRO DENTALCARE EAGAN,1965 CLIFF LAKE RD STE 102,EAGAN,MN,55122,651-452-4828,"Dentist, General Practice",2022-03-15,44.792591515435,-93.20693847233
nppes,1043960776,"NORTHLAND DENTAL PARTNERS, PLLC",METRO DENTALCARE ROSEVILLE,2690 SNELLING AVE N STE 200,ROSEVILLE,MN,55113,651-633-1834,"Dentist, General Practice",2022-03-25,45.023096052756,-93.166800794742
nppes,1215673868,"NORTHLAND DENTAL PARTNERS, PLLC",METRO DENTALCARE APPLE VALLEY FLORENCE TRAIL,14929 FLORENCE TRL,APPLE VALLEY,MN,55124,952-432-7366,"Dentist, General Practice",2022-05-06,44.732922547801,-93.202464468397
nppes,1891443263,"NORTHLAND DENTAL PARTNERS, PLLC",METRO DENTALCARE WOODBURY,429 COMMERCE DR STE 400,WOODBURY,MN,55125,651-731-2342,"Dentist, General Practice",2022-03-15,,
nppes,1730837105,"NORTHLAND DENTAL PARTNERS, PLLC",METRO DENTALCARE ST. PAUL MIDWAY,1375 SAINT ANTHONY AVE,SAINT PAUL,MN,55104,651-645-4671,"Dentist, General Practice",2022-03-15,44.952265168664,-93.158787259198
nppes,1225031156,"NORTHVIEW DENTAL, P.A.",NORTHVIEW DENTAL,4700 LEXINGTON AVE N,SHOREVIEW,MN,55126,651-483-1858,"Dentist, General Practice",2022-07-21,45.082384438362,-93.147272276115
nppes,1194847657,"OAKWOOD DENTAL GROUP, LTD",,4100 BELLAIRE AVE,WHITE BEAR LAKE,MN,55110,651-426-0038,"Dentist, General Practice",2020-08-22,45.06475429177,-92.994904849739
nppes,1609990175,OCG LTD,ORTHODONTIC CARE SPECIALISTS,8600 NICOLLET AVE S,BLOOMINGTON,MN,55420,952-888-8640,"Dentist, Orthodontics and Dentofacial Orthopedics",2022-07-21,44.847881872495,-93.278493009994
nppes,1790809267,OCG LTD,ORTHODONTIC CARE SPECIALISTS,16570 W 78TH ST,EDEN PRAIRIE,MN,55346,952-937-8733,"Dentist, Orthodontics and Dentofacial Orthopedics",2022-07-21,44.86284793963,-93.487666647763
nppes,1518081082,OCG LTD,ORTHODONTIC CARE SPECIALISTS,13784 83RD WAY N,MAPLE GROVE,MN,55369,763-494-6612,"Dentist, Orthodontics and Dentofacial Orthopedics",2022-07-21,45.105803390841,-93.454942544594
nppes,1407970973,OCG LTD,ORTHODONTIC CARE SPECIALISTS,2165 WHITE BEAR AVE N,MAPLEWOOD,MN,55109,651-748-0098,"Dentist, Orthodontics and Dentofacial Orthopedics",2022-07-21,45.006465997099,-93.025247399709
nppes,1619011533,OKANE AND MONSSEN FAMILY DENTISTRY,,"2221 FORD PKWY, STE 201",SAINT PAUL,MN,55116,651-698-1242,"Dentist, General Practice",2020-08-22,44.917960754056,-93.19406184859
nppes,1174460984,"OLGA IVETT CASTRO, DDS, PC",,4801 HIGHWAY 61 N STE 200,WHITE BEAR LAKE,MN,55110,651-429-3535,"Dentist, Endodontics",2026-04-30,45.083388512349,-93.011651754177
nppes,1235322504,OLSON DENTAL ASSOCIATES,,"393 DUNLAP ST N, SUITE 308",SAINT PAUL,MN,55104,651-788-7045,"Dentist, General Practice",2007-08-21,44.952955289824,-93.149285991205
nppes,1386189801,ON-SITE DENTISTRY,,"7600 FRANCE AVE. S., SUITE 1100",EDINA,MN,55130,763-545-7545,"Dentist, General Practice",2017-11-15,44.865443721606,-93.329013866426
nppes,1932335098,"ORCHARD DENTAL GROUP, P.L.L.C.",,12 LONG LAKE RD # 12,MAHTOMEDI,MN,55115,651-770-2699,Dentist,2009-06-03,45.03766481036,-92.975038813048
nppes,1679697148,ORTHODONTIC CARE GROUP,ORTHODONTIC CARE SPECIALISTS,3930 NORTHWOODS DR,ARDEN HILLS,MN,55112,651-490-6732,"Dentist, Orthodontics and Dentofacial Orthopedics",2022-07-21,45.058241393491,-93.150379831115
nppes,1043300262,ORTHODONTIC CARE GROUP,ORTHODONTIC CARE SPECIALISTS LTD,14605 GLAZIER AVE. S.,APPLE VALLEY,MN,55124,952-432-1103,"Dentist, Orthodontics and Dentofacial Orthopedics",2008-07-08,44.737846511776,-93.216306096929
nppes,1588788053,ORTHODONTIC CARE GROUP,ORTHODONTIC CARE SPECIALISTS,2500 COMO AVE,SAINT PAUL,MN,55108,651-917-0790,"Dentist, Orthodontics and Dentofacial Orthopedics",2022-07-21,,
nppes,1396869863,ORTHODONTIC CARE GROUP,ORTHODONTIC CARE SPECIALISTS,4886 HIGHWAY 61 N,WHITE BEAR LAKE,MN,55110,651-762-9543,"Dentist, Orthodontics and Dentofacial Orthopedics",2022-07-21,45.089059077434,-93.007488373505
nppes,1992820153,ORTHODONTIC CARE GROUP,ORTHODONTIC CARE SPECIALISTS,3401 WOODDALE AVE S,ST LOUIS PARK,MN,55416,952-920-1373,"Dentist, Orthodontics and Dentofacial Orthopedics",2022-07-21,44.941944540883,-93.359883802833
nppes,1982728333,ORTHODONTIC CARE GROUP,ORTHODONTIC CARE SPECIALISTS,1275 RAMSEY ST,SHAKOPEE,MN,55379,952-746-8996,"Dentist, Orthodontics and Dentofacial Orthopedics",2022-07-21,44.786654962843,-93.503471611204
nppes,1427172998,ORTHODONTIC CARE GROUP,ORTHODONTIC CARE SPECIALISTS,3455 PLYMOUTH BLVD,PLYMOUTH,MN,55447,763-551-8911,"Dentist, Orthodontics and Dentofacial Orthopedics",2022-07-21,45.019588149761,-93.476728590699
nppes,1801910377,ORTHODONTIC CARE GROUP,ORTHODONTIC CARE SPECIALISTS,11806 ABERDEEN ST NE,BLAINE,MN,55449,763-757-2550,"Dentist, Orthodontics and Dentofacial Orthopedics",2022-07-21,45.184580048853,-93.232898964801
nppes,1194849661,ORTHODONTIC CARE GROUP,ORTHODONTIC CARE SPECIALISTS,200 COON RAPIDS BLVD NW,COON RAPIDS,MN,55433,763-786-9457,"Dentist, Orthodontics and Dentofacial Orthopedics",2022-07-21,45.137926018197,-93.273288051945
nppes,1497879951,ORTHODONTIC CARE GROUP,ORTHODONTIC CARE SPECIALISTS,4670 PARK NICOLLET AVE SE,PRIOR LAKE,MN,55372,952-432-4941,"Dentist, Orthodontics and Dentofacial Orthopedics",2022-07-21,,
nppes,1710001284,ORTHODONTIC CARE GROUP,ORTHODONTIC CARE SPECIALISTS,6437 BROOKLYN BLVD,BROOKLYN CENTER,MN,55429,763-535-6010,"Dentist, Orthodontics and Dentofacial Orthopedics",2022-07-21,45.071719683634,-93.329693222263
nppes,1669817557,"ORTHODONTIC CARE SPECIALISTS, PLLC",ORTHODONTIC CARE SPECIALISTS,1375 SAINT ANTHONY AVE,SAINT PAUL,MN,55104,651-286-8153,"Dentist, Orthodontics and Dentofacial Orthopedics",2013-05-06,44.952265168664,-93.158787259198
nppes,1669894986,"ORTHODONTIC CARE SPECIALISTS, PLLC",ORTHODONTIC CARE SPECIALISTS,7600 SUNWOOD DR. N.W.,RAMSEY,MN,55303,763-786-9457,"Dentist, Orthodontics and Dentofacial Orthopedics",2014-01-07,45.232738864552,-93.460015327291
nppes,1982961942,"ORTHODONTIC CARE SPECIALISTS, PLLC",,14605 GLAZIER AVE,APPLE VALLEY,MN,55124,952-891-8635,"Dentist, Orthodontics and Dentofacial Orthopedics",2012-04-16,44.737846511776,-93.216306096929
nppes,1669894887,"ORTHODONTIC CARE SPECIALISTS, PLLC",ORTHODONTIC CARE SPECIALISTS,4980 W. 77TH ST.,EDINA,MN,55436,952-920-1373,"Dentist, Orthodontics and Dentofacial Orthopedics",2014-01-07,44.864200278546,-93.347920491644
nppes,1629560677,"ORTHODONTIC SPECIALISTS OF MINNESOTA, P.L.L.C.",THE DENTAL SPECIALISTS- ORTHODONTICS,9325 UPLAND LN N STE 330,MAPLE GROVE,MN,55369,763-657-2515,"Dentist, Orthodontics and Dentofacial Orthopedics",2020-10-28,45.125005233874,-93.481589130041
nppes,1306338553,"ORTHODONTIC SPECIALISTS OF MINNESOTA, P.L.L.C.",THE DENTAL SPECIALISTS-ORTHODONTICS,1109 MOORE LAKE DR E,FRIDLEY,MN,55432,763-572-2224,"Dentist, Orthodontics and Dentofacial Orthopedics",2020-10-28,45.081635236939,-93.23998489905
nppes,1245722297,"ORTHODONTIC SPECIALISTS OF MINNESOTA, P.L.L.C.",THE DENTAL SPECIALISTS- ORTHODONTICS,40 W NICOLLET BLVD,BURNSVILLE,MN,55337,952-241-2496,"Dentist, Orthodontics and Dentofacial Orthopedics",2020-10-28,44.750490132636,-93.279803113795
nppes,1699267633,"ORTHODONTIC SPECIALISTS OF MINNESOTA, P.L.L.C.",THE DENTAL SPECIALISTS- ORTHODONTICS,1150 HAZELTINE BLVD,CHASKA,MN,55318,952-241-5860,"Dentist, Orthodontics and Dentofacial Orthopedics",2020-10-28,44.834869051823,-93.599119621305
nppes,1821362302,"ORTHODONTIC SPECIALISTS OF MINNESOTA, P.L.L.C.",THE DENTAL SPECIALISTS - ORTHODONTICS,"6545 FRANCE AVE S, SUITE 381",EDINA,MN,55435,952-926-7766,"Dentist, Orthodontics and Dentofacial Orthopedics",2020-10-28,44.884796694699,-93.328756101197
nppes,1902398944,"ORTHODONTIC SPECIALISTS OF MINNESOTA, P.L.L.C.",THE DENTAL SPECIALISTS- ORTHODONTICS,12904 CENTRAL AVE NE,BLAINE,MN,55434,763-201-6960,"Dentist, Orthodontics and Dentofacial Orthopedics",2020-10-28,45.204481099573,-93.234790150454
nppes,1588156525,"ORTHODONTIC SPECIALISTS OF MINNESOTA, P.L.L.C.",THE DENTAL SPECIALISTS- ORTHODONTICS,18315 CASCADE DR STE 110,EDEN PRAIRIE,MN,55347,952-653-0475,"Dentist, Orthodontics and Dentofacial Orthopedics",2020-10-28,44.860383723709,-93.509072381476
nppes,1548818560,"ORTHODONTIC SPECIALISTS OF MINNESOTA, P.L.L.C.",THE DENTAL SPECIALISTS ORTHODONTICS BURNSVILLE EAST,675 E NICOLLET BLVD STE 120,BURNSVILLE,MN,55337,952-241-5890,"Dentist, Orthodontics and Dentofacial Orthopedics",2020-10-28,44.751676444374,-93.267034161046
nppes,1053685586,"ORTHODONTIC SPECIALISTS OF MINNESOTA, PLLC",,"2200 COUNTY ROAD C W, SUITE 2210",ROSEVILLE,MN,55113,651-633-0500,"Dentist, Orthodontics and Dentofacial Orthopedics",2026-08-11,45.020492874222,-93.192871256137
nppes,1013517093,"ORTHODONTIC SPECIALISTS OF MINNESOTA, PLLC",THE DENTAL SPECIALIST ORTHODONTICS WOODBURY,10150 CITY WALK DR APT C,WOODBURY,MN,55129,651-268-2992,"Dentist, Orthodontics and Dentofacial Orthopedics",2020-10-28,44.943693767693,-92.900986297318
nppes,1700310299,ORTHODONTICS SPECIALIST OF MINNESOTA P.L.L.C.,THE DENTAL SPECIALIST-ORTHODONTICS,3360 NORTHDALE BLVD NW,COON RAPIDS,MN,55448,651-746-2815,"Dentist, Orthodontics and Dentofacial Orthopedics",2020-10-28,45.191890573637,-93.349218981969
nppes,1861088197,ORTHODONTICS SPECIALIST OF MINNESOTA P.L.L.C.,THE DENTAL ORTHODONTICS MINNETONKA,14525 HIGHWAY 7 STE 125,MINNETONKA,MN,55345,952-241-5860,"Dentist, Orthodontics and Dentofacial Orthopedics",2020-12-21,44.922396274699,-93.464360865734
nppes,1063887719,"PARKSIDE DENTAL, P.C.",,2677 INNSBRUCK DR STE B,NEW BRIGHTON,MN,55112,612-332-0559,"Dentist, General Practice",2025-11-06,45.067902399358,-93.220689514881
nppes,1871755991,PAUL E. NELSON D.D.S.,,2377 MARGARET ST N,NORTH SAINT PAUL,MN,55109,651-777-3009,"Dentist, General Practice",2008-06-30,45.013722324775,-92.992397495699
nppes,1871155788,PAUL R WILD DDS PA,,"750 MAIN ST, SUITE 215",MENDOTA HEIGHTS,MN,55118,651-452-0261,"Dentist, General Practice",2019-11-07,44.88467233172,-93.120716565629
nppes,1487712915,"PDG, P.A.",PARK DENTAL,"9600 UPLAND LN N, SUITE 200",MAPLE GROVE,MN,55369,763-416-0037,"Dentist, General Practice",2020-10-28,45.129106672991,-93.479884011127
nppes,1588730527,"PDG, P.A.",PARK DENTAL,"18315 CASCADE DR, SUITE 120",EDEN PRAIRIE,MN,55347,952-949-2536,"Dentist, General Practice",2020-10-28,44.860383723709,-93.509072381476
nppes,1669530101,"PDG, P.A.",PARK DENTAL MINNETONKA,14525 HIGHWAY 7 STE 125,MINNETONKA,MN,55345,952-474-5622,"Dentist, General Practice",2020-01-31,44.922396274699,-93.464360865734
nppes,1437225554,"PDG, P.A.",PARK DENTAL,1150 HAZELTINE BLVD,CHASKA,MN,55318,952-361-0777,"Dentist, General Practice",2020-10-28,44.834869051823,-93.599119621305
nppes,1184782617,"PDG, P.A.",PARK DENTAL,"800 LASALLE AVE, SUITE 100",MINNEAPOLIS,MN,55402,612-338-4546,"Dentist, General Practice",2020-10-28,44.976470587653,-93.274609219802
nppes,1760540165,"PDG, P.A.",PARK DENTAL,"5000 W 36TH ST, SUITE 250",ST LOUIS PARK,MN,55416,952-920-3700,"Dentist, General Practice",2020-10-28,44.937931200273,-93.343465025623
nppes,1841366093,"PDG, P.A.",PARK DENTAL,"14990 GLAZIER AVE, SUITE 100",APPLE VALLEY,MN,55124,952-431-5114,"Dentist, General Practice",2020-10-28,44.732698041498,-93.214451863573
nppes,1386710499,"PDG, P.A.",PARK DENTAL,12180 BUSINESS PARK BOULEVARD NORTH,CHAMPLIN,MN,55316,763-421-5206,"Dentist, General Practice",2020-10-28,45.175913110381,-93.391464917388
nppes,1285700302,"PDG, P.A.",PARK DENTAL,"4000 CENTRAL AVE NE, #308",COLUMBIA HEIGHTS,MN,55421,763-781-7475,"Dentist, General Practice",2020-10-28,45.040987767121,-93.247492788717
nppes,1891853206,"PDG, P.A.",PARK DENTAL,"1515 SAINT FRANCIS AVE, SUITE 145",SHAKOPEE,MN,55379,952-496-1538,"Dentist, General Practice",2020-10-28,44.770133935674,-93.503350603938
nppes,1932275971,"PDG, P.A.",PARK DENTAL,"1895 PLAZA DR, SUITE 130",EAGAN,MN,55122,651-454-2700,"Dentist, General Practice",2020-10-28,44.787340271006,-93.202035351178
nppes,1982762423,"PDG, P.A.",PARK DENTAL,"1600 SAINT JOHNS BLVD, SUITE 100",MAPLEWOOD,MN,55109,651-770-7585,"Dentist, General Practice",2020-10-28,45.030134518462,-93.035581745725
nppes,1104985456,"PDG, P.A.",PARK DENTAL,"1835 CTY RD C-WEST, SUITE 220",ROSEVILLE,MN,55113,651-636-2123,"Dentist, General Practice",2020-10-28,45.021326618307,-93.178393765906
nppes,1689732133,"PDG,P.A.",PARK DENTAL,"4670 PARK NICOLLET AVE SE, SUITE 100",PRIOR LAKE,MN,55372,952-447-7606,"Dentist, General Practice",2020-10-28,,
nppes,1184782542,"PDG,P.A.",PARK DENTAL,40 W NICOLLET BLVD,BURNSVILLE,MN,55337,952-898-0990,"Dentist, General Practice",2020-10-28,44.750490132636,-93.279803113795
nppes,1306912480,"PDG,P.A.",PARK DENTAL,"4200 W OLD SHAKOPEE RD, SUITE 100",BLOOMINGTON,MN,55437,952-831-6126,"Dentist, General Practice",2020-10-28,44.809650779734,-93.333286618312
nppes,1730247321,"PDG,P.A.",PARK DENTAL,8559 EDINBROOK PKWY,BROOKLYN PARK,MN,55443,763-425-3644,"Dentist, General Practice",2020-10-28,45.110637219112,-93.308505536031
nppes,1215003371,"PDG,P.A.",PARK DENTAL,12904 CENTRAL AVE NE,BLAINE,MN,55434,763-755-1330,"Dentist, General Practice",2020-10-28,45.204481099573,-93.234790150454
nppes,1730247180,"PDG,P.A.",PARK DENTAL,13059 RIDGEDALE DR,MINNETONKA,MN,55305,952-545-8603,"Dentist, General Practice",2020-10-28,44.967492525808,-93.444225987478
nppes,1518033695,"PDG,P.A.",PARK DENTAL,6437 BROOKLYN BLVD,BROOKLYN CENTER,MN,55429,763-531-7177,"Dentist, General Practice",2020-10-28,45.071719683634,-93.329693222263
nppes,1417015009,"PDG,P.A.",PARK DENTAL,917 GRAND AVE,SAINT PAUL,MN,55105,651-221-1902,"Dentist, General Practice",2020-10-28,44.940013709574,-93.138889191525
nppes,1821164963,"PDG,P.A.",PARK DENTAL,"9145 SPRINGBROOK DR NW, SUITE 100",COON RAPIDS,MN,55433,763-786-4632,"Dentist, General Practice",2020-10-28,45.136535177537,-93.274550492792
nppes,1932256344,"PDG,P.A.",PARK DENTAL,"2200 COUNTY ROAD C W, SUITE 2210",ROSEVILLE,MN,55113,651-633-0500,Dentist,2020-10-28,45.020492874222,-93.192871256137
nppes,1083772669,"PDG,P.A.",PARK DENTAL,"6545 FRANCE AVE S, SUITE 390",EDINA,MN,55435,952-926-3534,"Dentist, General Practice",2020-10-28,44.884796694699,-93.328756101197
nppes,1043807571,"PDG,P.A.",PARK DENTAL EDINBOROUGH WAY,3300 EDINBOROUGH WAY STE 210,EDINA,MN,55435,952-831-1112,"Dentist, General Practice",2020-12-30,,
nppes,1770703688,"PERIODONTAL CARE, PA",,"7493 147TH ST W, SUITE 105",APPLE VALLEY,MN,55124,952-432-0010,"Dentist, Periodontics",2020-08-22,44.735212864961,-93.217552602881
nppes,1639713126,PERSONAL CARE DENTISTRY,,2233 HAMLINE AVE N STE 320,ROSEVILLE,MN,55113,651-636-0655,"Dentist, General Practice",2019-10-29,45.007943879209,-93.156707313678
nppes,1710960760,PETER N CANNON DDS PA,,"400 ROBERT ST N, #270",SAINT PAUL,MN,55101,651-224-2787,Dentist,2020-08-22,44.948303741784,-93.091599686844
nppes,1598967382,PETERS ORTHODONTIC SPECIALISTS,DR. NICOLE PETERS ORTHODONTICS,1099 HELMO AVE N STE 200,OAKDALE,MN,55128,651-578-8401,"Dentist, Orthodontics and Dentofacial Orthopedics",2015-10-20,44.965939221158,-92.954863574696
nppes,1013988765,PETERSON & PETERSON DDS PA,,1224 ARCADE ST,SAINT PAUL,MN,55106,651-774-2959,"Dentist, General Practice",2020-08-22,44.97797825742,-93.065888543678
nppes,1730488255,POWELL FAMILY DENTISTRY INC.,,"9900 VALLEY CREEK RD, SUITE 110",WOODBURY,MN,55125,651-501-1878,Dentist,2011-03-23,44.919971126741,-92.905381487643
nppes,1427398411,PREMIER DENTAL,,"1514 WHITE BEAR AVE N, B",SAINT PAUL,MN,55106,817-733-5469,"Dentist, General Practice",2013-02-27,44.986953514752,-93.025147045104
nppes,1699842351,"PRESERVE DENTISTRY, PA",,"7582 CURRELL BLVD, SUITE 210",WOODBURY,MN,55125,651-739-7888,"Dentist, General Practice",2014-06-03,44.924727557631,-92.951091634568
nppes,1679947287,PURE DENTAL,,"6230 10TH ST N, SUITE #520",OAKDALE,MN,55128,651-731-3064,Dentist,2015-11-19,44.963273859716,-92.979730146417
nppes,1730248667,"REYNOLDS J. FISCHBACH II, D.D.S., P.A.",,483 BRIMHALL ST,SAINT PAUL,MN,55116,651-698-0848,Dentist,2020-08-22,44.926913773482,-93.165783085928
nppes,1619781770,RIVERBEND FAMILY DENTAL,,241 CLEVELAND AVE S STE D1,SAINT PAUL,MN,55105,651-699-3212,"Dentist, General Practice",2025-02-06,44.934171655285,-93.187460428985
nppes,1821218462,"ROBERT A. CASPER JR.,D.D.S., P.A.",,3436 DENMARK AVE,EAGAN,MN,55123,651-452-4455,"Dentist, General Practice",2008-06-25,44.83107313436,-93.159542354416
nppes,1720465784,ROBERT J MALEY DDS PA,DR. BOB MALEY FAMILY DENTISTRY,"1150 MONTREAL AVE, SUITE 104",SAINT PAUL,MN,55116,651-224-0001,"Dentist, General Practice",2015-04-29,44.912367838063,-93.148354865679
nppes,1194887521,"ROGER G. ETTEL D.D.S. & ASSOCIATES, PA",,4801 HIGHWAY 61 N # SU-300,WHITE BEAR LAKE,MN,55110,651-429-2299,"Dentist, Periodontics",2008-07-30,45.083388512349,-93.011651754177
nppes,1053127852,RONALD H VESCIO DDS,,2677 INNSBRUCK DR STE B,NEW BRIGHTON,MN,55112,651-631-3777,"Dentist, General Practice",2024-12-06,45.067902399358,-93.220689514881
nppes,1366810061,ROSEVILLE DENTISTRY,TAMARA SIMONS & ASSOCIATES,"1912 LEXINGTON AVE N, SUITE 100",ROSEVILLE,MN,55113,651-489-1900,Dentist,2015-09-11,44.999158269643,-93.146301621111
nppes,1417191602,ROSEVILLE DENTISTRY,,"1912 LEXINGTON AVE N, SUITE 200",ROSEVILLE,MN,55113,651-631-3610,"Dentist, General Practice",2009-05-01,44.999158269643,-93.146301621111
nppes,1770503096,"ROSEVILLE FAMILY DENTAL CARE, P.A.",,708 COUNTY ROAD B W,ROSEVILLE,MN,55113,651-489-0161,"Dentist, General Practice",2020-08-22,45.006143212652,-93.130077427147
nppes,1861910705,RSS LAURIE STRAND PLLC,,2375 FAIRVIEW AVE N,ROSEVILLE,MN,55113,,"Dentist, General Practice",2017-08-30,,
nppes,1720697808,RUSSOMANNO KEANE DDS PA,BLUEJAY FAMILY DENTISTRY,1975 11TH AVE E,MAPLEWOOD,MN,55109,651-770-2900,"Dentist, General Practice",2020-07-24,45.01547230148,-93.016294898962
nppes,1053097790,RYAN T PFUNDHELLER DDS PLLC,SMILES PLUS DENTAL CARE,3060 WOODBURY DR,WOODBURY,MN,55129,651-427-4893,"Dentist, General Practice",2023-06-27,44.905533618557,-92.903517526579
nppes,1073970273,SAINT ANTHONY PARK DENTAL CARE PLLC,,2278 COMO AVE,SAINT PAUL,MN,55108,651-644-3685,"Dentist, General Practice",2016-01-20,44.98181136872,-93.19517667212
nppes,1831963487,"SALMA HELAL, D.D.S., PLLC",,2611 INNSBRUCK DR STE A,NEW BRIGHTON,MN,55112,763-571-4837,"Dentist, General Practice",2023-11-13,45.067716810815,-93.220275271816
nppes,1255880944,SALUTE DENTAL,,2101 WOODWINDS DR STE 500,WOODBURY,MN,55125,651-209-0270,"Dentist, General Practice",2016-09-23,44.91827054777,-92.98009936259
nppes,1144696063,SAWYER DENTAL LLC,MENDOTA DENTAL ASSOCIATES,"720 MAIN ST, SUITE 213",MENDOTA HEIGHTS,MN,55118,651-209-9219,Dentist,2015-08-14,44.884837937008,-93.120852684863
nppes,1336575539,SCOTT L BJERKE DDS PA,,"2130 CLIFF RD, SIUTE 107",EAGAN,MN,55122,651-452-3112,Dentist,2013-09-19,44.790150983491,-93.216190500761
nppes,1073787669,SEDATION & IMPLANT DENTISTRY,,1815 SUBURBAN AVE,SAINT PAUL,MN,55119,651-735-4661,"Dentist, Periodontics",2008-04-15,44.949736280014,-93.023845149867
nppes,1831857788,SEDATION AND IMPLANT DENSTISTRY - DR ANDERSON AND DR YANG PLLC,,1815 SUBURBAN AVE STE 200,SAINT PAUL,MN,55119,651-735-4661,"Dentist, General Practice",2021-12-07,44.949736280014,-93.023845149867
nppes,1346356052,SERENE OAKS DENTAL,,"400 VILLAGE CENTER DR, SUITE 100",NORTH OAKS,MN,55127,651-288-3111,"Dentist, General Practice",2020-08-22,,
nppes,1659974665,SERENITY DENTAL CORPORATION,,"563 BEIELBERG DRIVE, 210",WOODBURY,MN,55125,651-414-0208,"Dentist, General Practice",2020-11-20,,
nppes,1285350736,SHAMBLOTT FAMILY DENTAL CENTER PLLC,DENTAL CARE ALLIANCE,400 SELBY AVE,SAINT PAUL,MN,55102,651-222-6880,Dentist,2026-07-21,44.946495643818,-93.115403908492
nppes,1285350736-pl1,SHAMBLOTT FAMILY DENTAL CENTER PLLC,DENTAL CARE ALLIANCE,33 10TH AVE S STE 250,HOPKINS,MN,55343,651-222-6880,Dentist,2026-07-21,44.923702780033,-93.412656973031
nppes,1679843619,SHOREVIEW DENTAL ASSOCIATES,NATURAL SMILES DENTAL CARE,"4700 LEXINGTON AVENUE N, SUITE D",SHOREVIEW,MN,55126,651-483-9800,"Dentist, General Practice",2012-01-09,45.082384438362,-93.147272276115
nppes,1437369105,SMILE DESIGN FAMILY DENTISTRY,,1121 TOWN CENTRE DR STE 200,EAGAN,MN,55123,651-454-4771,Dentist,2007-07-25,44.831375311761,-93.148309031345
nppes,1265948285,"SMILE LABS SERVICES, LLC",,867 GRAND AVENUE,ST. PAUL,MN,55105,651-222-5133,"Dentist, Orthodontics and Dentofacial Orthopedics",2017-12-28,44.939997797879,-93.136753399531
nppes,1821690496,SMILE ORTHODONTICS STILLWATER LLC,,9424 MAPLE GROVE PKWY N,MAPLE GROVE,MN,55311,651-351-7777,"Dentist, Orthodontics and Dentofacial Orthopedics",2024-10-03,,
nppes,1518572916,SMILE ORTHODONTICS STILLWATER LLC,SMILE ORTHODONTICS,2008 FORD PKWY,SAINT PAUL,MN,55116,651-351-7777,"Dentist, Orthodontics and Dentofacial Orthopedics",2020-10-15,44.917869663121,-93.185162172511
nppes,1457064800,"SMILE ORTHODONTICS STILLWATER, LLC",SMILE ORTHODONTICS,2150 3RD AVE STE 110,ANOKA,MN,55303,651-351-7777,"Dentist, Orthodontics and Dentofacial Orthopedics",2022-12-30,45.199674362766,-93.387120186731
nppes,1710442413,SMILES IN MOTION OF MINNESOTA PC,GREAT RIVER ORTHODONTICS|SMILES IN MOTION,2480 WHITE BEAR AVE N,MAPLEWOOD,MN,55109,651-777-8182,"Dentist, Orthodontics and Dentofacial Orthopedics",2019-12-16,45.015641112827,-93.019788027845
nppes,1710442413-pl1,SMILES IN MOTION OF MINNESOTA PC,GREAT RIVER ORTHODONTICS|SMILES IN MOTION,2211 HAMLINE AVE N,ROSEVILLE,MN,55113,651-636-2521,"Dentist, Orthodontics and Dentofacial Orthopedics",2019-12-16,45.007607305981,-93.156701301424
nppes,1457570194,SMISEK FAMILY DENTISTRY P.A.,,501 TANGLEWOOD DR,SHOREVIEW,MN,55126,651-483-6747,"Dentist, General Practice",2008-07-17,45.086441983668,-93.121016691558
nppes,1245416403,SNELLING AVENUE DENTAL,,604 SNELLING AVE S,SAINT PAUL,MN,55116,651-699-5600,"Dentist, General Practice",2008-06-26,44.923204513892,-93.166944118864
nppes,1033385653,ST PAUL DENTAL CENTER LLC,,"30 7TH ST E, SUITE 101",SAINT PAUL,MN,55101,651-227-6646,"Dentist, General Practice",2008-05-03,44.948427249211,-93.095792541483
nppes,1043642135,ST PAUL FAMILY DENTISTRY,,1050 LARPENTEUR AVE W,SAINT PAUL,MN,55113,651-488-5522,Dentist,2013-08-08,44.991902283614,-93.144374792517
nppes,1720918840,ST. CROIX SLEEP PLLC,,2185 WOODLANE DR,WOODBURY,MN,55125,651-731-1560,Dentist,2026-05-20,44.916917538609,-92.965646362074
nppes,1154830602,STILLWATER DENTISTRY PLLC,,1963 ROBERT ST S STE 100,WEST ST PAUL,MN,55118,651-321-1007,"Dentist, General Practice",2017-09-28,44.887133890568,-93.080649110265
nppes,1841094844,STRONG TIES ORAL HEALTH PLLC,,7600 147TH ST W STE 202,APPLE VALLEY,MN,55124,952-393-0077,Dentist,2025-04-01,44.735106198884,-93.219800653058
nppes,1013386796,SYDLEWSKI ORTHODONTICS,"SIGNATURE ORTHODONTICS, INC.",1575 7TH ST W STE 102,SAINT PAUL,MN,55102,651-426-9986,"Dentist, Orthodontics and Dentofacial Orthopedics",2015-09-23,44.917184029955,-93.14238931685
nppes,1093445082,THE DENTAL CLINIC,,1932 UNIVERSITY AVE W,ST PAUL,MN,55104,612-444-1949,"Dentist, General Practice",2025-05-12,44.95740285058,-93.181375635441
nppes,1861914061,"THE DENTAL SPECIALIST OF MINNESOTA, PLLC",TWIN CITITES ENDODOONTICS SPECIALIST PA,2550 UNIVERSITY AVE W STE 155S,SAINT PAUL,MN,55114,651-646-6386,"Dentist, Endodontics",2020-10-28,44.965930696098,-93.202757522283
nppes,1174045975,"THE DENTAL SPECIALISTS OF MINNESOTA, PLLC",TWIN CITIES ENDODONTICS SPECIALIST PA,4640 NICOLS RD STE 202,EAGAN,MN,55122,651-994-1344,"Dentist, Endodontics",2020-10-28,44.78837032196,-93.21792343463
nppes,1790493849,THE GORMAN CENTER FOR FINE DEN,,"700 VILLAGE CENTER DR, STE 100",NORTH OAKS,MN,55127,651-483-5134,"Dentist, General Practice",2022-11-08,45.081833847063,-93.115451830158
nppes,1770196891,THOMAS J HOEFFEL DDS PA,ROSEVILLE DENTAL ASSOCIATES,2819 HAMLINE AVE N STE 104,ROSEVILLE,MN,55113,651-631-9010,"Dentist, General Practice",2020-08-28,45.026053674842,-93.156994995443
nppes,1407923733,TODD A THAYER DDS MS PA,THAYER ORTHODONTICS,1050 LARPEUTEUR AVENUE WEST,ST PAUL,MN,55113,651-488-5622,"Dentist, Orthodontics and Dentofacial Orthopedics",2020-08-22,44.991902283614,-93.144374792517
nppes,1942474457,"TOH-ENG LIM, DDS",EAGAN DENTAL CLINIC,4640 SLATER RD STE 150,EAGAN,MN,55122,651-808-5252,"Dentist, General Practice",2008-04-15,44.78814031621,-93.22339020911
nppes,1265606248,"TRENT M. ANDERSON, D.D.S., P.L.L.C.",SUN RAY FAMILY DENTAL,1871 OLD HUDSON RD,SAINT PAUL,MN,55119,651-738-0900,"Dentist, General Practice",2008-04-21,44.952798977877,-93.020943507681
nppes,1073461810,"TWIN CITIES CHILDREN'S ANESTHESIA DENTISTRY, PLLC",,1997 SLOAN PL STE 30,MAPLEWOOD,MN,55117,651-383-3333,Anesthesiology,2026-06-19,45.000654675385,-93.08748878393
nppes,1376222547,TWIN CITIES CHILDREN'S GENERAL ANESTHESIA DENTISTRY,,1997 SLOAN PL,MAPLEWOOD,MN,55117,301-494-3000,Dentist,2026-06-19,45.000654675385,-93.08748878393
nppes,1225095052,"TWIN CITIES ENDODONTIC SPECIALISTS, P.A.",,"4640 NICOLS RD, SUITE 202",EAGAN,MN,55122,651-994-1344,"Dentist, Endodontics",2008-06-19,44.78837032196,-93.21792343463
nppes,1770540502,"TWIN CITIES ENDODONTIC SPECIALISTS, P.A.",,"2550 UNIVERSITY AVE W, SUITE 155S",SAINT PAUL,MN,55114,651-646-6386,"Dentist, Endodontics",2012-02-01,44.965930696098,-93.202757522283
nppes,1467179531,VALARIE E KREPS,HIGHLAND DENTAL PROFESSIONALS,1206 RANDOLPH AVENUE,ST PAUL,MN,55105,651-699-3031,Dentist,2022-10-20,44.926891705242,-93.150947296531
nppes,1972760098,VALLEY CREEK FAMILY DENTISTRY,,"6949 VALLEY CREEK RD, SUITE 100",WOODBURY,MN,55125,651-731-1054,"Dentist, General Practice",2008-05-16,44.925352238597,-92.967160242335
nppes,1417101601,VALLEY OAKS DENTAL,STEINER & VENTRUCCI,7373 147TH ST. W. #116,APPLE VALLEY,MN,55124,952-432-8110,"Dentist, General Practice",2015-04-06,44.734852537633,-93.214798978562
nppes,1871668830,"VANG DENTAL CLINIC, INC",,365 UNIVERSITY AVE W,SAINT PAUL,MN,55103,651-222-6738,"Dentist, General Practice",2007-08-02,44.955819648021,-93.115525436992
nppes,1942357397,VENEMAN DENTAL CARE,,1650 BEAM AVE,MAPLEWOOD,MN,55109,651-770-7175,Dentist,2020-08-22,45.027977078496,-93.030531597236
nppes,1336560275,"VENEMAN DENTAL CARE, PA",,"1774 COPE AVE, SUITE 110",MAPLEWOOD,MN,55109,651-770-7175,"Dentist, General Practice",2013-12-19,45.009951087353,-93.025297219487
nppes,1689748295,"WAYNEWOOD & ASSOCIATES, P.A.",,393 DUNLAP ST N STE 650,SAINT PAUL,MN,55104,651-647-9697,"Dentist, General Practice",2008-02-01,44.952955289824,-93.149285991205
nppes,1366681082,"WAYNEWOOD & ASSOCIATES, P.A.",KINGFIELD FAMILY DENTAL,17 E 38TH ST,MINNEAPOLIS,MN,55409,612-353-5443,"Dentist, General Practice",2009-02-19,44.934041964624,-93.277642090986
nppes,1104550367,WEST 7TH DENTAL,,106 DOUGLAS ST,SAINT PAUL,MN,55102,651-377-1926,Dentist,2022-07-13,44.938365681376,-93.110861926565
nppes,1043654411,WEST ST PAUL FAMILY DENTISTY PLLC,,250 WENTWORTH AVE E,WEST ST PAUL,MN,55118,651-455-1577,Dentist,2013-04-29,44.897943101101,-93.073480364274
nppes,1558725598,"WHITE BEAR DENTISTS, PC",WHITE BEAR DENTISTS,1970 BUERKLE ROAD,WHITE BEAR LAKE,MN,55110,651-337-5695,"Dentist, General Practice",2016-04-06,45.03917366919,-93.017882632466
nppes,1730782467,WHITE BEAR LAKE ORTHODONTICS,,4437 LAKE AVE S,WHITE BEAR LAKE,MN,55110,763-999-0055,"Dentist, Orthodontics and Dentofacial Orthopedics",2020-11-17,,
nppes,1396202917,"WHITE BEAR SMILES, P.A.",,4778 BANNING AVE,WHITE BEAR LAKE,MN,55110,651-426-8998,Dentist,2019-03-01,45.085720277263,-93.007555763986
nppes,1952569220,WILLIAM S JOHNSTON DDS PA,,1545 LIVINGTON AVE SUITE 101,W ST PAUL,MN,55118,651-455-0505,Dentist,2008-05-23,44.899034681504,-93.0825781393
nppes,1750577318,WOOD PARK DENTAL,,4355 NICOLS RD,EAGAN,MN,55122,952-431-5088,"Dentist, General Practice",2014-07-10,44.798970397038,-93.218039054166
nppes,1518231596,WOODBURY DENTAL ARTS,,237 RADIO DR STE 110,WOODBURY,MN,55125,651-436-7559,"Clinic/Center, Dental",2021-10-18,44.944507005169,-92.934158607243
nppes,1205008661,"WOODBURY ENDODONTICS, LLC",,8401 SEASONS PKWY,WOODBURY,MN,55125,651-735-6430,"Dentist, Endodontics",2008-03-26,44.936114432552,-92.937478548607
nppes,1205777182,"WOODBURY MODERN DENTISTRY, PC",WOODBURY MODERN DENTISTRY,265 RADIO DR STE E,WOODBURY,MN,55125,612-294-6742,"Dentist, General Practice",2026-04-03,44.944008645892,-92.934149011534
nppes,1912498148,WOODBURY SLEEP SOLUTIONS PA,,2070 EAGLE CREEK LN STE 300,WOODBURY,MN,55129,651-439-7559,"Durable Medical Equipment & Medical Supplies, Customized Equipment",2018-05-23,44.91936842596,-92.902648615669
nppes,1548659824,"WOODBURY SMILES DENTISTRY, PC",WOODBURY SMILES DENTISTRY,"580 WOODBURY DR, SUITE 300",WOODBURY,MN,55125,651-731-1010,Dentist,2015-01-09,44.940115301208,-92.903619059275
nppes,1356539993,WOODGROVE DENTAL PA,,"1789 WOODLANE DR, SUITE D",WOODBURY,MN,55125,651-738-1284,"Dentist, General Practice",2007-10-09,44.923060278799,-92.966252616775
nppes,1124198635,A GENTLE DENTAL CENTER OF ROGERS,,"14115 JAMES RD, SUITE 303",ROGERS,MN,55374,763-428-2226,"Dentist, General Practice",2020-08-22,,
nppes,1154455426,ACCORDE ORTHODONTISTS,,6810 HEMLOCK LN N,MAPLE GROVE,MN,55369,763-425-9888,"Dentist, Orthodontics and Dentofacial Orthopedics",2020-08-22,45.078626620321,-93.431063692076
nppes,1528423274,ADELMANN DENTISTRY LLC,,"14247 OCONNELL CT, 100",SAVAGE,MN,55378,952-226-3560,Dentist,2015-12-23,44.745651342563,-93.350901865671
nppes,1083788574,ADVANCED DENTAL CARE SERVICES,,2363 COMMERCE BLVD,MOUND,MN,55364,952-472-1182,"Dentist, General Practice",2020-08-22,44.936349750345,-93.666500215167
nppes,1679142673,ALEX W SCOTT DMD PLLC,GLEN LAKE FAMILY DENTISTRY,"5509 EDEN PRAIRIE ROAD, SUITE A",MINNETONKA,MN,55345,952-938-6038,Dentist,2022-10-26,44.903588306166,-93.465120520171
nppes,1922526334,ALL SMILES DENTAL PA,ALL SMILES DENTAL,212 CLYDESDALE TRL,MEDINA,MN,55340,952-239-5072,"Dentist, General Practice",2017-09-06,45.045645463011,-93.526661622801
nppes,1811163314,"ALLIED ENDODONTIC SPECIALISTS, P.A.",,14040 81ST AVE N,MAPLE GROVE,MN,55311,763-657-1502,"Dentist, Endodontics",2008-05-05,45.101924139043,-93.458843032852
nppes,1508320789,AMY HUGHES DDS PA,,18305 MINNETONKA BLVD,DEEPHAVEN,MN,55391,952-936-2206,"Dentist, General Practice",2019-07-10,44.942100403419,-93.512187764114
nppes,1265143671,ANCHORED ORTHODONTICS PLLC,,17809 HUTCHINS DR STE 101,MINNETONKA,MN,55345,612-889-7211,"Dentist, Orthodontics and Dentofacial Orthopedics",2022-12-06,44.911093862848,-93.505572763138
nppes,1730256132,"ANDOVER FAMILY DENTISTRY, LLC",ANDOVER FAMILY DENTISTRY,"3480 BUNKER LAKE BLVD NW, SUITE 202",ANDOVER,MN,55304,763-427-4780,"Dentist, General Practice",2019-06-19,45.219409222699,-93.354682770973
nppes,1912458969,ANOKA DENTAL PLLC,,"12 BRIDGE SQ, SUITE 106",ANOKA,MN,55303,763-421-4002,Dentist,2016-10-14,45.196894830846,-93.390743529543
nppes,1720175987,"BABCOCK, MORGAN, D.D.S.P.A",BABCOCK & MORGAN FAMILY DENTAL,16670 FRANKLIN TRL SE,PRIOR LAKE,MN,55372,952-447-4611,"Dentist, General Practice",2020-08-22,44.708892198864,-93.424320505666
nppes,1295566628,"BANURU SHETTY DENTAL GROUP, P.L.L.C",,7727 FLYING CLOUD DR,EDEN PRAIRIE,MN,55344,201-336-0434,"Dentist, General Practice",2024-08-08,44.865311533603,-93.41994927122
nppes,1194939041,BASILE ORTHODONTICS PA,MINNETONKA LAKE ORTHODONTICS,"17809 HUTCHINS DRIVE, SUITE 101",MINNETONKA,MN,55345,952-474-3203,"Dentist, Orthodontics and Dentofacial Orthopedics",2009-02-17,44.911093862848,-93.505572763138
nppes,1679618326,BASILE ORTHODONTICS PA,PRIOR LAKE ORTHODONTICS,"5116 GATEWAY STREET SE #103, SUITE #103",PRIOR LAKE,MN,55372,952-447-6088,"Dentist, Orthodontics and Dentofacial Orthopedics",2009-02-17,44.71854748783,-93.415181942425
nppes,1952468654,BLUE RIDGE DENTAL CENTER PA,,"11601 MINNETONKA MILLS RD, SUITE D",MINNETONKA,MN,55305,952-938-8858,"Dentist, General Practice",2020-08-22,44.93487920633,-93.426541514227
nppes,1639337710,BLUE RIDGE DENTAL CENTER PA,BLUE RIDGE DENTAL CENTER PA,13800 83RD WAY N STE 100,MAPLE GROVE,MN,55369,763-424-2877,"Dentist, General Practice",2008-05-27,45.105713295305,-93.455022688493
nppes,1336492834,"BOGER-TRI DENTAL, P.L.L.C.",MINNETONKA DENTAL CARE,17909 DELTON AVE,MINNETONKA,MN,55345,952-474-7057,Dentist,2012-10-22,44.911769299579,-93.50769364325
nppes,1457410482,BRAVELAND FAMILY DENTAL PA,,"2500 COUNTY ROAD 42 W, SUITE 8",BURNSVILLE,MN,55337,952-895-0300,Dentist,2020-08-22,44.746417183047,-93.310850472182
nppes,1508925017,BRENT CATALDO DDS PA,,1025 EVERGREEN LN N,PLYMOUTH,MN,55441,763-544-7856,Dentist,2007-10-12,44.990065699142,-93.426962366325
nppes,1023682507,"BRILLIANT DENTISTRY, PLLC",,7727 FLYING CLOUD DR,EDEN PRAIRIE,MN,55344,952-944-2052,"Dentist, General Practice",2021-05-19,44.865311533603,-93.41994927122
nppes,1497827869,BROOK WEST FAMILY DENTISTRY PA,,"7950 MAIN ST, #205",MAPLE GROVE,MN,55369,763-561-2273,Dentist,2020-08-22,45.100343473546,-93.441286188419
nppes,1124207899,"BRUCE A. BAKER, D.D.S., P.A.",,1405 78TH ST,VICTORIA,MN,55386,952-443-2994,"Dentist, General Practice",2007-10-30,44.863226741961,-93.652303465911
nppes,1316035595,"BRUCE K.A. DORMANEN, P.A.",,2150 3RD AVE STE 200,ANOKA,MN,55303,763-421-9292,"Dentist, Orthodontics and Dentofacial Orthopedics",2020-08-22,45.199674362766,-93.387120186731
nppes,1194101055,BRUCE MARTINSON FAMILY & COSMETIC DENTISTRY,WAYZATA SMILES,317 E WAYZATA BLVD,WAYZATA,MN,55391,952-473-4639,"Dentist, General Practice",2015-08-03,44.973581598572,-93.516652224539
nppes,1932768157,"BRUCE MERRY DDS, PLLC",,7890 MITCHELL RD,EDEN PRAIRIE,MN,55344,952-937-7677,"Dentist, General Practice",2019-06-11,44.860392203107,-93.460218833394
nppes,1891079851,"BURNSVILLE DENTAL, P.A.",NORTHSTAR DENTAL CLINIC,675 E NICOLLET BLVD STE 120,BURNSVILLE,MN,55337,952-892-7700,"Dentist, General Practice",2011-10-07,44.751676444374,-93.267034161046
nppes,1144656059,BURNSVILLE ORTHODONTIC ASSOCIATES PLLC,EKIM ORTHODONTICS,"625 E NICOLLET BLVD, SUITE 300",BURNSVILLE,MN,55337,952-435-0350,"Dentist, Orthodontics and Dentofacial Orthopedics",2015-11-10,44.751369034162,-93.267753686109
nppes,1144632993,CASEY LUKE NEWTON,,13911 RIDGEDALE DR,MINNETONKA,MN,55305,952-545-8603,Dentist,2020-10-28,44.970565302862,-93.456105914048
nppes,1619259181,CEDAR ISLAND DENTAL,,7378 KIRKWOOD CT N,MAPLE GROVE,MN,55369,763-391-7600,"Dentist, General Practice",2011-09-12,45.088959164476,-93.433591838663
nppes,1730255373,CENTERPOINTE DENTAL GROUP PA,,"14321 NICOLLET COURT, SUITE #200",BURNSVILLE,MN,55306,952-892-3808,"Dentist, General Practice",2020-08-22,44.744256153193,-93.280851010446
nppes,1194198309,"CHAMPLIN DENTISTRY, PC",CHAMPLIN DENTISTRY,11231 AQUILA DRIVE N,CHAMPLIN,MN,55316,763-275-1318,"Dentist, General Practice",2015-11-10,45.158256389802,-93.389946544401
nppes,1992818751,CHAMPLIN FAMILY DENTAL PA,,12233 CHAMPLIN DRIVE,CHAMPLIN,MN,55316,763-323-0678,"Dentist, General Practice",2015-04-22,45.175254697037,-93.393095642427
nppes,1538112180,CHANHASSEN DENTAL,,"480 W 78TH ST, SUITE #116",CHANHASSEN,MN,55317,952-934-3383,"Dentist, General Practice",2020-08-22,44.862207648678,-93.53378670633
nppes,1053831941,CHANHASSEN FAMILY DENTISTRY PA,,8116 MALLORY CT,CHANHASSEN,MN,55317,953-443-3368,"Dentist, General Practice",2022-07-21,44.856281974069,-93.554085206999
nppes,1760852487,"CHANHASSEN SMILES DENTISTRY, PC",CHANHASSEN SMILES DENTISTRY,"190 LAKE DRIVE E, SUITE 130",CHANHASSEN,MN,55319,952-303-1737,"Dentist, General Practice",2015-10-07,44.860606091243,-93.526346426612
nppes,1992807333,CHARLES L HIRT DDS PA,,"17705 HUTCHINS DRIVE, SUITE 201",MINNETONKA,MN,55345,952-474-5239,Dentist,2020-08-22,44.910902683919,-93.503490682136
nppes,1912319286,CHASKA COMMONS DENTAL GROUP PC,CHASKA COMMONS DENTAL GROUP,114 PIONEER TRAIL,CHASKA,MN,55318,952-361-6855,"Dentist, General Practice",2022-05-11,44.826938173069,-93.523950072759
nppes,1891867941,"CHASKA DENTAL CENTER, P.A.",,"2634 SHADOW LN, SUITE 101",CHASKA,MN,55318,952-448-4151,"Dentist, General Practice",2020-08-22,44.824421583128,-93.571325327864
nppes,1821243858,CHASKA ORTHODONTIC SPECIALISTS,,1475 WHITE OAK DR,CHASKA,MN,55318,952-361-5550,"Dentist, Orthodontics and Dentofacial Orthopedics",2008-11-18,44.804257232465,-93.604228255925
nppes,1467509851,CHERRYWOOD DENTAL CARE PA,,14127 VERNON AVE S,SAVAGE,MN,55378,952-440-9303,Dentist,2012-01-26,44.748229915622,-93.351367497135
nppes,1609432798,CHRISTINA MCCULLOUGH DDS PLLC,,2455 SHADYWOOD ROAD,ORONO,MN,55331,952-471-9205,"Dentist, General Practice",2019-05-14,44.933435540853,-93.606734824552
nppes,1225150881,"CITIES DENTISTRY, PA",,235 1ST AVE E,SHAKOPEE,MN,55379,952-445-6220,"Dentist, General Practice",2020-08-22,44.799394199662,-93.524609713847
nppes,1891650685,"COMPASS ORTHODONTICS, P.L.L.C.",,340 CLYDESDALE TRAIL,MEDINA,MN,55340,952-222-7692,"Dentist, Orthodontics and Dentofacial Orthopedics",2025-12-23,45.044694279048,-93.530586794228
nppes,1285825729,"CRAIG V. DUREN, D.D.S. , P.A.",,351 W NICOLLET BLVD,BURNSVILLE,MN,55337,952-435-4142,"Dentist, General Practice",2007-08-08,44.74955534627,-93.279045540437
nppes,1043955412,CREEKSIDE DENTAL PLLC,,3340 REPUBLIC AVE STE 130,ST LOUIS PARK,MN,55426,763-442-7624,Dentist,2022-05-01,44.939528017203,-93.368162109115
nppes,1346462355,CROSSINGS DENTAL CARE,,8170 OLD CARRIAGE CT STE 150,SHAKOPEE,MN,55379,952-224-8090,"Dentist, General Practice",2020-08-22,44.780802803545,-93.414820256938
nppes,1407947278,"D. BRADLEY DODDS, D.D.S., P.A.",,"7770 DELL RD, SUITE 160",CHANHASSEN,MN,55317,952-944-3411,Dentist,2008-08-26,44.862692424336,-93.511572485034
nppes,1245844588,DENNIS L KAIVO DDS PA,PRESERVE PARKWAY DENTAL,9613 ANDERSON LAKES PKWY,EDEN PRAIRIE,MN,55344,952-947-0470,"Dentist, General Practice",2020-09-03,44.836828088744,-93.400434791808
nppes,1760272611,DENTAL DELIVERY SYSTEMS OF MAPLE GROVE LLC,DENTAL ASSOCIATES OF MAPLE GROVE,9400 UPLAND LANE N,MAPLE GROVE,MN,55369,763-363-0063,"Dentist, General Practice",2025-05-12,45.127568234847,-93.479847157441
nppes,1003988122,"DENTAL DELIVERY SYSTEMS, PA",DENTAL ASSOCIATES OF SAVAGE,13899 HWY 13 SOUTH,SAVAGE,MN,55378,952-440-2292,"Dentist, General Practice",2013-09-11,44.751419341679,-93.379067368427
nppes,1003174764,DENTALIGN P.A.,,7860 MAIN ST,MAPLE GROVE,MN,55369,763-420-1030,"Dentist, Orthodontics and Dentofacial Orthopedics",2012-05-01,45.097948734394,-93.441570452291
nppes,1760802722,"DENTALIGN, P.A",TC ORTHODONTICS,470 W 78TH ST,CHANHASSEN,MN,55317,763-420-1030,"Dentist, Orthodontics and Dentofacial Orthopedics",2014-04-17,44.862204395559,-93.533577916192
nppes,1598300675,"DENTALIGN, PA",TC ORTHODONTICS,11942 BUSINESS PARK BLVD,CHAMPLIN,MN,55316,763-421-9131,"Dentist, Orthodontics and Dentofacial Orthopedics",2019-11-12,45.169366609415,-93.390985609627
nppes,1467799924,"DENTALIGN, PA",TC ORTHODONTICS,2999 COUNTY ROAD 42 W SUITE 138,BURNSVILLE,MN,55306,952-892-3282,"Dentist, Orthodontics and Dentofacial Orthopedics",2020-10-13,44.746230055722,-93.315601864464
nppes,1235564725,DENTISTRY BY DESIGN,,"17809 HUTCHINS DR, 108",MINNETONKA,MN,55345,952-474-5041,"Dentist, General Practice",2013-09-04,44.911093862848,-93.505572763138
nppes,1952049074,DENTISTRY OF THE PONDS P.L.L.C.,DENTISTRY ON THE PONDS P.L.L.C.,436 POND PROMENADE,CHANHASSEN,MN,55317,952-906-0200,"Dentist, General Practice",2022-05-27,44.857602824376,-93.532166620214
nppes,1255870531,"DENTISTS OF EDEN PRAIRIE, PC",DENTISTS OF EDEN PRAIRIE,"13000 TECHNOLOGY DR, SUITE 110",EDEN PRAIRIE,MN,55344,952-562-1463,"Dentist, General Practice",2017-03-01,44.86170003124,-93.441025501189
nppes,1194267344,"DENTISTS OF SAVAGE, PC",DENTISTS OF SAVAGE,14012 HWY 13,SAVAGE,MN,55378,952-242-1997,"Dentist, General Practice",2016-11-04,44.749638230848,-93.379977743819
nppes,1497018808,DIAMOND DENTAL PLLC,,"11050 CEDAR HILLS BLVD, 101E",MINNETONKA,MN,55305,612-554-7278,Dentist,2012-06-20,44.953520491243,-93.41914297712
nppes,1053585653,DOUGLAS J MCNAUGHT D D S P A,LONG LAKE DENTAL,1870 W WAYZATA BLVD,LONG LAKE,MN,55356,952-473-7151,Dentist,2008-07-01,44.986145394723,-93.571015418959
nppes,1659447670,DOUGLAS T JONAK DDS PA,,800 MAIN ST NE,BLAINE,MN,55434,763-757-2768,"Dentist, Orthodontics and Dentofacial Orthopedics",2020-08-22,45.197036813631,-93.249268086121
nppes,1902087554,DOUGLAS W. VAYDA DDS,,1335 10TH AVE E,SHAKOPEE,MN,55379,952-445-7700,"Dentist, Orthodontics and Dentofacial Orthopedics",2010-05-20,44.788381206202,-93.508284939079
nppes,1679182687,DOWNTOWN DENTAL CENTER PLLC,HOLGER DENTAL GROUP,120 1ST AVE N STE 200,MINNEAPOLIS,MN,55401,612-333-8988,"Dentist, General Practice",2026-02-16,44.984456188428,-93.268280582068
nppes,1619959426,DR JAMES R SCHWARTZ DDS PA,,"17809 HUTCHINS DR, SUITE 108",MINNETONKA,MN,55345,952-474-5041,Dentist,2020-08-22,44.911093862848,-93.505572763138
nppes,1225285208,DR. HOWARD E. OLSON PA,,15870 FRANKLIN TRL SE,PRIOR LAKE,MN,55372,952-447-4463,"Dentist, General Practice",2008-08-21,44.718967471309,-93.414715310831
nppes,1184796740,"DRS. JOHNSON AND YSETH, P.A.",,"229 JACKSON ST, SUITE 117",ANOKA,MN,55303,763-421-3330,"Dentist, General Practice",2020-08-22,45.198699738709,-93.388741253823
nppes,1477626646,DWIGHT G BULLER DDS PA,PARKWAY PLACE DENTAL,"101 W BURNSVILLE PARKWAY, SUITE 222",BURNSVILLE,MN,55337,952-895-6933,"Dentist, General Practice",2020-08-22,44.771809589519,-93.27983601509
nppes,1326156910,ECKART DENTAL CENTER LLC,,300 1ST AVE E,SHAKOPEE,MN,55379,952-445-1352,Dentist,2020-08-22,44.799152985968,-93.52283069472
nppes,1356525331,ECKART DENTAL CENTER P.A.,,300 1ST AVE E,SHAKOPEE,MN,55379,952-445-1352,"Dentist, General Practice",2007-12-26,44.799152985968,-93.52283069472
nppes,1972995587,"ECKART DENTAL CENTER, LLC",,300 1ST AVENUE E,SHAKOPEE,MN,55379,952-445-1352,Dentist,2015-02-19,44.799152985968,-93.52283069472
nppes,1457969636,EDEN PRAIRIE ORTHODONTIC ASSOC,,8200 COMMONWEALTH DR # 100,EDEN PRAIRIE,MN,55344,952-829-0686,"Dentist, Orthodontics and Dentofacial Orthopedics",2020-07-14,44.855207277092,-93.432222838138
nppes,1003009374,ENDODONTIC PROFESSIONALS PA ARBOR LAKES ENDODONTICS,,"12000 ELM CREEK BLVD, SUITE 240",MAPLE GROVE,MN,55369,763-416-3619,"Dentist, Endodontics",2007-08-21,45.09445104707,-93.43443540467
nppes,1518407014,EV DENTAL P.A,,12401 NICOLLET AVE,BURNSVILLE,MN,55337,952-890-4255,Dentist,2017-03-02,44.775111650876,-93.277644360715
nppes,1720413263,EXCEL DENTISTRY PLLC,,"1421 WAYZATA BLVD, SUITE 320",WAYZATA,MN,55391,952-475-2907,Dentist,2013-09-03,44.972395362989,-93.494839335222
nppes,1245315829,EXCELSIOR FAMILY DENTAL,,"348 2ND ST, SUITE 200",EXCELSIOR,MN,55331,952-474-6515,"Dentist, General Practice",2020-08-22,44.903774197447,-93.566907230826
nppes,1982371456,"FACIAL DESIGNS, P.A.",,11601 MINNETONKA MILLS RD,MINNETONKA,MN,55305,952-935-8420,Oral & Maxillofacial Surgery,2024-09-12,44.93487920633,-93.426541514227
nppes,1790967248,FAMILY & COSMETIC GENTLE DENTISTRY,,4787 SHORELINE DR,SPRING PARK,MN,55384,952-471-0900,"Dentist, General Practice",2008-06-20,44.936774722611,-93.644362990987
nppes,1164803177,FAMILY AND COSMETIC GENTLE DENTISTRY,,"1421 WAYZATA BLVD, SUITE 320",WAYZATA,MN,55391,952-224-9774,"Dentist, General Practice",2015-06-16,44.972395362989,-93.494839335222
nppes,1487302113,FAMILY ENDODONTIC SPECIALISTS PLC,METRO DENTALCARE SPECIALTY CENTER MAPLE GROVE ENDODONTICS,15785 95TH AVE N,MAPLE GROVE,MN,55369,763-233-4140,"Dentist, General Practice",2023-01-06,45.126640686702,-93.480408429768
nppes,1598413239,FAMILY ENDODONTIC SPECIALISTS PLC,METRO DENTALCARE SPECIALTY CENTER MAPLE GROVE - ENDODONTICS,15785 95TH AVE N,MAPLE GROVE,MN,55369,763-233-4140,"Dentist, General Practice",2022-03-11,45.126640686702,-93.480408429768
nppes,1871241505,FAMILY ENDODONTIC SPECIALISTS PLC,METRO DENTALCARE SPECIALTY CENTER BURNSVILLE - ENDODONTICS,14344 BURNHAVEN DR,BURNSVILLE,MN,55306,612-638-1238,"Dentist, General Practice",2022-03-11,44.742359473263,-93.292880711487
nppes,1497404818,"FAMILY ORAL SURGERY SPECIALISTS, PLC",METRO DENTALCARE SPECIALTY CENTER MAPLE GROVE - ORAL SURGERY,15785 95TH AVE N,MAPLE GROVE,MN,55369,763-233-4141,"Dentist, Oral and Maxillofacial Pathology",2022-03-22,45.126640686702,-93.480408429768
nppes,1730822479,FAMILY ORTHODONTIC SPECIALISTS PLC,WOODLAKE ORTHODONTICS ANOKA,3507 ROUND LAKE BLVD NW STE 900,ANOKA,MN,55303,763-323-7677,"Dentist, Orthodontics and Dentofacial Orthopedics",2023-03-28,,
nppes,1780327411,FAMILY ORTHODONTIC SPECIALISTS PLC,WOODLAKE ORTHODONTICS BURNSVILLE,14344 BURNHAVEN DR,BURNSVILLE,MN,55306,952-435-5715,"Dentist, General Practice",2022-04-20,44.742359473263,-93.292880711487
nppes,1164165890,FAMILY ORTHODONTIC SPECIALISTS PLC,WOODLAKE ORTHODONTICS SHAKOPEE,1759 17TH AVE E,SHAKOPEE,MN,55379,952-746-8996,"Dentist, General Practice",2022-04-20,44.773771138299,-93.502447117855
nppes,1083357727,"FAMILY ORTHODONTIC SPECIALISTS, PLC",WOODLAKE ORTHODONTICS MAPLE GROVE,13784 83RD WAY N,MAPLE GROVE,MN,55369,763-494-6612,"Dentist, General Practice",2022-04-20,45.105803390841,-93.454942544594
nppes,1487303889,"FAMILY PERIODONTIC SPECIALISTS, PLC",METRO DENTALCARE SPECIALTY CENTER MAPLE GROVE - PERIODONTICS,15785 95TH AVE N,MAPLE GROVE,MN,55369,763-233-4141,"Dentist, Periodontics",2022-03-22,45.126640686702,-93.480408429768
nppes,1326797713,"FAMILY PERIODONTIC SPECIALISTS, PLC",METRO DENTALCARE SPECIALTY CENTER BURNSVILLE - PERIODONTICS,14344 BURNHAVEN DR,BURNSVILLE,MN,55306,612-638-1238,"Dentist, Periodontics",2022-03-22,44.742359473263,-93.292880711487
nppes,1710749296,FAMILY SMILES-BURNSVILLE PLLC,,50 MCANDREWS RD E,BURNSVILLE,MN,55337,952-892-5050,"Dentist, General Practice",2026-08-10,44.753576381948,-93.277437087318
nppes,1841229598,"FIFTH AVENUE DENTAL, P.A.",,1829 5TH AVE,ANOKA,MN,55303,763-421-5320,"Dentist, General Practice",2020-08-22,45.196125679814,-93.383672491318
nppes,1366507121,FLIGGE AND LARSON PA,WAYZATA FAMILY DENTISTRY,"101 LAKE ST W, SUITE 220",WAYZATA,MN,55391,952-475-2464,Dentist,2020-08-22,44.970539480591,-93.522747720085
nppes,1073727293,FLORENA LLC,DR. ANGELA WANDERA AND ASSOCIATES,8785 COLUMBINE RD,EDEN PRAIRIE,MN,55344,952-941-7393,"Dentist, Pediatric Dentistry",2017-02-15,44.844445205572,-93.441929026098
nppes,1205204146,FORESTVIEW DENTAL,,7270 FORESTVIEW LN N,MAPLE GROVE,MN,55369,763-424-9202,Dentist,2015-09-09,45.087079392844,-93.428799157631
nppes,1770190951,FOREVER SMILES PARTNERS PLLC,BLUFF CREEK DENTAL,600 MARKET ST STE 130,CHANHASSEN,MN,55317,952-937-5200,"Dentist, General Practice",2023-10-18,,
nppes,1275318628,FOUNDATIONS PSA LLC,,126 PIONEER TRL,CHASKA,MN,55318,952-472-7738,"Dentist, General Practice",2026-05-11,44.826825788725,-93.524277519528
nppes,1275318628-pl1,FOUNDATIONS PSA LLC,,5205 SHORELINE DR,MOUND,MN,55364,952-955-4300,"Dentist, General Practice",2026-05-11,44.936601650434,-93.655392511323
nppes,1750556627,FU WONG DDS PA,LAKELAND FAMILY DENTAL,"7200 HEMLOCK LANE N FU WONG DDS PA, SUITE 105",MAPLE GROVE,MN,55369,763-424-4415,Dentist,2008-04-23,45.08611694397,-93.431162952027
nppes,1841353992,"GALLAGHER COSMETIC &FAMILY DENTISTRY, PA",,"11800 SINGLETREE LN, SUITE 208",EDEN PRAIRIE,MN,55344,952-942-9600,"Dentist, General Practice",2020-08-22,44.856824185386,-93.427023997528
nppes,1538225677,"GARY L. CARLSON, D.D.S., P.A.",,"17809 HUTCHINS DR, STE 101",MINNETONKA,MN,55345,952-474-3203,"Dentist, Orthodontics and Dentofacial Orthopedics",2020-08-22,44.911093862848,-93.505572763138
nppes,1083011928,"GENTLE DENTISTRY OF MINNESOTA, LTD",,8074 OLD CARRIAGE CT,SHAKOPEE,MN,55379,952-746-0808,"Dentist, General Practice",2018-02-21,44.777038996331,-93.415469361447
nppes,1003062084,"GLEN LAKE DENTAL ASSOCIATES, P.A.",,14418 EXCELSIOR BLVD,MINNETONKA,MN,55345,952-935-5212,"Dentist, General Practice",2008-08-11,44.90589824401,-93.463055465684
nppes,1740215656,GLEN LAKE FAMILY DENTISTRY P.L.L.C.,NONE,5509 EDEN PRAIRIE RD,MINNETONKA,MN,55345,952-938-6038,"Dentist, General Practice",2009-10-21,44.903588306166,-93.465120520171
nppes,1245498690,GLOBAL DENTAL,,"11995 COUNTY ROAD 11, 110",BURNSVILLE,MN,55337,201-377-8609,Dentist,2008-06-01,44.786101462024,-93.24802008082
nppes,1891833059,GREAT PLAINS DENTAL,MARK W DAVIES,500 W 79TH ST,CHANHASSEN,MN,55317,952-934-7987,Dentist,2020-08-22,44.859800006119,-93.532834302283
nppes,1720479462,"GROUP HEALTH PLAN, INC",,"2150 3RD AVE, SUITE 200",ANOKA,MN,55303,763-585-7610,"Dentist, General Practice",2015-02-17,45.199674362766,-93.387120186731
nppes,1336430149,"GROUP HEALTH PLAN, INC",THREE RIVERS ORTHODONTICS,"2150 THIRD AVENUE, SUITE 200",ANOKA,MN,55303,763-421-9292,"Dentist, Orthodontics and Dentofacial Orthopedics",2014-12-29,45.199674362766,-93.387120186731
nppes,1164959938,"GROUP HEALTH, INC.",,8455 FLYING CLOUD DR,EDEN PRAIRIE,MN,55344,952-883-9040,Dentist,2026-08-14,44.850225963965,-93.434356676454
nppes,1326481284,GROVE DENTIST PA,,13649 GROVE DR,MAPLE GROVE,MN,55311,763-420-8038,"Dentist, General Practice",2013-04-10,45.104127082739,-93.454570832155
nppes,1780764993,HATCHER AND BOMSTAD DDS LLC,,911 FIRST ST NORTH,HOPKINS,MN,55343,952-938-7746,"Dentist, General Practice",2020-08-22,44.926180577519,-93.41152247168
nppes,1285726158,HEART OF THE CITY DENTAL,,"550 W. BURNSVILLE PKWY, SUITE 200",BURNSVILLE,MN,55337,952-890-2791,Dentist,2010-08-26,44.769857810415,-93.286227647868
nppes,1811524234,"HOPKINS CROSSROADS DENTISTRY, PC",HOPKINS CROSSROADS DENTISTRY,11300 WAYZATA BLVD # G,MINNETONKA,MN,55305,952-314-1125,"Dentist, General Practice",2020-03-25,44.972288022508,-93.42204927009
nppes,1316097116,HULTGREN & HOXIE ORTHODONTICS,,"7825 TERREY PINE CT, SUITE 101",EDEN PRAIRIE,MN,55347,952-937-0111,"Dentist, Orthodontics and Dentofacial Orthopedics",2020-08-22,44.86124106709,-93.486799212216
nppes,1891986378,IAN PARK DDS PA,,"17705 HUTCHINS DR, SUITE 209",MINNETONKA,MN,55345,952-474-8114,"Dentist, General Practice",2007-08-08,44.910902683919,-93.503490682136
nppes,1033052600,IGNITE DENTAL PLLC,,7710 BROOKLYN BLVD FL 1,MINNEAPOLIS,MN,55443,651-292-9331,"Dentist, General Practice",2026-04-10,45.094551391941,-93.358291542958
nppes,1417142175,IMAGINE ORTHODONTICS,,14020 NORTHDALE BLVD,ROGERS,MN,55374,763-428-1912,"Dentist, Orthodontics and Dentofacial Orthopedics",2009-09-30,45.208696564277,-93.555705556564
nppes,1508201997,INTEGRA DENTAL PA,,"13783 IBIS ST NW, SUITE 400",ANDOVER,MN,55304,612-384-0527,Dentist,2013-04-30,45.220550397347,-93.309907122676
nppes,1619791019,"JAMES R JENSEN, DDS",JAMES R JENSEN DDS,300 1ST AVE E,SHAKOPEE,MN,55379,952-426-0367,"Dentist, Periodontics",2024-11-12,44.799152985968,-93.52283069472
nppes,1477170108,JESSE N VEIL DDS MS PA,VEIL & WILD ORTHODONTICS,250 FULLER ST S STE 100,SHAKOPEE,MN,55379,952-903-9484,"Dentist, Orthodontics and Dentofacial Orthopedics",2020-06-29,44.796816363859,-93.527876255719
nppes,1477170108-pl1,JESSE N VEIL DDS MS PA,VEIL & WILD ORTHODONTICS,11800 SINGLETREE LN STE 200,EDEN PRAIRIE,MN,55344,952-903-9484,"Dentist, Orthodontics and Dentofacial Orthopedics",2020-06-29,44.856824185386,-93.427023997528
nppes,1477170108-pl2,JESSE N VEIL DDS MS PA,VEIL & WILD ORTHODONTICS,600 W 98TH ST STE 300,BLOOMINGTON,MN,55420,952-903-9484,"Dentist, Orthodontics and Dentofacial Orthopedics",2020-06-29,,
nppes,1477170108-pl3,JESSE N VEIL DDS MS PA,VEIL & WILD ORTHODONTICS,7533 EGAN DR,SAVAGE,MN,55378,952-903-9484,"Dentist, Orthodontics and Dentofacial Orthopedics",2020-06-29,44.746275310591,-93.376819863097
nppes,1477170108-pl4,JESSE N VEIL DDS MS PA,VEIL & WILD ORTHODONTICS,40 S 7TH ST STE 220,MINNEAPOLIS,MN,55402,952-903-9484,"Dentist, Orthodontics and Dentofacial Orthopedics",2020-06-29,44.977392362963,-93.273302090268
nppes,1568189520,JOHN F. ENGLUND DDS PA,,100 CENTRAL AVE,OSSEO,MN,55369,763-425-8200,"Dentist, General Practice",2022-10-20,45.117144699299,-93.402111959057
nppes,1134250236,JOHN J KELLER DDS PA,,552 E MAIN ST,ANOKA,MN,55303,763-421-4550,"Dentist, General Practice",2008-11-11,45.197763482771,-93.381952887076
nppes,1508086455,"JORDAN DENTAL CARE, P.A.",,224 BROADWAY ST S,JORDAN,MN,55352,952-492-2021,"Dentist, General Practice",2020-08-22,44.666007636244,-93.626148801975
nppes,1255024295,JORDAN FAMILY DENTAL PLLC,,301 EL DORADO DRIVE,JORDAN,MN,55352,952-492-2021,"Dentist, General Practice",2026-04-10,44.667366704822,-93.638306571796
nppes,1811501687,KARI L SEAVERSON DDS LLC DBA TOOTH BY THE LAKE,,1401 MAINSTREET,HOPKINS,MN,55343,952-475-1101,"Dentist, General Practice",2020-08-31,44.92440802637,-93.417867309542
nppes,1518125160,"KELLY BOSWORTH, DDS, INC",,"6140 LAKE LINDEN DR, SUITE 230",EXCELSIOR,MN,55331,952-474-4123,"Dentist, General Practice",2008-05-30,44.892822360367,-93.58316032183
nppes,1265535868,KOTTEMANN ORTHODONTICS PA,,"13998 MAPLE KNOLL WAY, SUITE 102",MAPLE GROVE,MN,55369,763-420-6834,"Dentist, Orthodontics and Dentofacial Orthopedics",2020-08-22,45.106874257125,-93.45659598588
nppes,1275292641,KUHR DENTAL GROUP,,205 LEWIS ST S STE 101,SHAKOPEE,MN,55379,952-445-3349,Dentist,2021-12-14,44.797591652141,-93.524916891939
nppes,1619025798,KUIPERS ORTHODONTICS,,"14000 NICOLLET AVE, SUITE 300",BURNSVILLE,MN,55337,952-892-3282,"Dentist, Orthodontics and Dentofacial Orthopedics",2020-08-22,44.749521836118,-93.277881856538
nppes,1083764146,KURT A BENDER DDS PA,,500 A JEFFERSON HWY,CHAMPLIN,MN,55316,763-427-7700,Dentist,2020-08-22,45.185142990765,-93.392100903281
nppes,1922185016,LAKE MINNETONKA DENTAL,BRYAN N LASKIN DDS PA,"109 BUSHAWAY RD, SUITE 300",WAYZATA,MN,55391,952-475-0225,Dentist,2011-05-11,44.970172159629,-93.494540615978
nppes,1215590575,LAKE MINNETONKA DENTAL CENTER PLLC,,109 BUSHAWAY RD STE 300,WAYZATA,MN,55391,952-475-0225,Dentist,2026-07-21,44.970172159629,-93.494540615978
nppes,1700940343,LAKE MINNETONKA ORTHDONTICS,,11601 MINNETONKA MILLS RD,MINNETONKA,MN,55305,952-938-1443,"Dentist, Orthodontics and Dentofacial Orthopedics",2020-08-22,44.93487920633,-93.426541514227
nppes,1598179939,LAKE SARAH DENTAL PLLC,LAKE SARAH DENTAL,"7500 STATE HIGHWAY 55, SUITE 200",GREENFIELD,MN,55373,763-575-8038,"Dentist, General Practice",2014-06-13,45.079828831078,-93.708836612369
nppes,1932367430,LAWRENCE KOTOK LESLIE WILCOX LLC,DUNKIRK DENTAL,16342 COUNTY ROAD 30,MAPLE GROVE,MN,55311,763-420-9876,"Dentist, General Practice",2008-05-30,45.1250211753,-93.485273567739
nppes,1215097134,LEE PROHOFSKY DDS PA,TURTLE COVE DENTAL,14000 NORTHDALE BLVD STE J,ROGERS,MN,55374,763-428-2300,"Dentist, General Practice",2020-08-22,45.208283262867,-93.555698088999
nppes,1952582702,"LILAH SUZAN EKIM DDS, MS. PLLC",EKIM ORTHODONTICS,16190 ERIE AVE SE,PRIOR LAKE,MN,55372,952-447-6077,"Dentist, Orthodontics and Dentofacial Orthopedics",2008-07-29,44.714231058014,-93.425325471619
nppes,1528997830,LINDSAY BEVIS PLLC,,425 2ND ST,EXCELSIOR,MN,55331,952-474-6133,Dentist,2026-05-14,44.903256517307,-93.565530059829
nppes,1356077499,LTC DENTAL PC,,2910 MINNEHAHA CURV,WAYZATA,MN,55391,407-375-3003,"Dentist, General Practice",2022-07-30,44.949394956483,-93.460723485775
nppes,1528182342,MAINSTREET DENTAL,,29 - 9TH AVENUE NORTH,HOPKINS,MN,55343,952-938-7341,Dentist,2020-08-22,44.925540008477,-93.411286831122
nppes,1922181197,"MAPLE GROVE FAMILY DENTAL CLINIC, PA",,"12000 ELM CREEK BLVD N, SUITE #220",MAPLE GROVE,MN,55369,763-420-4421,"Dentist, General Practice",2020-08-22,45.09445104707,-93.43443540467
nppes,1891295861,MAPLE GROVE PERIODONTICS AND IMPLANT DENTISTRY,,12000 ELM CREEK BLVD N,MAPLE GROVE,MN,55369,763-420-0200,"Dentist, Periodontics",2018-02-16,45.09445104707,-93.43443540467
nppes,1396129433,"MAPLE GROVE SMILES DENTISTRY, PC",MAPLE GROVE SMILES DENTISTRY,12775 ELM CREEK BLVD N,MAPLE GROVE,MN,55369,763-218-7005,"Dentist, General Practice",2015-07-18,45.094771622957,-93.443191672948
nppes,1376716043,"MAPLE PLAIN DENTAL, PLLC",ORONO DENTAL CARE,2765 KELLEY PKWY STE 140,ORONO,MN,55356,952-449-9494,"Dentist, General Practice",2008-04-02,44.990412697507,-93.593305581524
nppes,1861507329,MARK F SOUERS DDS PA,MARK F SOUERS DDS,"1421 WAYZATA BLVD, SUITE #325",WAYZATA,MN,55391,952-476-6655,"Dentist, General Practice",2020-08-22,44.972395362989,-93.494839335222
nppes,1124230800,MATTHEW P DALE DDS PA,,13998 MAPLE KNOLL WAY # LL103,MAPLE GROVE,MN,55369,763-425-2072,"Dentist, General Practice",2014-08-13,45.106874257125,-93.45659598588
nppes,1942214200,MCKONE DENTAL CARE DDS PA,,"109 BUSHAWAY RD, SUITE 300",WAYZATA,MN,55391,952-475-0225,"Dentist, General Practice",2011-05-10,44.970172159629,-93.494540615978
nppes,1265665350,"MERRY DENTAL CARE CENTER, PA",,7460 MARKET PLACE DR,EDEN PRAIRIE,MN,55344,952-942-0808,"Dentist, General Practice",2009-08-24,44.868286004524,-93.425271284931
nppes,1881783405,"METROPOLITAN ENDODONTICS, LTD.",,"11800 SINGLETREE LN, SUITE 300",EDEN PRAIRIE,MN,55344,952-996-0806,"Dentist, Endodontics",2013-03-20,44.856824185386,-93.427023997528
nppes,1407945199,"METROPOLITAN ENDODONTICS, LTD.",,"625 E NICOLLET BLVD, SUITE 340",BURNSVILLE,MN,55337,952-435-0370,"Dentist, Endodontics",2013-03-20,44.751369034162,-93.267753686109
nppes,1700312105,MICHAEL COLBERT DDS,,10182 LANCASTER LN N,MAPLE GROVE,MN,55369,763-424-4544,Dentist,2017-05-04,45.140204967861,-93.402533382974
nppes,1043355225,MICHAEL J HARRISON DDS PA,,"1421 EAST WAYZATA BLVD, SUITE 320",WAYZATA,MN,55391,952-475-2907,Dentist,2020-08-22,44.972395362989,-93.494839335222
nppes,1700302742,"MICHAEL R HENRICKSON DDS, PLLC",TWIN CITIES MODERN DENTISTRY-BURNSVILLE,"14050 NICOLLET AVE, 205",BURNSVILLE,MN,55337,952-435-4177,Dentist,2017-08-22,44.748689467319,-93.277884214184
nppes,1902812126,"MICHAEL W. GLEYSTEEN, DDS, PA",WAYZATA ORTHODONTICS,250 CENTRAL AVE N # 113,WAYZATA,MN,55391,952-473-7037,"Dentist, Orthodontics and Dentofacial Orthopedics",2008-09-16,44.973612312367,-93.501984280644
nppes,1659029270,"MILLER ENDODONTIC ADVANTAGE, PLLC",,11601 MINNETONKA MILLS RD STE C10,MINNETONKA,MN,55305,952-938-3033,"Dentist, Endodontics",2022-03-14,44.93487920633,-93.426541514227
nppes,1720329535,MINNESOTA DENTAL CENTER,,"17601 HIGHWAY 7, #200",MINNETONKA,MN,55345,651-738-1880,Dentist,2013-03-05,44.913147657253,-93.504512220545
nppes,1396340642,"MINNESOTA DENTAL PROFESSIONALS, P.C.",MOSAIC DENTAL-BURNSVILLE/RIDGES,625 E NICOLLET BLVD STE 201,BURNSVILLE,MN,55337,952-435-0300,"Dentist, General Practice",2020-12-03,44.751369034162,-93.267753686109
nppes,1154972909,"MINNESOTA DENTAL PROFESSIONALS, P.C.",RAMSEY DENTAL CENTER,15243 NOWTHEN BLVD NW,RAMSEY,MN,55303,763-421-2660,"Dentist, General Practice",2019-09-24,45.247052412225,-93.41535072833
nppes,1427773225,"MINNESOTA DENTAL PROFESSIONALS, P.C.",RIVERSIDE VALLEY DENTAL CARE,8350 HANSEN AVE,SHAKOPEE,MN,55379,612-213-2264,"Dentist, General Practice",2022-10-05,44.777296963711,-93.410831558692
nppes,1306424197,"MINNESOTA DENTAL PROFESSIONALS, P.C.",ARBOR LAKES DENTAL,12000 ELM CREEK BLVD N STE 230,MAPLE GROVE,MN,55369,763-251-5280,"Dentist, General Practice",2021-04-01,45.09445104707,-93.43443540467
nppes,1376403113,"MINNESOTA DENTAL PROFESSIONALS, P.C.",,18820 70TH WAY N,MAPLE GROVE,MN,55311,612-254-2730,"Dentist, General Practice",2025-11-14,,
nppes,1578254710,"MINNESOTA DENTAL PROFESSIONALS, P.C.",BRAVELAND FAMILY DENTAL,2500 COUNTY ROAD 42 W STE 8,BURNSVILLE,MN,55337,952-895-0300,"Dentist, General Practice",2023-05-18,44.746417183047,-93.310850472182
nppes,1437754215,"MINNESOTA DENTAL PROFESSIONALS, P.C.",MOSAIC DENTAL-BURNSVILLE/NICOLLET,12401 NICOLLET AVE STE 2,BURNSVILLE,MN,55337,952-890-4255,"Dentist, General Practice",2020-12-01,44.775111650876,-93.277644360715
nppes,1932361474,"MINNESOTA LEE DENTAL CLINIC, P.C.",,6240 QUINWOOD LN N STE 102,MAPLE GROVE,MN,55369,763-391-7522,"Dentist, General Practice",2020-09-14,45.06738973234,-93.439566839071
nppes,1932361474-pl1,"MINNESOTA LEE DENTAL CLINIC, P.C.",,"7767 ELM CREEK BLVD N, SUITE 160",MAPLE GROVE,MN,55369,763-391-7522,"Dentist, General Practice",2020-09-14,,
nppes,1447659495,MINNETONKA DENTAL PARTNERS LLC,,17909 DELTON AVE,MINNETONKA,MN,55345,952-474-7057,Dentist,2014-08-15,44.911769299579,-93.50769364325
nppes,1629538988,"MISO DENTISTRY, PC",,6240 QUINWOOD LN N # 100,MAPLE GROVE,MN,55369,763-391-6486,Dentist,2019-08-13,45.06738973234,-93.439566839071
nppes,1194053173,MODERN DENTAL PROFESSIONALS MINNESOTA PC,MIDWEST DENTAL,1405 78TH ST,VICTORIA,MN,55386,952-443-2994,"Dentist, General Practice",2009-12-02,44.863226741961,-93.652303465911
nppes,1730539362,MODERN DENTAL PROFESSIONALS MINNESOTA PC,MIDWEST DENTAL,"1400 BAKER PARK RD, SUITE 1040",MAPLE PLAIN,MN,55359,763-402-7003,"Dentist, General Practice",2016-06-14,45.004801809848,-93.645567899042
nppes,1679866735,MODERN DENTAL PROFESSIONALS MN PC,MIDWEST DENTAL - WACONIA,24 S OLIVE ST,WACONIA,MN,55387,952-442-2518,"Dentist, General Practice",2011-05-24,44.850284696096,-93.787663831239
nppes,1134807878,MODERN DENTISTRY OF MINNETONKA PLLC,,2000 PLYMOUTH RD STE 357,MINNETONKA,MN,55305,952-544-1449,"Dentist, General Practice",2023-07-11,44.96527420798,-93.442596598902
nppes,1326173279,MOLLDREM FAMILY DENTISTRY,,"800 PRAIRIE CENTER DR, SUITE 250",EDEN PRAIRIE,MN,55344,952-974-5116,"Dentist, General Practice",2020-08-22,44.85858179584,-93.437346838363
nppes,1619287562,NORTHDALE DENTIST PA,,"2147, NORTHDALE BLVD NW.",COON RAPIDS,MN,55433,763-497-6977,"Dentist, General Practice",2010-10-13,,
nppes,1952051682,"NORTHLAND DENTAL PARTNERS, PLLC",METRO DENTALCARE OSSEO,40 CENTRAL AVE,OSSEO,MN,55369,763-425-3023,"Dentist, General Practice",2022-03-25,45.116421550513,-93.402125082345
nppes,1740923309,"NORTHLAND DENTAL PARTNERS, PLLC",METRO DENTALCARE CHANHASSEN,7806 MARKET BLVD,CHANHASSEN,MN,55317,952-949-1083,"Dentist, General Practice",2022-04-20,44.86203951726,-93.538020449184
nppes,1891443255,"NORTHLAND DENTAL PARTNERS, PLLC",SUNWOOD DENTAL CARE,7600 SUNWOOD DR NW,RAMSEY,MN,55303,763-203-6040,"Dentist, General Practice",2025-09-03,45.232738864552,-93.460015327291
nppes,1285382655,"NORTHLAND DENTAL PARTNERS, PLLC",SHORELINE DENTISTRY OF WAYZATA,445 LAKE ST E STE 216,WAYZATA,MN,55391,952-473-4124,"Dentist, General Practice",2025-05-14,44.970128484423,-93.515746455179
nppes,1942958301,"NORTHLAND DENTAL PARTNERS, PLLC",METRO DENTALCARE SHAKOPEE,1759 17TH AVE E,SHAKOPEE,MN,55379,952-496-2385,"Dentist, General Practice",2022-03-15,44.773771138299,-93.502447117855
nppes,1689324311,"NORTHLAND DENTAL PARTNERS, PLLC",METRO DENTALCARE MAPLE GROVE GROVE CIRCLE,9630 GROVE CIR N STE 102,MAPLE GROVE,MN,55369,763-420-5484,"Dentist, General Practice",2022-05-02,,
nppes,1326796764,"NORTHLAND DENTAL PARTNERS, PLLC",METRO DENTALCARE MINNETONKA,6001 SHADY OAK RD S STE 300,MINNETONKA,MN,55343,952-838-5530,"Dentist, General Practice",2022-05-02,44.895424400912,-93.420692448548
nppes,1508514969,"NORTHLAND DENTAL PARTNERS, PLLC",METRO DENTALCARE SAVAGE,7447 EGAN DR STE 200,SAVAGE,MN,55378,952-440-6125,"Dentist, General Practice",2022-03-15,44.746332666998,-93.374721775035
nppes,1528716966,"NORTHLAND DENTAL PARTNERS, PLLC",METRO DENTALCARE MAPLE GROVE BASS LAKE,13340 BASS LAKE RD,MAPLE GROVE,MN,55311,763-478-9219,"Dentist, General Practice",2022-03-15,45.068136257234,-93.449699157916
nppes,1750538930,"NORTHLAND DENTAL PARTNERS, PLLC",METRO DENTALCARE BURNSVILLE RIDGES|METRO DENTALCARE,14344 BURNHAVEN DR,BURNSVILLE,MN,55306,952-892-6010,"Dentist, General Practice",2024-05-07,44.742359473263,-93.292880711487
nppes,1700534138,"NORTHLAND DENTAL PARTNERS, PLLC",METRO DENTALCARE EDEN PRAIRIE,8353 CRYSTAL VIEW RD STE 105,EDEN PRAIRIE,MN,55344,952-252-4000,"Dentist, General Practice",2022-05-02,44.852980776382,-93.432701386948
nppes,1396493714,"NORTHLAND DENTAL PARTNERS, PLLC",WEST CREEK DENTAL CARE,1435 WHITE OAK DR STE 220,CHASKA,MN,55318,952-466-2090,"Dentist, General Practice",2026-05-08,44.803177753219,-93.603198375017
nppes,1043265481,NORTHSTAR DENTAL CLINIC PA,,"675 E NICOLLET BLVD, SUITE 120",BURNSVILLE,MN,55337,952-892-7700,"Dentist, General Practice",2020-08-22,44.751676444374,-93.267034161046
nppes,1609090711,NORWOOD DENTAL,,222 E. WILSON STREET,NORWOOD,MN,55368,952-467-3518,Dentist,2020-08-22,44.77064727512,-93.922748026883
nppes,1710086459,O'BRIEN DENTAL CARE,,"250 FULLER ST S, SUITE 250",SHAKOPEE,MN,55379,952-445-6657,"Dentist, General Practice",2019-02-15,44.796816363859,-93.527876255719
nppes,1225104458,"OAK RIDGE DENTAL, LLC",,"625 E NICOLLET BLVD, SUITE 310",BURNSVILLE,MN,55337,952-435-0355,"Dentist, General Practice",2020-08-22,44.751369034162,-93.267753686109
nppes,1790014777,OLSON DENTAL LLC,,"15870 FRANKLIN TRL SE, SUITE 200",PRIOR LAKE,MN,55372,952-447-4463,"Dentist, General Practice",2009-12-21,44.718967471309,-93.414715310831
nppes,1801118039,OMAR DYAB DDS PA,1ST FAMILY DENTAL CARE,"13590 NORTHDALE BLVD, SUITE 300",ROGERS,MN,55374,763-428-1215,"Dentist, Dental Public Health",2010-02-15,45.201087435686,-93.554203560315
nppes,1700058690,ORONO DENTAL CARE PC,"CRYSTAL LAKE FAMILY DENTAL CARE, PLLC","2765 KELLEY PARKWAY, SUITE 140",ORONO,MN,55356,952-449-9494,"Dentist, General Practice",2021-12-03,44.990412697507,-93.593305581524
nppes,1508873118,OSBERG PESOLA SCAMP KAIVO DDS PA,PARKWAY DENTAL,16518 WEST 78TH STREET,EDEN PRAIRIE,MN,55346,952-937-2137,Dentist,2020-08-22,44.862752876836,-93.486970910487
nppes,1194667436,OSSEO DENTAL STUDIO PLLC,,100 CENTRAL AVE,OSSEO,MN,55369,763-425-8200,Dentist,2026-04-07,45.117144699299,-93.402111959057
nppes,1740508704,PARTNERS IN DENTISTRY LTD,,17143 73RD PL N,MAPLE GROVE,MN,55311,763-516-4353,"Dentist, General Practice",2010-05-13,45.088059866145,-93.497776112138
nppes,1336351022,"PATRICK C. DALE D.D.S., P.A.",,"13800 83RD WAY N, SUITE 106",MAPLE GROVE,MN,55369,763-424-2930,"Dentist, General Practice",2020-08-22,45.105713295305,-93.455022688493
nppes,1073473260,PEARLA LLC,,5572 CANDY COVE TRL SE,PRIOR LAKE,MN,55372,612-801-0729,"Dentist, General Practice",2025-11-12,44.725223798415,-93.408466104248
nppes,1609048743,"PERIOWEST, LLC",PERIOWEST,7810 TERREY PINE CT,EDEN PRAIRIE,MN,55347,952-567-7457,"Dentist, Periodontics",2020-08-18,44.861670573952,-93.486953082666
nppes,1316976517,PLAZA DENTAL PA,,"1601 E HWY 13, SUITE 105",BURNSVILLE,MN,55337,952-890-5450,Dentist,2020-08-22,44.785029201652,-93.25249030527
nppes,1942668702,POINT FAMILY DENTISTRY,,10611 FRANCE AVE S STE 201,BLOOMINGTON,MN,55431,952-881-8404,"Dentist, General Practice",2016-02-08,44.811656578526,-93.329455265117
nppes,1104057975,PRAIRIE DENTAL GROUP,,6608 FLYING CLOUD DR,EDEN PRAIRIE,MN,55344,952-903-5000,"Dentist, General Practice",2009-07-28,44.884604794121,-93.407993908453
nppes,1730308156,"R. RICHARD CAPP, D.D.S., P.A.",,320 E MAIN ST,ANOKA,MN,55303,763-421-4102,"Dentist, General Practice",2020-08-22,45.197862312036,-93.386789861997
nppes,1992847453,RAINTREE DENTAL,,13551 BALSAM LN,DAYTON,MN,55327,763-422-1714,"Dentist, General Practice",2020-08-22,45.199900602271,-93.425970213271
nppes,1902889157,"REGARDING DENTISTRY, PLLC",REGARDING DENTISTRY,732 VISTA BLVD.,WACONIA,MN,55387,952-442-2816,"Dentist, General Practice",2017-05-08,44.847890928152,-93.772472487457
nppes,1104156405,RELAXATION DENTISTRY,,"1475 WHITE OAK DR, 200",CHASKA,MN,55318,952-351-8282,"Dentist, General Practice",2010-01-08,44.804257232465,-93.604228255925
nppes,1972616902,"RENSCH, BECKER AND IWEN, D.D.S., P.A.",,402 MONROE ST,ANOKA,MN,55303,763-427-2740,"Dentist, Orthodontics and Dentofacial Orthopedics",2016-03-29,45.196637688335,-93.385302577894
nppes,1891833596,"RICHARD C AXEL, DDS, PA",,522 FAXON RD,NORWOOD YOUNG AMERICA,MN,55368,952-201-2425,"Dentist, General Practice",2020-08-22,44.770688904692,-93.919721995255
nppes,1922146869,"RICHARD C AXEL, DDS, PA",,239 N MEDINA,LORETTO,MN,55357,763-479-2922,"Dentist, General Practice",2020-08-22,45.054612266997,-93.635249552537
nppes,1649318619,"RICHARD C AXEL. DDS, PA",,"7935 STONE CREEK DR, #150",CHANHASSEN,MN,55317,952-937-2839,"Dentist, General Practice",2020-08-22,44.861398519158,-93.572024605313
nppes,1831297357,RICHARD L SALMELA DDS PA,,18148 MINNETONKA BLVD,WAYZATA,MN,55391,952-473-9561,"Dentist, General Practice",2020-08-22,44.94219543119,-93.510704312584
nppes,1871632331,"RIDGE POINT DENTAL CLINIC, P.A.",SHELDON T. PETERSON DDS,"14050 NICOLLET AVE SO, SUITE 205",BURNSVILLE,MN,55337,952-435-4177,"Dentist, General Practice",2020-08-22,44.748689467319,-93.277884214184
nppes,1629521893,RIDGES FAMILY DENTAL PLLC,,50 MCANDREWS RD E,BURNSVILLE,MN,55337,952-892-5050,Dentist,2016-07-25,44.753576381948,-93.277437087318
nppes,1508477050,RIZZO DENTISTRY PLLC,MODERN DAY DENTAL,11995 SINGLETREE LN STE 130,EDEN PRAIRIE,MN,55344,952-257-7255,"Dentist, General Practice",2020-10-13,44.856845699277,-93.429225212556
nppes,1780902080,ROBBINSDALE DENTAL PLLC,MINNESOTA DENTAL GROUP,"4125 LAKELAND AVE N, SUITE 100",ROBBINSDALE,MN,55422,763-537-5123,"Dentist, General Practice",2010-05-11,45.030451792688,-93.33675006947
nppes,1386297398,ROBERT E. DERR D.D.S. AND AMY CHI D.D.S. FAMILY DENTISTRY,,7825 TERREY PINE CT,EDEN PRAIRIE,MN,55347,952-934-3569,"Dentist, General Practice",2019-07-18,44.86124106709,-93.486799212216
nppes,1225229503,"ROGER E AUSTIN, DDS, PA",RAMSEY DENTAL CENTER,15243 NOWTHEN BLVD NW,RAMSEY,MN,55303,763-421-2660,"Dentist, General Practice",2007-08-05,45.247052412225,-93.41535072833
nppes,1386715704,ROGERS DENTAL CENTER P.A.,,21410 136TH AVE NORTH SUITE #109,ROGERS,MN,55374,763-428-2217,"Dentist, General Practice",2019-07-02,,
nppes,1619496700,ROGERS MINNESOTA ORTHODONTICS PLLC,ROGERS MINNESOTA ORTHODONTICS,13690 ROGERS DR STE 100,ROGERS,MN,55374,651-450-7273,"Dentist, Orthodontics and Dentofacial Orthopedics",2022-07-21,45.202255714976,-93.550370294472
nppes,1801585922,SAVAGE DENTAL PLLC,ADELMANN DENTISTRY,14247 OCONNELL CT,SAVAGE,MN,55378,952-226-3560,"Dentist, General Practice",2023-05-04,44.745651342563,-93.350901865671
nppes,1730308792,SHAKOPEE DENTAL P.L.L.C.,,"4201 DEAN LAKES BLVD, SUITE 110",SHAKOPEE,MN,55379,952-233-1020,"Dentist, General Practice",2020-08-22,44.779640984809,-93.46609335794
nppes,1013933381,SHAKOPEE MDEWAKANTON SIOUX COMMUNITY,SHAKOPEE DAKOTA CLINIC,2330 SIOUX TRL NW,PRIOR LAKE,MN,55372,952-496-6150,Family Medicine,2025-01-31,44.737097444634,-93.472842154614
nppes,1013933381-pl1,SHAKOPEE MDEWAKANTON SIOUX COMMUNITY,SHAKOPEE DAKOTA CLINIC,15000 MYSTIC CENTER DRIVE,PRIOR LAKE,MN,55372,952-233-2886,Family Medicine,2025-01-31,,
nppes,1013933381-pl2,SHAKOPEE MDEWAKANTON SIOUX COMMUNITY,SHAKOPEE DAKOTA CLINIC,2360 SIOUX TRL NW,PRIOR LAKE,MN,55372,952-233-2886,Family Medicine,2025-01-31,44.737473717372,-93.474085504913
nppes,1013933381-pl3,SHAKOPEE MDEWAKANTON SIOUX COMMUNITY,SHAKOPEE DAKOTA CLINIC,2705 WOZANI OCANKU NW,PRIOR LAKE,MN,55372,952-233-2886,Family Medicine,2025-01-31,,
nppes,1174872949,SHAMBLOTT FAMILY DENTISTRY,,"33 10TH AVE S, SUITE 250",HOPKINS,MN,55343,952-935-5599,Dentist,2012-09-07,44.923702780033,-93.412656973031
nppes,1811135288,SIDKY FAMILY DENTISTRY,,557 PRAIRIE CENTER DR,EDEN PRAIRIE,MN,55344,952-405-8838,"Dentist, General Practice",2009-01-23,44.8507942584,-93.427928777178
nppes,1982262721,SLEEP WELL TWIN CITIES LLC,SLEEP WELL TWIN CITIES LLC,3400 W 66TH ST STE 275,EDINA,MN,55435,612-251-7543,"Durable Medical Equipment & Medical Supplies, Customized Equipment",2019-06-05,44.883734707281,-93.323377728646
nppes,1528537768,SMILE EDEN PRAIRIE,,6600 CITY W. PKWY #315,EDEN PRAIRIE,MN,55344,952-941-9829,"Dentist, General Practice",2018-11-16,44.883193484792,-93.414713008167
nppes,1235008343,ST. LOUIS PARK DENTAL PLLC,,"8001 MN-7, SUITE 300",ST. LOUIS PARK,MN,55426,952-920-4060,"Dentist, General Practice",2025-11-05,44.936173623244,-93.380904680205
nppes,1508080532,"STONE CREEK DENTAL, P.A.",,"7935 STONE CREEK DR, STE. 150",CHANHASSEN,MN,55317,952-937-2839,Dentist,2020-08-22,44.861398519158,-93.572024605313
nppes,1962158709,SUNNY DENTAL P.C.,,6240 QUINWOOD LN N STE 200,MAPLE GROVE,MN,55369,763-208-3210,Dentist,2022-12-12,45.06738973234,-93.439566839071
nppes,1841323110,SWANSON & WALMAN PA,PETER L WALMAN DDS,11601 MINNETONKA MILLS RD,MINNETONKA,MN,55305,952-933-6060,"Dentist, General Practice",2020-08-22,44.93487920633,-93.426541514227
nppes,1184788614,SWANSON FAMILY DENTRISTRY PA,,"12450 WAYZATA BLVD, STE 214",MINNETONKA,MN,55305,952-545-2838,"Dentist, General Practice",2020-08-22,44.97134153901,-93.436763026044
nppes,1780790881,TONKA SMILES,AXEL BERGSTEDT AND JOHNSON PA,"11601 MINNETONKA MILLS RD, STE D40",MINNETONKA,MN,55305,952-938-8533,Dentist,2008-07-16,44.93487920633,-93.426541514227
nppes,1841417003,"TOWN DENTAL, PA",,407 CITY HALL PLZ,CHASKA,MN,55318,952-448-3077,Dentist,2020-08-22,,
nppes,1962460881,"TOWN DENTAL, PA",,425 2ND ST,EXCELSIOR,MN,55331,952-474-6133,"Dentist, General Practice",2020-08-22,44.903256517307,-93.565530059829
nppes,1639398886,"TOWN DENTAL, PA",,425 2ND ST,EXCELSIOR,MN,55331,952-474-6133,Dentist,2020-08-22,44.903256517307,-93.565530059829
nppes,1073123030,"TRUE NORTH COMMUNITY DENTAL CLINIC, LLC",TRUE NORTH COMMUNITY DENTAL CLINIC,415 EAST FIRST AVENUE,SHAKOPEE,MN,55379,952-403-5149,"Dentist, General Practice",2020-08-05,44.799239284015,-93.522214872445
nppes,1376877316,"TWIN CITIES DENTAL, PA",,12027 BUSINESS PARK BLVD N,CHAMPLIN,MN,55316,763-421-7900,"Dentist, General Practice",2009-09-23,45.173812489655,-93.390192304597
nppes,1528133782,"V KARE, PA",,11209 COMMERCE DR N,CHAMPLIN,MN,55316,763-323-6564,Dentist,2025-09-11,45.15768761711,-93.393196680485
nppes,1538383369,VALLEY DENTAL ASSOCIATES,,814 N WALNUT ST,CHASKA,MN,55318,952-448-4204,Dentist,2009-09-28,44.792337248681,-93.600969370841
nppes,1215874912,"VICTORIA ORTHODONTICS, LLC",,7980 ROSE ST STE 1,VICTORIA,MN,55386,952-222-1432,"Dentist, Orthodontics and Dentofacial Orthopedics",2026-04-30,44.858449420792,-93.663727884273
nppes,1093442048,WANG PERIODONTICS PLLC,MAPLE GROVE PERIODONTICS AND IMPLANT DENTISTRY,12000 ELM CREEK BLVD N STE 320,MAPLE GROVE,MN,55369,763-420-0200,"Dentist, Periodontics",2022-09-07,45.09445104707,-93.43443540467
nppes,1659554517,"WAYZATA DENTAL, LTD.",WAYZATA DENTAL,"250 CENTRAL AVE N, SUITE 202",WAYZATA,MN,55391,952-473-4900,"Dentist, General Practice",2007-12-13,44.973612312367,-93.501984280644
nppes,1508926841,WAYZATA ENDODONTICS PA,,"250 N CENTRAL AVE, SUITE 303",WAYZATA,MN,55391,952-476-0070,"Dentist, Endodontics",2020-08-22,44.973612312367,-93.501984280644
nppes,1386189272,"WAYZATA ENDODONTICS, P.A.",,"101 LAKE STREET WEST, SUITE 100",WAYZATA,MN,55391,952-476-0070,"Dentist, Endodontics",2016-12-30,44.970539480591,-93.522747720085
nppes,1851459887,"WILLIAM J. DUNLAP, D.D.S., P.A.",CEDAR ISLAND DENTAL,7378 KIRKWOOD CT,MAPLE GROVE,MN,55369,763-391-7600,"Dentist, General Practice",2020-08-22,45.088959164476,-93.433591838663
nppes,1902943657,WILLIAM W WAGNILD DDS PA,CEDAR HILLS DENTAL CENTER,10976 CEDAR LAKE RD,MINNETONKA,MN,55305,952-544-2225,"Dentist, General Practice",2012-10-18,44.952717170096,-93.417481240996
nppes,1154820132,WINSTED DENTAL PLLC,WATERTOWN DENTAL,229 LEWIS AVENUE SOUTH,WATERTOWN,MN,55388,952-955-2650,"Dentist, General Practice",2019-06-11,44.962436258709,-93.84831307411
nppes,1972372423,WLD IMPLANTS,,130 PIONEER TRL,CHASKA,MN,55318,952-361-3740,Dentist,2023-12-26,44.826788327277,-93.524386668451
nppes,1942608377,"2010 DENTISTRY, PA",CROSSTOWN FAMILY DENTAL,2010 W 66TH ST,RICHFIELD,MN,55423,612-866-5014,"Dentist, General Practice",2014-12-17,44.883557434922,-93.305001264034
nppes,1902920382,44TH STREET DENTAL,,3925 W 44TH ST,EDINA,MN,55424,952-922-2159,"Dentist, General Practice",2020-08-22,44.922428986828,-93.329756227132
nppes,1194885491,"50TH AND FRANCE DENTAL CARE, P.A.",,"3939 W 50TH ST, SUITE 210",EDINA,MN,55424,952-922-5561,"Dentist, General Practice",2020-08-22,44.91247256373,-93.329585293396
nppes,1689847519,901 FAMILY DENTISTRY P.A.,901 FAMILY DENTISTRY INC.,901 23RD AVE NE,MINNEAPOLIS,MN,55418,612-789-9444,Dentist,2008-04-11,45.010929279126,-93.249033972536
nppes,1306933577,A GENTLE DENTAL CENTER P.A.,,4930 42ND AVE N,ROBBINSDALE,MN,55422,763-537-4531,Dentist,2020-08-22,45.031414324438,-93.342223935569
nppes,1619345170,"A-TEAM ORTHODONTICS, PLLC",ZAPFEL ORTHODONTICS,1130 COUNTY ROAD 10,SPRING LAKE PARK,MN,55432,763-784-0420,"Dentist, Orthodontics and Dentofacial Orthopedics",2015-09-14,45.122308564994,-93.244759865174
nppes,1538220207,ABERDEEN DENTAL ASSOCIATES,,"11800 ABERDEEN ST NE, SUITE 110",BLAINE,MN,55449,763-786-4280,"Dentist, General Practice",2020-08-22,45.184437417368,-93.232873099149
nppes,1548282585,"ADT DENTAL, LTD.",,2232 HENNEPIN AVE,MINNEAPOLIS,MN,55405,612-377-6108,"Dentist, General Practice",2020-08-22,44.960204612814,-93.293348026142
nppes,1275707580,ADVANCED DENTAL GROUP,,3909 SILVER LAKE RD NE,MINNEAPOLIS,MN,55421,612-789-3573,"Dentist, General Practice",2008-04-17,45.039734914123,-93.218200466106
nppes,1760693972,ADVANCED DENTISTRY INC.,,5020 MINNETONKA BLVD,ST LOUIS PARK,MN,55416,952-285-1677,"Dentist, General Practice",2020-08-22,44.948531306274,-93.343875025211
nppes,1700589264,ADVANCED RECONSTRUCTIVE DENTISTRY PLLC,,6545 FRANCE AVE S STE 680,EDINA,MN,55435,952-922-5326,"Dentist, Prosthodontics",2023-03-23,44.884796694699,-93.328756101197
nppes,1477392116,"AFFORDABLE DENTURES & IMPLANTS - COON RAPIDS, P.C.",AFFORDABLE DENTURES & IMPLANTS - COON RAPIDS,12761 RIVERDALE BLVD NW STE 103,COON RAPIDS,MN,55448,320-371-0845,"Dentist, General Practice",2024-05-22,45.201156106757,-93.352648377784
nppes,1457393142-pl2,"ALEC H. JARET, DMD, PC",HEALTHDRIVE DENTAL GROUP,7600 FRANCE AVE S STE 1100,EDINA,MN,55435,888-964-6681,Dentist,2024-08-05,44.865443721606,-93.329013866426
nppes,1154763688,"ALL ABOUT SMILES, INC",,1611 COUNTY HIGHWAY 10,SPRING LAKE PARK,MN,55432,763-717-3989,Dentist,2013-07-25,,
nppes,1275770596,AMANA DENTAL CORP.,,2326 CENTRAL AVE NE,MINNEAPOLIS,MN,55418,612-789-2928,"Dentist, General Practice",2009-01-08,45.011235765912,-93.247413901618
nppes,1992979207,"ANGELL FAMILY DENTISTRY, P.A.",ANGELL FAMILY DENTISTRY,423 40TH AVE NE,COLUMBIA HEIGHTS,MN,55421,763-788-2215,"Dentist, General Practice",2023-03-07,45.041021824306,-93.261110827666
nppes,1164125753,ANTHONY ONGARO DDS PA,,2708 JOHNSON ST NE,MINNEAPOLIS,MN,55418,612-789-6543,"Dentist, General Practice",2023-03-23,45.017015088575,-93.237208845653
nppes,1518033166,ARNESEN & HERBERT DDS,,1525 CO RD 101 N,PLYMOUTH,MN,55447,763-475-2820,"Dentist, General Practice",2008-04-09,44.995727813295,-93.5020015277
nppes,1487924833,ASCENT FAMILY DENTISTRY,,5207 UNIVERSITY AVE NE,COLUMBIA HEIGHTS,MN,55421,763-572-8040,"Dentist, General Practice",2012-01-03,45.062825821742,-93.262832673381
nppes,1578407607,"ASPEN BLOOM, PLLC",,7936 PORTLAND AVE S,BLOOMINGTON,MN,55420,952-852-7776,"Dentist, General Practice",2026-04-17,44.859511783483,-93.268249077781
nppes,1285774398,ASSOCIATED DENTAL,ASSURE DENTAL,"4255 PHEASANT RIDGE DR NE, SUITE 407",BLAINE,MN,55449,763-225-6100,Dentist,2020-08-22,45.162457915544,-93.162308281684
nppes,1073662292,BARRY D GERST DDS PA,,2701 NICOLLET AVE,MINNEAPOLIS,MN,55408,612-874-7674,"Dentist, General Practice",2020-08-22,44.953685180594,-93.2778128003
nppes,1528066370,BASSETT CREEK DENTAL,,"5851 DULUTH ST, SUITE 100",GOLDEN VALLEY,MN,55422,763-546-1301,"Dentist, General Practice",2022-07-21,44.999318882415,-93.354459835291
nppes,1356411698,BAYLON & BAYLON PLLC,DRS BAYLON AND ASSOCIATE,11943 CENTRAL AVE NE,BLAINE,MN,55434,763-757-2914,"Dentist, General Practice",2011-05-31,45.18597651578,-93.234444322894
nppes,1497624001,BERGE DENTAL SURGERY D/B/A DENTURES ASAP,,2738 WINNETKA AVE N STE 100,NEW HOPE,MN,55427,763-316-5918,"Dentist, General Practice",2025-11-03,45.008059756207,-93.380213994137
nppes,1043429970,BIRCHWOOD DENTAL OF MINNEAPOLIS,,"825 NICOLLET MALL, 829 MEDICAL ARTS BLDG",MINNEAPOLIS,MN,55402,612-333-8677,"Dentist, General Practice",2008-12-10,44.975586734473,-93.273227034334
nppes,1740455773,BISMILLAH DENTAL CARE PLLC,,"8900 PENN AVE S, SUITE 202",BLOOMINGTON,MN,55431,952-888-1861,"Dentist, General Practice",2024-09-18,44.842011463058,-93.308932468547
nppes,1063768687,BLAINE DENTAL LLC DBA PRO DENTAL,,"10210 BALTIMORE ST NE, SUITE 100",BLAINE,MN,55449,763-231-2050,Dentist,2012-08-01,45.156177707025,-93.233618558934
nppes,1982007803,"BLAINE DENTISTRY, PC",BLAINE DENTISTRY,"1384 109TH AVE NE, SUITE 200",BLAINE,MN,55434,763-757-6000,"Dentist, General Practice",2014-10-06,45.168105973602,-93.236348571449
nppes,1821907783,"BLAINE LAKES DENTAL, P.L.L.C.",,10705 TOWN SQUARE DR NE STE 200,BLAINE,MN,55449,763-757-1535,"Dentist, General Practice",2026-09-04,45.165191468636,-93.213762092943
nppes,1861587842,BLOOMINGTON LAKE DENTAL CLINIC PA,,3042 BLOOMINGTON AVE,MINNEAPOLIS,MN,55407,612-729-2393,"Dentist, General Practice",2020-08-22,44.947582575595,-93.252581196258
nppes,1710344494,"BLOOMINGTON SMILES DENTISTRY, PC",BLOOMINGTON SMILES DENITSTRY,"10700 FRANCE AVENUE, SUITE 102",BLOOMINGTON,MN,55437,952-679-3531,"Dentist, General Practice",2016-01-26,44.810458850798,-93.329617007968
nppes,1942408778,"BRADLEY S. ISAACSON, DDS, PA",TANGLETOWN DENTAL,4831 NICOLLET AVE,MINNEAPOLIS,MN,55419,612-822-2324,"Dentist, General Practice",2015-01-14,44.915168565167,-93.277912773191
nppes,1134446370,BRITE DENTAL MINNESOTA P.C.,,334 EAST LAKE ST.,MINNEAPOLIS,MN,55408,708-439-4655,"Dentist, General Practice",2010-05-20,44.948410308469,-93.271296698216
nppes,1639334428,"BRYAN J. OPHAUG, D.D.S., P.A.",BASS LAKE DENTAL GROUP,7123 BASS LAKE RD,NEW HOPE,MN,55428,763-533-5359,"Dentist, General Practice",2008-07-22,45.054615418725,-93.371046066792
nppes,1104249259,CAMPODONICO FAMILY & COSMETIC DENTISTRY PC,ARDEN DENTAL ASSOCIATES,"11806 ABERDEEN ST NE, SUITE 150",BLAINE,MN,55449,763-786-1545,"Dentist, General Practice",2014-01-27,45.184580048853,-93.232898964801
nppes,1871100974,"CANDID MINNESOTA, PLLC",,15 S 9TH ST STE 97,MINNEAPOLIS,MN,55402,860-481-7631,"Dentist, Orthodontics and Dentofacial Orthopedics",2020-09-23,44.976156341947,-93.276610799526
nppes,1558635607,CAREPOINT DENTAL,,"4111 CENTRAL AVE NE, SUITE 104",COLUMBIA HEIGHTS,MN,55421,763-400-3525,Dentist,2012-04-23,45.04296488301,-93.247185775646
nppes,1730602905,CAREPOINT DENTAL CRYSTAL,,331 WILLOW BND,CRYSTAL,MN,55428,763-354-7683,"Dentist, General Practice",2017-12-04,45.054091828346,-93.368304798911
nppes,1669548251,CARTER C REESE DDS LTD,REESE ORTHODONTICS,9401 36TH AVE N,NEW HOPE,MN,55427,763-544-8745,Dentist,2020-08-22,45.021958221863,-93.398175754557
nppes,1003978578,CARTER C REESE DDS LTD,NEW SMILE ORTHODONTICS,8500 42ND AVE N,NEW HOPE,MN,55427,763-537-0100,Dentist,2020-08-22,45.033021012296,-93.38662192009
nppes,1649582669,CEDAR LAKE COMMUNITY CLINIC PA,,1831 E LAKE ST,MINNEAPOLIS,MN,55407,612-276-1000,Family Medicine,2011-02-01,44.94831329002,-93.246960035067
nppes,1871809152,CEDAR RIVERSIDE PEOPLE'S CENTER,PEOPLE'S CENTER DENTAL CLINIC|PEOPLE'S CENTER CLINICS & SERVICES,3152 MINNEHAHA AVE,MINNEAPOLIS,MN,55406,612-332-4973,"Clinic/Center, Federally Qualified Health Center (FQHC)",2026-07-21,44.945518543588,-93.232289813755
nppes,1801982111,CENTENNIAL LAKES DENTAL GROUP,,7373 FRANCE AVE S STE 500,EDINA,MN,55435,952-831-2800,Dentist,2020-08-22,44.869024104026,-93.328733433821
nppes,1972748721,CENTENNIAL LAKES DENTAL GROUP,,5851 DULUTH ST STE 218,GOLDEN VALLEY,MN,55422,763-544-0121,"Dentist, General Practice",2008-12-09,44.999318882415,-93.354459835291
nppes,1457979031,CENTENNIAL LAKES ORTHODONTICS PLLC,,7373 FRANCE AVE S STE 400,EDINA,MN,55435,952-831-1324,"Dentist, Orthodontics and Dentofacial Orthopedics",2020-07-09,44.869024104026,-93.328733433821
nppes,1922184621,CHICAGO DENTISTS,,2120 NICOLLET AVE,MINNEAPOLIS,MN,55404,612-870-4646,"Dentist, General Practice",2008-07-14,44.961621663555,-93.277901280651
nppes,1497936389,CHICAGO LAKE DENTAL,,2900 CHICAGO AVE,MINNEAPOLIS,MN,55407,612-823-2080,"Dentist, General Practice",2007-11-19,44.949787052063,-93.262736418069
nppes,1669842662-pl1,CHILDREN'S DENTAL SERVICES,,636 BROADWAY ST NE,MINNEAPOLIS,MN,55413,612-746-1530,"Dentist, Dental Public Health",2018-08-20,44.998653721984,-93.256345051471
nppes,1669842662-pl2,CHILDREN'S DENTAL SERVICES,,636 BROADWAY ST NE,MINNEAPOLIS,MN,55413,612-746-1530,"Dentist, Dental Public Health",2018-08-20,44.998653721984,-93.256345051471
nppes,1407973605,CHILDRENS DENTAL SERVICES INC,,636 BROADWAY ST. NE,MINNEAPOLIS,MN,55413,612-746-1530,"Dentist, Dental Public Health",2013-12-03,44.998653721984,-93.256345051471
nppes,1124192208,"CITY OF LAKES DENTAL, P.A.",,5524 NICOLLET AVE,MINNEAPOLIS,MN,55419,612-823-1816,"Dentist, General Practice",2020-08-22,44.902743135155,-93.278149251116
nppes,1841656410,CITYSCAPE DENTAL PA,,"825 NICOLLET MALL, SUITE# 1921",MINNEAPOLIS,MN,55402,612-332-5916,"Dentist, General Practice",2016-01-12,44.975586734473,-93.273227034334
nppes,1164040457,COLBY ORTHODONTICS LLC,,9TH ST. AND NICOLLET AVE. SUITE 531,MINNEAPOLIS,MN,55402,612-332-4344,"Dentist, Orthodontics and Dentofacial Orthopedics",2020-07-13,44.974902980765,-93.273902984058
nppes,1982060430,"COLUMBIA HEIGHTS DENTISTRY, PC",COLUMBIA HEIGHTS DENTISTRY,"5220 CENTRAL AVE NE, SUITE 240",COLUMBIA HEIGHTS,MN,55421,763-275-1319,"Dentist, General Practice",2016-01-13,45.062873505996,-93.247807682433
nppes,1295431138,"COON RAPIDS MODERN DENTISTRY, PC",COON RAPIDS MODERN DENTISTRY,3320 124TH AVE NW,COON RAPIDS,MN,55433,763-290-6623,Dentist,2023-02-02,45.196167967728,-93.352118040541
nppes,1164546040,"COSMETIC, FAMILY & SPORTS DENTISTRY, PA",,"6545 FRANCE AVE S, SUITE 585",EDINA,MN,55435,952-922-9119,"Dentist, General Practice",2020-08-22,44.884796694699,-93.328756101197
nppes,1013070291,CRAIG J BRANDENBURG DDS LTD,,5201 BLOOMINGTON AVE,MINNEAPOLIS,MN,55417,612-721-6233,"Dentist, General Practice",2020-08-22,44.908811206347,-93.252368845655
nppes,1366928426,CREEKSIDE FAMILY DENTAL PLLC,"GIEBENHAIN DENTAL ASSOCIATES, P.A.","GIEBENHAIN DENTAL ASSOCIATES, P.A., 5851 DULUTH STREET # 103",GOLDEN VALLEY,MN,55422,763-545-0330,Dentist,2018-07-12,,
nppes,1619141942,"CRYSTAL LAKE DENTAL CARE OF ROBBINSDALE, PLLC",,3925 37TH AVE N,ROBBINSDALE,MN,55422,763-588-8426,"Dentist, General Practice",2008-04-17,45.022428433042,-93.329481232386
nppes,1659611333,"DAN B ANG, DDS,LLC",,"5851 DULUTH ST, SUITE 313",GOLDEN VALLEY,MN,55422,763-542-8723,"Dentist, Endodontics",2013-02-18,44.999318882415,-93.354459835291
nppes,1952028490,"DAN B. ANG DDS, LLC",,"5851 DULUTH STREET, SUITE 313",GOLDEN VALLEY,MN,55422,763-542-8723,"Dentist, Endodontics",2022-10-25,44.999318882415,-93.354459835291
nppes,1568648871,DAN M. PROESCHEL,LAKE NOKOMIS DENTAL,4927 34TH AVE S,MINNEAPOLIS,MN,55417,612-729-6150,"Dentist, General Practice",2008-01-16,44.913892398444,-93.222758120431
nppes,1265603096,DANIEL E SMOLEROFF DDS,,1901 44TH AVE N,MINNEAPOLIS,MN,55412,612-529-8091,Dentist,2008-03-19,45.035392189865,-93.303509338392
nppes,1083676944,DANIEL O ODEGAARD DDS PA,,"825 NICOLLET MALL, STE 1001",MINNEAPOLIS,MN,55402,612-332-2618,Dentist,2020-08-22,44.975586734473,-93.273227034334
nppes,1578858643,"DAVID A. COOK, DDS, PA",SMILES AT FRANCE,"4999 FRANCE AVE S, SUITE 230",MINNEAPOLIS,MN,55410,612-824-7033,"Dentist, General Practice",2011-06-16,44.91258697073,-93.32895304768
nppes,1023143161,DAVID J ELASKY DDS PA,,7600 PARKLAWN STE 101,EDINA,MN,55435,952-835-6000,Dentist,2020-08-22,44.863372536549,-93.336008339546
nppes,1053405571,DAVID KATZ DDS PA,,2934 TEXAS AVE S,ST LOUIS PARK,MN,55426,952-935-7707,"Dentist, General Practice",2020-08-22,44.950580225806,-93.381022693221
nppes,1689038473,DENTAL CONSULTANTS LLC,ASPEN DENTAL,1090 SHINGLE CREEK CROSSING,BROOKLYN CENTER,MN,55430,651-583-7256,"Dentist, General Practice",2016-04-08,45.058331514446,-93.315283210798
nppes,1275704520,DENTAL DELLIVERY SYSTEMS BROOKLYN PARK PA,THE SMILE CENTER,7532 BROOKLYN BLVD,MINNEAPOLIS,MN,55443,763-263-2222,"Dentist, General Practice",2008-03-14,45.091716558049,-93.351280565331
nppes,1952467615,DENTAL HEALTH CARE CENTER PA,,1717 EAST 66TH STREET,RICHFIELD,MN,55423,612-861-7109,Dentist,2014-09-24,44.883420484997,-93.249721618354
nppes,1245973817,DENTAL MANAGEMENT PARTNERS LLC,PRO DENTAL,10210 BALTIMORE ST NE STE 100,BLAINE,MN,55449,763-231-2050,"Dentist, Orofacial Pain",2022-06-07,45.156177707025,-93.233618558934
nppes,1871837708,"DENTALIGN, P.A",,4630 EDGEBROOK PL,EDINA,MN,55424,763-420-1030,"Dentist, Orthodontics and Dentofacial Orthopedics",2012-11-15,44.914335974411,-93.344079751687
nppes,1255508966,DENTEXPERT,PARKWAY DENTAL,4730 CHICAGO AVE,MINNEAPOLIS,MN,55407,612-824-4211,"Dentist, General Practice",2020-07-31,44.9173335012,-93.26270993495
nppes,1316777071,DENTISTRYONE OF MINNESOTA PC,,8500 NORMANDALE LAKE BLVD STE 350,BLOOMINGTON,MN,55437,877-712-7875,"Dentist, General Practice",2025-05-13,44.853889690742,-93.356090827912
nppes,1497678643,DIGITAL DENTAL SOLUTIONS LLC,,800 WASHINGTON AVE N STE 202,MINNEAPOLIS,MN,55401,952-212-0168,"Dentist, General Practice",2026-08-04,44.988946037083,-93.278633127961
nppes,1144484205,DISTINCTIVE DENTAL SERVICES PA,HILLTOP DENTAL,4716 CENTRAL AVE NE,HILLTOP,MN,55421,763-572-9762,"Dentist, General Practice",2008-07-17,45.05434338395,-93.248078683261
nppes,1134507718,DJCM PLLC,,5524 NICOLLET AVE,MINNEAPOLIS,MN,55419,612-823-1816,Dentist,2015-05-14,44.902743135155,-93.278149251116
nppes,1194949511,DON BLAKESLEE DDS PA,BLAKESLEE DENTAL,"10155 UNIVERSITY AVE NE, STE 112",BLAINE,MN,55434,763-784-1242,Dentist,2020-08-22,45.154250897638,-93.266381305859
nppes,1104272939,DONALD CLAUSEN DDS MS PA,,"825 NICOLLET MALL, STE 825",MINNEAPOLIS,MN,55402,612-338-5420,"Dentist, General Practice",2016-05-11,44.975586734473,-93.273227034334
nppes,1467640029,DOORSTEP DENTAL SERVICES,,5861 CEDAR LAKE RD S,ST LOUIS PARK,MN,55416,763-541-6000,Dentist,2008-06-16,44.965381834207,-93.356178198476
nppes,1033307046,DOORSTEP HEALTHCARE SERVICES,,5861 CEDAR LAKE RD S,ST LOUIS PARK,MN,55416,763-541-6000,Dentist,2008-06-16,44.965381834207,-93.356178198476
nppes,1538830005,DOWNTOWN DENTAL PROFESSIONALS LLC,,121 S 8TH ST STE 199,MINNEAPOLIS,MN,55402,612-339-5808,Dentist,2021-09-24,44.975126928322,-93.271425667948
nppes,1861138133,DOWNTOWN PERIODONTICS AND IMPLANT DENTISTRY,,"825 NICOLLET MALL, SUITE 725",MINNEAPOLIS,MN,55402,612-339-5593,"Dentist, General Practice",2022-05-10,44.975586734473,-93.273227034334
nppes,1194997783,DR ALAN RUSSELL PLC,,2010 27TH AVE S,MINNEAPOLIS,MN,55406,612-336-8478,Dentist,2008-06-11,44.962343289973,-93.233085984893
nppes,1730346636,DR JOHN W CRETZMEYER JR DDS PA,DENTISTRY FOR THE ENTIRE FAMILY,1099 EAST MOORE LAKE DRIVE,FRIDLEY,MN,55432,763-586-9988,Dentist,2008-05-19,45.081606741724,-93.240007804918
nppes,1639214547,DR RICHARD E BRIMACOMB,,"8900 PENN AVE S, #112",BLOOMINGTON,MN,55431,952-888-1311,Dentist,2008-06-17,44.842011463058,-93.308932468547
nppes,1548926876,DR RICHARD J ANDERSON DDS PA,ANDERSON DENTALCARE,3925 W 50TH ST STE 104,EDINA,MN,55424,952-926-0284,"Dentist, General Practice",2021-11-10,44.912472299611,-93.329411694274
nppes,1477690279,DR. BRUCE E. BRANDSNESS P.A.,,2267 LOUISIANA AVE S,ST LOUIS PARK,MN,55426,952-546-2564,Dentist,2020-08-22,44.960521476452,-93.370921443495
nppes,1619118775,"DR. DAVID MCKAY, DDS LLC",,4800 NICOLLET AVE. S.,MINNEAPOLIS,MN,55419,612-822-2176,Dentist,2009-03-18,44.915966101132,-93.278066428076
nppes,1306563895,DR. DEBRA L. AMUNDSON DDS. P.A,,2775 WINNETKA AVE NORTH,NEW HOPE,MN,55427,763-545-3010,"Dentist, General Practice",2022-10-25,45.00869872004,-93.380376071463
nppes,1508564030,DR. LUKE W BOGDANOWICZ DDS AND ASSOCIATES LTD,,8525 EDINBROOK XING STE 402,BROOKLYN PARK,MN,55443,763-425-5277,"Dentist, General Practice",2024-05-08,45.109535696351,-93.328670562415
nppes,1083791362,DRS ERICKSON & LANDE PA,,"825 SO 8TH ST, SUITE 1216",MINNEAPOLIS,MN,55404,612-332-0559,Dentist,2020-08-22,44.971127685727,-93.261801981927
nppes,1649597204,DRS WILLIAMS & WIMMER DDS PA,,"6550 YORK AVE S, SUITE 315",EDINA,MN,55435,952-929-3368,"Dentist, General Practice",2010-04-22,44.886019729385,-93.320747939396
nppes,1740343953,DRS WILLIAMS & WIMMER DDS PA,,9800 ROCKFORD RD,PLYMOUTH,MN,55442,763-559-4778,"Dentist, General Practice",2008-07-10,,
nppes,1154568293,DULAC DENTAL LTD,,6550 YORK AVE S STE 202,EDINA,MN,55435,952-925-2176,"Dentist, General Practice",2009-01-12,44.886019729385,-93.320747939396
nppes,1407008477,DYLLA-JENSEN PERIODONTICS PLLC,,6545 FRANCE AVE S,EDINA,MN,55435,952-922-6949,"Dentist, Periodontics",2008-10-21,44.884796694699,-93.328756101197
nppes,1083789929,EDINA 5-O DENTAL PA,DREW F SPENCER DDS,"3948 W 50TH ST, SUITE 205",EDINA,MN,55424,952-922-8111,Dentist,2008-07-08,44.912587343507,-93.329708945145
nppes,1962127464,EDINA ENDODONTICS PLLC,,"3939 WEST 50TH STREET, SUITE 201",EDINA,MN,55424,952-653-4500,"Dentist, Endodontics",2022-10-06,44.91247256373,-93.329585293396
nppes,1033279393,"EDINA FAMILY DENTAL ASSOC., P.A.",,4954 LINCOLN DR,EDINA,MN,55436,952-935-3532,"Dentist, General Practice",2020-08-22,44.914884969982,-93.39904031587
nppes,1790678365,"EDINA MODERN DENTISTRY, PC",,7433 FRANCE AVE S,EDINA,MN,55435,612-299-1150,"Dentist, General Practice",2025-06-02,44.867782875661,-93.32871857615
nppes,1558349035,EDWARD R BICK DDS PA,,5806A W 36TH ST,ST LOUIS PARK,MN,55416,952-988-5890,Dentist,2008-11-20,44.937845665597,-93.353239060249
nppes,1457421786,EHLERS AND KELLER DDS PA,,1537 E 66TH ST,RICHFIELD,MN,55423,612-861-7188,"Dentist, General Practice",2020-08-22,44.883437690062,-93.252856148865
nppes,1417581240,ELEGANT DENTISTRY PPLC,,6545 FRANCE AVE S STE 681,EDINA,MN,55435,612-800-8008,"Dentist, General Practice",2020-03-02,44.884796694699,-93.328756101197
nppes,1528117488,ENDODONTIC ASSOCIATES LIMITED,,277 COON RAPIDS BLVD #404,COON RAPIDS,MN,55433,763-767-6108,"Dentist, Endodontics",2020-06-08,45.139478340613,-93.274834083519
nppes,1538577341,ENDODONTIC PROFESSIONALS PA - ST ANTHONY ENDODONTICS,,3905 SILVER LAKE RD NE,MINNEAPOLIS,MN,55421,763-559-0859,"Dentist, Endodontics",2014-07-24,45.03954072912,-93.218199357541
nppes,1093908360,ENDODONTIC PROFESSIONALS PA PLYMOUTH ENDODONTICS,,3401 HWY 169 N,PLYMOUTH,MN,55441,763-559-0859,"Dentist, Endodontics",2007-08-21,45.017105876168,-93.400993629378
nppes,1710080809,ENDODONTIC SPECIALISTS PA,,"6545 FRANCE AVE S, SUITE #665",EDINA,MN,55435,952-927-8694,"Dentist, Endodontics",2020-08-22,44.884796694699,-93.328756101197
nppes,1780855171,"ESTHESIA ORAL SURGERY CARE, PA",,"3400 W 66TH ST, SUITE 270",EDINA,MN,55435,952-920-3844,"Dentist, Oral and Maxillofacial Pathology",2008-03-13,44.883734707281,-93.323377728646
nppes,1073789913,EXCEL DENTISTRY,,"8001 HIGHWAY 7, SUITE 100",ST LOUIS PARK,MN,55426,952-746-3233,"Dentist, General Practice",2009-08-12,44.936173623244,-93.380904680205
nppes,1982886859,"FAMILY & COSMETIC GENTLE DENTISTRY, LTD",,97 85TH AVE NW,COON RAPIDS,MN,55433,952-224-9771,"Dentist, General Practice",2008-06-20,45.124622031963,-93.269652626682
nppes,1275715732,"FAMILY & COSMETIC GENTLE DENTISTRY, LTD",,5001 WINNETKA AVE N,NEW HOPE,MN,55428,763-533-0055,"Dentist, General Practice",2008-06-20,45.045994020831,-93.38046050723
nppes,1477112456,"FAMILY & COSMETIC GENTLE DENTISTRY, LTD","""GENTLE DENTISTRY""",2147 NORTHDALE BLVD NW,COON RAPIDS,MN,55433,651-209-3139,"Dentist, General Practice",2019-06-12,45.18299233593,-93.322311334843
nppes,1750563227,"FAMILY & COSMETIC GENTLE DENTISTRY, LTD",,13550 26TH AVE N STE 200,PLYMOUTH,MN,55441,763-557-0287,"Dentist, General Practice",2008-06-20,45.007561859735,-93.451992224067
nppes,1295917755,"FAMILY & COSMETIC GENTLE DENTISTRY, LTD",,5401 CHICAGO AVE,MINNEAPOLIS,MN,55417,612-827-2801,"Dentist, General Practice",2008-06-20,44.905184698904,-93.262539584163
nppes,1952399685,"FAMILY & COSMETIC GENTLE DENTISTRY, LTD.",,5100 EDEN AVE STE 209,EDINA,MN,55436,952-929-0641,"Dentist, General Practice",2009-10-28,44.909779349507,-93.351984786476
nppes,1760837041,FAMILY AND COSMETIC GENTLE DENTISTRY,FAMILY AND COSMETIC GENTLE DENTISTRY,5107 GUS YOUNG LN,EDINA,MN,55436,952-929-0641,"Dentist, General Practice",2022-07-21,44.911737179087,-93.352523918875
nppes,1831261510,FAMILY DENTAL CARE OF S MPLS PA,,3152 MINNEHAHA AVE,MINNEAPOLIS,MN,55406,612-728-8888,"Dentist, General Practice",2020-08-22,44.945518543588,-93.232289813755
nppes,1861546111,"FAMILY DENTAL CLINIC, P.A.",,4454 CHICAGO AVE,MINNEAPOLIS,MN,55407,612-823-6262,"Dentist, General Practice",2020-08-22,44.922345369598,-93.262636747613
nppes,1861140501,FAMILY ENDODONTIC SPECIALISTS PLC,METRO DENTALCARE SPECIALTY CENTER RICHFIELD - ENDODONTICS,6601 LYNDALE AVE S STE 230A,RICHFIELD,MN,55423,612-638-1206,"Dentist, General Practice",2022-08-10,44.883315059624,-93.286475253869
nppes,1679673867,FAMILY ENDODONTIC SPECIALISTS PLC,METRO DENTALCARE RICHFIELD,6601 LYNDALE AVE S STE 220A,RICHFIELD,MN,55423,612-866-1234,"Dentist, Endodontics",2022-03-11,44.883315059624,-93.286475253869
nppes,1598865651,FAMILY ORAL SURGERY SPECIALISTS PLC,METRO DENTALCARE SPECIALTY CENTER RICHFIELD - ORAL SURGERY,6601 LYNDALE AVE S STE 230,RICHFIELD,MN,55423,612-861-9123,"Dentist, Oral and Maxillofacial Pathology",2022-08-10,44.883315059624,-93.286475253869
nppes,1639815434,FAMILY ORTHODONTIC SPECIALISTS PLC,WOODLAKE ORTHODONTICS RICHFIELD,6602 LYNDALE AVE S STE 230A,RICHFIELD,MN,55423,612-869-8834,"Dentist, Orthodontics and Dentofacial Orthopedics",2022-05-05,44.883324946003,-93.286643004433
nppes,1104569839,FAMILY ORTHODONTIC SPECIALISTS PLC,WOODLAKE ORTHODONTICS ST LOUIS PARK,4959 EXCELSIOR BLVD STE 200,ST LOUIS PARK,MN,55416,952-920-8774,"Dentist, Orthodontics and Dentofacial Orthopedics",2022-04-20,44.931533563516,-93.345406446402
nppes,1447350509,"FAMILY ORTHODONTIC SPECIALISTS, PLC",WOODLAKE ORTHODONTICS RICHFIELD,6601 LYNDALE AVE S STE 240,RICHFIELD,MN,55423,612-861-9123,"Dentist, Orthodontics and Dentofacial Orthopedics",2022-05-31,44.883315059624,-93.286475253869
nppes,1801991146,FAMILY ORTHODONTICS PA,,5804 EXCELSIOR BLVD,ST LOUIS PARK,MN,55416,952-922-7117,"Dentist, Orthodontics and Dentofacial Orthopedics",2020-08-22,44.929356966149,-93.353281015316
nppes,1063512234,"FAMILY PERIODONTIC SPECIALISTS, PLC",METRO DENTALCARE SPECIALTY CENTER RICHFIELD - PERIODONTICS,6601 LYNDALE AVE S STE 220,RICHFIELD,MN,55423,612-861-9123,"Dentist, Periodontics",2022-08-10,44.883315059624,-93.286475253869
nppes,1821493396,"FIANT DENTAL, PLLC",,2937 LYNDALE AVE S,MINNEAPOLIS,MN,55408,612-827-7400,"Dentist, General Practice",2014-10-27,44.949408853641,-93.288007945732
nppes,1891402517,"FORBES DENTAL CARE, P.A.",,"4001 STINSON BLVD N.E, FORBES DENTAL CARE, P.A., SUITE #426",MINNEAPOLIS,MN,55421,612-788-0751,Dentist,2022-11-02,45.039336991174,-93.226877580069
nppes,1598129942,"FRANK RUSSOMANNO, JR, DDS, P.A.",AMBER LEAF FAMILY DENTAL,8910 PENN AVE S,BLOOMINGTON,MN,55431,952-881-0504,Dentist,2016-04-12,44.841891884528,-93.308933374672
nppes,1083331771,GEETA SUKHANI PLLC,,7300 FRANCE AVE S STE 110,EDINA,MN,55435,952-831-0414,"Dentist, General Practice",2022-10-24,44.871048701313,-93.329103280804
nppes,1447506571,GERALD D. CAVANAUGH & WILLIAM F. LILJEMARK,EDINA ORTHODONTIC ASSOCIATES,"3939 W. 50TH ST, SUITE #207",EDINA,MN,55424,952-926-2335,"Dentist, Orthodontics and Dentofacial Orthopedics",2012-07-26,44.91247256373,-93.329585293396
nppes,1619938057,GIEBENHAIN DENTAL ASSOCIATES PA,,"5851 DULUTH STREET, SUITE #103",GOLDEN VALLEY,MN,55422,763-545-0330,Dentist,2008-04-25,44.999318882415,-93.354459835291
nppes,1780198010,GOLDEN VALLEY KIDS PLLC,,7575 GOLDEN VALLEY RD,GOLDEN VALLEY,MN,55427,763-222-1299,"Dentist, Pediatric Dentistry",2017-11-22,44.986178678956,-93.376611301022
nppes,1568591139,"GREGORY D. LISKA DDS AND DARREN E. HOVLAND DDS, LTD",,1025 EVERGREEN LN N,PLYMOUTH,MN,55441,763-546-2209,"Dentist, General Practice",2020-08-22,44.990065699142,-93.426962366325
nppes,1760503478,GROUP HEALTH PLAN INC,HEALTHPARTNERS DENTAL GROUP,8100 34TH AVE S,MINNEAPOLIS,MN,55425,952-883-5151,"Dentist, Oral and Maxillofacial Surgery",2025-09-11,,
nppes,1801173489,"GROUP HEALTH PLAN, INC",,8170 33RD AVE S,BLOOMINGTON,MN,55425,982-883-5151,"Dentist, Orthodontics and Dentofacial Orthopedics",2011-11-09,44.856046101062,-93.225539867665
nppes,1558764597,"GROUP HEALTH, INC.",HEALTHPARTNERS PLYMOUTH DENTAL CLINIC,4155 COUNTY RD 101 N,PLYMOUTH,MN,55446,952-977-3000,"Dentist, General Practice",2026-08-14,45.031032936434,-93.507572456486
nppes,1053466128,"GROUP HEALTH, INC.",HEALTHPARTNERS WEST DENTAL CLINIC,"5100 GAMBLE DR, STE 100",ST LOUIS PARK,MN,55416,952-593-0779,"Dentist, General Practice",2026-08-14,44.965516707831,-93.345383445158
nppes,1700932449,"GROUP HEALTH, INC.",HEALTHPARTNERS RIVERSIDE DENTAL CLINIC,2220 RIVERSIDE AVE,MINNEAPOLIS,MN,55454,612-371-1605,"Dentist, Pediatric Dentistry",2026-08-19,44.967491680999,-93.240650696426
nppes,1699829697,"GROUP HEALTH, INC.",HEALTHPARTNERS BLAINE DENTAL CLINIC,10961 CLUB WEST PKWY,BLAINE,MN,55449,763-780-1292,"Dentist, General Practice",2026-08-14,45.1692195305,-93.229906280242
nppes,1184779811,"GROUP HEALTH, INC.",HEALTHPARTNERS COON RAPIDS DENTAL CLINIC,11475 ROBINSON DR NW,COON RAPIDS,MN,55433,763-754-0041,"Dentist, General Practice",2026-08-14,45.179227047036,-93.312223636007
nppes,1699272427,"GROUP HEALTH, INC.",HEALTHPARTNERS,5500 EXCELSIOR BLVD,ST LOUIS PARK,MN,55416,952-853-9120,"Dentist, General Practice",2026-08-14,44.931132918077,-93.347748747427
nppes,1922153881,"GROUP HEALTH, INC.",HEALTHPARTNERS BLOOMINGTON DENTAL CLIIC,8600 NICOLLET AVE S,BLOOMINGTON,MN,55420,952-884-1148,"Dentist, General Practice",2026-08-14,44.847881872495,-93.278493009994
nppes,1073667051,"GROUP HEALTH, INC.",HEALTHPARTNERS BROOKLYN CENTER DENTAL CLINIC,5901 JOHN MARTIN DR,BROOKLYN CENTER,MN,55430,763-566-3770,"Dentist, Pediatric Dentistry",2026-08-14,45.063737237841,-93.308781321977
nppes,1346327871,HANNON & SANDLER P.A.,,10700 OLD COUNTY ROAD 15 STE 180,PLYMOUTH,MN,55441,763-541-1135,"Dentist, General Practice",2015-11-23,44.9851992535,-93.415229097338
nppes,1265595276,HARBOR DENTAL PA,KATHLEEN G SWANSON DDS PA,"3001 HARBOR LANE, SUITE 100",PLYMOUTH,MN,55447,763-553-0451,Dentist,2020-08-22,45.014080476642,-93.461538097074
nppes,1699816132,HARRINGTON ORTHODONTICS LTD,,"15600 36TH AVE N, SUITE 170",PLYMOUTH,MN,55446,763-473-7656,"Dentist, Orthodontics and Dentofacial Orthopedics",2020-08-22,45.022217491321,-93.477489759207
nppes,1992706550,HEIDI M BRANDENBURG DDS PA,,"3948 W 50TH ST, STE 201",EDINA,MN,55424,952-722-8787,Dentist,2010-03-22,44.912587343507,-93.329708945145
nppes,1255098323,HONEYCOMB DENTISTRY,,4201 MINNEHAHA AVE,MINNEAPOLIS,MN,55406,612-721-2833,"Dentist, General Practice",2021-11-23,44.926922829928,-93.218597544127
nppes,1194544189,"IMPACT ORTHODONTICS, PLLC",,4256 NICOLLET AVE,MINNEAPOLIS,MN,55409,507-272-9665,"Dentist, Orthodontics and Dentofacial Orthopedics",2024-10-07,44.925853312953,-93.278011922189
nppes,1174600621,INTERLACHEN DENTAL ASSOCIATES,,"5101 VERNON AVENUE, SUITE 1B",EDINA,MN,55436,952-920-9579,"Dentist, General Practice",2012-01-12,44.910740908449,-93.355437309761
nppes,1437847654,INTERLACHEN DENTAL ASSOCIATES,,"5101 VERNON AVE S, STE 1B",EDINA,MN,55436,952-920-9579,"Dentist, General Practice",2023-04-26,44.910740908449,-93.355437309761
nppes,1447416607,ISLES DENTAL ASSOCIATES P.A,,2534 HENNEPIN AVE,MINNEAPOLIS,MN,55405,612-374-4321,"Dentist, General Practice",2008-08-06,44.956205763153,-93.296378243997
nppes,1942018825,ISLES DENTAL PLLC,,2534 HENNEPIN AVE,MINNEAPOLIS,MN,55405,612-374-4321,"Dentist, General Practice",2024-12-23,44.956205763153,-93.296378243997
nppes,1346649712,IVORY DENTAL,,825 NICOLLET MALL STE 505,MINNEAPOLIS,MN,55402,612-338-8636,Dentist,2014-08-21,44.975586734473,-93.273227034334
nppes,1902978893,J&D DENTAL DDS PA,,"109 S 7TH ST, SUITE 133",MINNEAPOLIS,MN,55402,612-332-0592,"Dentist, General Practice",2020-08-22,44.976170871453,-93.270738690904
nppes,1396121034,JAIN DENTAL PLYMOUTH PLLC,,2050 MERRIMAC LN N STE 201,PLYMOUTH,MN,55447,763-746-4444,Dentist,2015-08-05,45.00137115799,-93.504601649721
nppes,1992134324,JAMES C.LOOTS JR. DDS PA,,535 40TH AVE NE,COLUMBIA HTS,MN,55421,763-781-3321,Dentist,2013-11-06,45.041031023107,-93.258365432986
nppes,1891033320,JAMES R. MILLER DDS MS PA,"ADVANCES IN ORTHODONTICS, PA","7575 GOLDEN VALLEY RD, SUITE 220",GOLDEN VALLEY,MN,55427,763-544-2211,"Dentist, Orthodontics and Dentofacial Orthopedics",2013-01-17,44.986178678956,-93.376611301022
nppes,1104978279,"JANICE O. FREDERICK, D.D.S.,P.A.",,6410 NICOLLET AVE,RICHFIELD,MN,55423,612-866-7300,"Dentist, General Practice",2020-08-22,44.886865208429,-93.278203573215
nppes,1982767125,JEANNE L BARSS DDS MS PA,JEANNE L BARSS DDS MS,"3475 PLYMOUTH BLVD, ST 200",PLYMOUTH,MN,55447,763-694-6158,"Dentist, Periodontics",2020-08-22,45.019898534542,-93.476832935989
nppes,1285786319,JEFFREY E ONEIL DDS PA,ONEIL DENTAL CENTER,6945 PENN AVENUE SOUTH SUITE 101,RICHFIELD,MN,55423,612-866-2233,Dentist,2008-07-02,44.877310315283,-93.308513325276
nppes,1174797476,"JEFFREY H. MILLER, DDS.",,3345 DAKOTA AVE S,ST LOUIS PARK,MN,55416,952-929-9450,"Dentist, General Practice",2008-04-17,44.943428513567,-93.360274911879
nppes,1811058746,JEROME DULAC DDS,,"6550 YORK AVE S, #202",EDINA,MN,55435,952-925-2176,"Dentist, General Practice",2020-08-22,44.886019729385,-93.320747939396
nppes,1457411753,JEROME E. EUTENEUER DDS PA,,"6545 FRANCE AVE S, SUITE 270",EDINA,MN,55435,952-927-7744,"Dentist, General Practice",2008-05-20,44.884796694699,-93.328756101197
nppes,1063386928,JET DENTAL OF MINNESOTA PLLC,,6160 SUMMIT DR N STE 205,BROOKLYN CENTER,MN,55430,801-430-9262,"Dentist, General Practice",2025-10-02,45.066270390264,-93.305556518647
nppes,1124773460,JUSTIN T. OSTREM D.D.S. PA,,9655 SCHMIDT LAKE RD STE 200,PLYMOUTH,MN,55442,763-536-1272,"Dentist, General Practice",2022-02-15,45.043807655592,-93.402446181594
nppes,1184169153,KANJI AND SAVTRI INC,,3803 SILVER LAKE RD NE,MINNEAPOLIS,MN,55421,612-782-7000,"Dentist, General Practice",2016-12-30,45.03695839294,-93.218212284557
nppes,1073862819,KENNETH B WEDDELL PLLC,,8900 PENN AVE S STE 211,BLOOMINGTON,MN,55431,952-884-7706,"Dentist, General Practice",2023-08-09,44.842011463058,-93.308932468547
nppes,1437267598,KIM F LARSON,LARSON DENTAL,1632 WASHINGTON ST NE,MINNEAPOLIS,MN,55413,612-789-2853,"Dentist, General Practice",2020-08-22,45.004498551629,-93.25763402553
nppes,1073862637,KINGFIELD FAMILY DENTAL & ASSOCIATES PLLC,,17 E 38TH ST,MINNEAPOLIS,MN,55409,612-353-5443,"Dentist, General Practice",2012-08-29,44.934041964624,-93.277642090986
nppes,1497149496,"KNOLLWOOD DENTISTRY, PC",KNOLLWOOD DENTISTRY,8454 HIGHWAY 7,ST. LOUIS PARK,MN,55426,952-933-3667,"Dentist, General Practice",2015-03-27,44.935920943207,-93.384557900002
nppes,1265589642,KUIPERS ORTHODONTICS,,"8900 PENN AVE S, SUITE 216",BLOOMINGTON,MN,55431,952-884-9161,"Dentist, Orthodontics and Dentofacial Orthopedics",2009-11-09,44.842011463058,-93.308932468547
nppes,1255044723,KYLE NOVOTNY DDS PLLC,LEGACY DENTAL CARE,12265 CENTRAL AVE NE,BLAINE,MN,55434,763-757-1323,"Dentist, General Practice",2022-12-29,45.191868509433,-93.234391208652
nppes,1881754950,LA BELLE PERIODONTICS INC,,"5901 BROOKLYN BLVD, #206",BROOKLYN CNTR,MN,55429,763-535-1616,Dentist,2020-08-22,45.062085437004,-93.325455443003
nppes,1184829509,LAKE STREET DENTAL,,1508 E LAKE ST,MINNEAPOLIS,MN,55407,612-724-1717,"Dentist, Prosthodontics",2025-09-11,44.948421287512,-93.253329672702
nppes,1356801799,LAKESHORE DENTAL,,4700 CEDAR AVE S,MINNEAPOLIS,MN,55407,240-765-4938,"Dentist, General Practice",2019-03-21,44.917850719697,-93.247349911766
nppes,1063856359,LAM FAMILY DENTISTRY,,28 NATHAN LN N,PLYMOUTH,MN,55441,763-544-0270,"Dentist, General Practice",2013-04-17,44.978900501823,-93.408326091549
nppes,1336216746,LAPINSKI FAMILY DENTISTRY PA,J M LAPINSKI DDS PA,201 MISSISSIPPI ST NE,FRIDLEY,MN,55432,763-574-7505,"Dentist, General Practice",2020-08-22,45.086245616949,-93.267085820562
nppes,1922726280,LARSON DENTAL LLC,,1632 WASHINGTON ST NE,MINNEAPOLIS,MN,55413,612-789-2853,Dentist,2022-08-22,45.004498551629,-93.25763402553
nppes,1336683036,LEGACY DENTAL CARE LLC,,12265 CENTRAL AVE NE,BLAINE,MN,55434,763-757-1323,"Dentist, General Practice",2016-12-14,45.191868509433,-93.234391208652
nppes,1730271081,"LHD, PLLC",LINDEN HILLS DENTISTRY,4289 SHERIDAN AVE S,MINNEAPOLIS,MN,55410,612-922-6164,"Dentist, General Practice",2023-11-09,44.924929801887,-93.314418360259
nppes,1912303777,LICENSED DENTAL HYGIENE CARE,SENIOR MOBILE DENTAL MINNESOTA LTD,"5201 EDEN AVE, SUITE 50",EDINA,MN,55436,763-545-7545,"Dentist, General Practice",2014-11-07,44.909066986878,-93.353871209505
nppes,1053791319,LING FAMILY DENTISTRY,,10945 ULYSSES ST NE,BLAINE,MN,55434,763-784-1993,"Dentist, General Practice",2015-09-11,45.169045199028,-93.237188037898
nppes,1184701898,"LING FAMILY DENTISTRY, P.A.",,7766 HIGHWAY 65 NE,SPRING LAKE PARK,MN,55432,763-784-1993,"Dentist, General Practice",2020-08-22,45.109065585035,-93.243935664711
nppes,1093828261,LOWRY HILL DENTAL CLINIC PATRICK J PROCHASKA DDS ET.AL PARTNERS,LOWRY HILL DENTAL CLINIC,"1516 W LAKE ST, SUITE 302",MINNEAPOLIS,MN,55408,612-822-1484,"Dentist, General Practice",2020-08-22,44.948427904663,-93.301098422134
nppes,1194328914,"MAGNOLIA DENTAL CARE, PLLC",,6545 FRANCE AVE S STE 270,EDINA,MN,55435,952-927-7744,"Dentist, General Practice",2020-11-17,44.884796694699,-93.328756101197
nppes,1528150877,MALLINGER DENTAL PLLC,,"8900 PENN AVE SO, SUITE 100",BLOOMINGTON,MN,55431,952-881-1154,Dentist,2020-08-22,44.842011463058,-93.308932468547
nppes,1881312676,"MARIE JOYCELYN LUA, DMD, MS, PA",,6545 FRANCE AVE S STE 680,EDINA,MN,55435,952-920-7482,"Dentist, Prosthodontics",2022-08-17,44.884796694699,-93.328756101197
nppes,1184046385,"MARK CHARLES WALLACE, DDS, PC",ADVANCED DENTAL GROUP,3909 SILVER LAKE RD NE,MINNEAPOLIS,MN,55421,612-789-3573,"Dentist, General Practice",2014-01-08,45.039734914123,-93.218200466106
nppes,1538140934,MARK J MODJEAN DDS PA,,7001 NICOLLET AVE S,RICHFIELD,MN,55423,612-866-3322,Dentist,2020-08-22,,
nppes,1063725109,MELSTROM DENTAL PLLC,TWIN OAKS DENTAL,11949 CENTRAL AVE NE,BLAINE,MN,55434,763-757-8253,"Dentist, General Practice",2010-07-19,45.186396349553,-93.23443782633
nppes,1720188998,"METRO DENTALCARE, PLC",,"6601 LYNDALE AVE S, SUITE 220",RICHFIELD,MN,55423,612-861-9123,Dentist,2020-08-22,44.883315059624,-93.286475253869
nppes,1669199741,METROPOLITAN PERIODONTISTS,,"825 NICOLLET MALL, STE. 210",MINNEAPOLIS,MN,55402,612-332-0869,"Dentist, Periodontics",2022-10-20,44.975586734473,-93.273227034334
nppes,1982775235,"METROPOLITAN PERIODONTISTS, P.A.",,"825 NICOLLET MALL, SUITE 210",MINNEAPOLIS,MN,55402,612-332-0869,"Dentist, Periodontics",2020-08-22,44.975586734473,-93.273227034334
nppes,1427151968,MICHAEL J KING DDS PA,,2738 WINNETKA AVE NO,MINNEAPOLIS,MN,55427,763-544-5919,"Dentist, General Practice",2008-07-14,45.008059756207,-93.380213994137
nppes,1396914685,"MICHAEL J NELSON D.D.S., PA",,"8001 HIGHWAY 7, #300",ST LOUIS PARK,MN,55426,952-920-4060,Dentist,2008-02-21,44.936173623244,-93.380904680205
nppes,1871242917,MICHAEL JAMES KRUMHOLZ,,2267 LOUISIANA AVE S,ST LOUIS PARK,MN,55426,952-999-4999,"Dentist, General Practice",2023-04-12,44.960521476452,-93.370921443495
nppes,1821199852,MICHAEL T KRATZ DDS PA,,"3939 W 50TH STREET, #208",EDINA,MN,55424,952-922-2214,"Dentist, Prosthodontics",2025-09-11,44.91247256373,-93.329585293396
nppes,1760509954,MICHAEL WOLF DDS P.A.,,"999 50TH AVE NE, SUITE 200",COLUMBIA HEIGHTS,MN,55421,763-571-4837,"Dentist, General Practice",2020-08-22,45.059015485153,-93.246018250728
nppes,1982311916,MILL CITY DENTAL PA,,2218 LAUREL AVE,MINNEAPOLIS,MN,55405,612-377-3740,Dentist,2022-10-31,44.973617288663,-93.309064589433
nppes,1033351457,MINNEAPOLIS DENTAL,,150 S 5TH ST STE 1475,MINNEAPOLIS,MN,55402,612-332-1255,Dentist,2009-03-31,44.977983151627,-93.268515520171
nppes,1659039444,MINNEAPOLIS DENTAL PROFESSIONALS LLC,,825 NICOLLET MALL STE 939,MINNEAPOLIS,MN,55402,612-338-1255,Dentist,2021-11-30,44.975586734473,-93.273227034334
nppes,1013216811,MINNEAPOLIS-ST. PAUL PERIODONTICS,,1109 EAST MOORE LAKE DRIVE,FRIDLEY,MN,55432,651-439-2600,"Dentist, Periodontics",2011-03-18,45.081635236939,-93.23998489905
nppes,1104977222,MINNEHAHA FALL FAMILY DENTAL,JAKUBAS DENTAL,4554 MINNEHAHA AVE,MINNEAPOLIS,MN,55406,612-721-3012,Dentist,2020-12-31,44.920508363141,-93.215361317955
nppes,1316210347,MINNESOTA DENTAL IMPLANT CENTER,THE DENTAL IMPLANT CENTER,8325 WAYZATA BLVD STE 150,GOLDEN VALLEY,MN,55426,763-417-9975,Dentist,2012-02-22,44.971075239729,-93.380594157033
nppes,1679272488,"MINNESOTA DENTAL PROFESSIONALS, P.C.",TWIN LAKE DENTISTRY,3220 COUNTY ROAD 10 STE A,BROOKLYN CENTER,MN,55429,763-561-6320,"Dentist, General Practice",2023-05-08,45.060219859647,-93.322539512274
nppes,1225696925,"MINNESOTA DENTAL PROFESSIONALS, P.C.",DENTAL CARE OF BROOKLYN PARK,5901 94TH AVE N STE 105,BROOKLYN PARK,MN,55443,763-703-2512,"Dentist, General Practice",2019-08-14,,
nppes,1073063103,"MINNESOTA DENTAL PROFESSIONALS, P.C.",DENTAL ARTS OF MINNEAPOLIS,"825 NICOLLET MALL, STE 425",MINNEAPOLIS,MN,55402,612-332-7675,"Dentist, General Practice",2016-10-13,44.975586734473,-93.273227034334
nppes,1245881093,"MINNESOTA DENTAL PROFESSIONALS, P.C.",FOLEY DENTAL OFFICE,11237 FOLEY BLVD NW,COON RAPIDS,MN,55448,763-757-1234,"Dentist, General Practice",2019-09-24,45.174440986393,-93.276475974852
nppes,1811483795,MINNESOTA DURABLE MEDICAL EQUIPMENT LLC,,15600 36TH AVE N STE 270,MINNEAPOLIS,MN,55446,612-210-2452,"Durable Medical Equipment & Medical Supplies, Customized Equipment",2018-07-03,45.022217491321,-93.477489759207
nppes,1649424904,MINNESOTA ORTHODONTICS AND DENTOFACIAL ORTHOPEDICS PA,,7149 FRANCE AVE S,EDINA,MN,55435,651-450-7273,"Dentist, Orthodontics and Dentofacial Orthopedics",2020-09-15,44.874078096424,-93.328769817879
nppes,1538216411,MINNESOTA ORTHODONTICS AND DENTOFACIAL ORTHOPEDICS PA,DR. D. ORTHODONTICS,"3475 PLYMOUTH BLVD, SUITE 300",PLYMOUTH,MN,55447,763-559-0559,"Dentist, Orthodontics and Dentofacial Orthopedics",2020-09-15,45.019898534542,-93.476832935989
nppes,1417340563,MIRACLE MILE DENTISTRY PA,36TH STREET DENTAL,5806A W 36TH ST,ST LOUIS PARK,MN,55416,952-929-5292,Dentist,2015-03-13,44.937845665597,-93.353239060249
nppes,1912395419,"MN DENTISTRY, PC",ASPEN DENTAL,"3570 RIVER RAPIDS DRIVE NW, STE 110",COOR RAPIDS,MN,55448,315-454-6000,"Dentist, General Practice",2015-01-06,45.199343839928,-93.352067149978
nppes,1730788498,MODERN DENTAL PROFESSIONALS,,676 COUNTY ROAD 10 NE,BLAINE,MN,55434,763-780-5007,Dentist,2020-10-22,45.125942369464,-93.252687122286
nppes,1447860523,MODERN DENTAL PROFESSIONALS MINNESOTA PC,MIDWEST DENTAL - SEWARD,2010 27TH AVE S,MINNEAPOLIS,MN,55406,612-336-8478,Dentist,2020-08-04,44.962343289973,-93.233085984893
nppes,1821356502,"MODERN DENTAL PROFESSIONALS, MINNESOTA PC",MIDWEST DENTAL - ST. LOUIS PARK,3345 DAKOTA AVE S,ST LOUIS PARK,MN,55416,952-929-9450,"Dentist, General Practice",2012-05-01,44.943428513567,-93.360274911879
nppes,1003286808,"MODERN DENTAL PROFESSIONALS, MN PC",MIDWEST DENTAL,"2147 NORTHDALE BLVD NW, NWOOD",COON RAPIDS,MN,55433,763-767-4888,"Dentist, General Practice",2015-10-06,45.18299233593,-93.322311334843
nppes,1710358379,"MODERN DENTAL PROFESSIONALS, MN PC",MIDWEST DENTAL,7532 BROOKLYN BLVD,BROOKLYN PARK,MN,55443,763-280-5737,"Dentist, General Practice",2015-10-08,45.091716558049,-93.351280565331
nppes,1881060069,"MODERN DENTAL PROFESSIONALS, MN PC",MIDWEST DENTAL,3909 SILVER LAKE RD NE,MINNEAPOLIS,MN,55421,612-789-3573,"Dentist, General Practice",2015-08-11,45.039734914123,-93.218200466106
nppes,1528452430,"MONARCH DENTAL, PLLC",,"8097 HIGHWAY 65 NE, SUTIE 104",SPRING LAKE PARK,MN,55432,612-331-3601,Dentist,2015-03-28,45.114845777443,-93.241578738981
nppes,1053834481,MONDALE DENTAL LLC,"ROGER MONDALE DDS|ROGER MONDALE, DDS","10600 OLD COUNTY RD 15, SUITE 120",PLYMOUTH,MN,55441,763-512-8500,"Dentist, General Practice",2024-07-30,44.985001565123,-93.414449806578
nppes,1386035590,MOORE LAKE DENTAL,,"6230 HIGHWAY 65 NE, SUITE 105",FRIDLEY,MN,55432,763-571-5497,Dentist,2015-02-10,45.081050733698,-93.243955786413
nppes,1649867334,MSP ORTHODONTICS PLLC,,825 NICOLLET MALL STE 531,MINNEAPOLIS,MN,55402,612-332-4344,"Dentist, Orthodontics and Dentofacial Orthopedics",2020-12-29,44.975586734473,-93.273227034334
nppes,1629150008,NANCY A NORLING DDS PA,,1660 HIGHWAY 100 S STE 122,MINNEAPOLIS,MN,55416,952-544-4129,"Dentist, General Practice",2020-08-22,,
nppes,1831309152,NEIL C BONSTROM DDS PA,,"6550 YORK AVE S, STE 302",EDINA,MN,55435,952-920-0863,Dentist,2020-08-22,44.886019729385,-93.320747939396
nppes,1467515460,"NEIL R. COVIN, D.D.S., P.A.",,3401 WOODDALE AVE S,ST LOUIS PARK,MN,55416,952-920-9209,"Dentist, Periodontics",2020-08-22,44.941944540883,-93.359883802833
nppes,1043471337,NICOLLET 38TH ST DENTAL,,17 E 38TH ST,MINNEAPOLIS,MN,55409,612-825-7835,"Dentist, General Practice",2008-06-19,44.934041964624,-93.277642090986
nppes,1003108895,NICOLLET DENTAL,,6101 NICOLLET AVE. SO.,MINNEAPOLIS,MN,55419,612-866-8550,Dentist,2011-05-11,44.89229568579,-93.278026145059
nppes,1952997421,"NODLANDMONDRY, P.L.L.C.",ABERDEEN DENTAL ASSOCIATES,11800 ABERDEEN ST NE STE 110,BLAINE,MN,55449,402-560-8346,"Dentist, General Practice",2020-12-17,45.184437417368,-93.232873099149
nppes,1952428393,"NORMANDALE DENTAL ASSOCIATES, P.A.",,10700 NORMANDALE BLVD,BLOOMINGTON,MN,55437,952-888-9661,"Dentist, General Practice",2020-08-22,44.80990833831,-93.350509371992
nppes,1831119437,"NORTHEAST DENTAL WELLNESS, PA","MISNER AND KWON, PA",3201 JOHNSON ST. NE,MINNEAPOLIS,MN,55418,612-781-6568,"Dentist, General Practice",2022-07-21,45.025905216347,-93.237036807559
nppes,1659670362,NORTHERN ORTHODONTICS,,1109 EAST MOORE LAKE DRIVE,FRIDLEY,MN,55432,651-439-2600,"Clinic/Center, Dental",2011-03-21,45.081635236939,-93.23998489905
nppes,1821746249,"NORTHLAND DENTAL PARTNERS, PLLC",METRO DENTALCARE DOWNTOWN MINNEAPOLIS,825 NICOLLET MALL STE 1025,MINNEAPOLIS,MN,55402,612-333-2879,"Dentist, General Practice",2022-03-15,44.975586734473,-93.273227034334
nppes,1598413916,"NORTHLAND DENTAL PARTNERS, PLLC",METRO DENTALCARE BLOOMINGTON,10611 FRANCE AVE S STE 200,BLOOMINGTON,MN,55431,952-888-4125,"Dentist, General Practice",2022-03-15,44.811656578526,-93.329455265117
nppes,1801043096,"NORTHLAND DENTAL PARTNERS, PLLC",METRO DENTALCARE ST. LOUIS PARK,4959 EXCELSIOR BLVD STE 200,ST LOUIS PARK,MN,55416,952-920-8774,"Dentist, General Practice",2022-03-15,44.931533563516,-93.345406446402
nppes,1144978560,"NORTHLAND DENTAL PARTNERS, PLLC",METRO DENTALCARE BLAINE PHEASANT RIDGE,4255 PHEASANT RIDGE DR NE STE 407,BLAINE,MN,55449,763-225-6100,"Dentist, General Practice",2022-03-15,45.162457915544,-93.162308281684
nppes,1598413957,"NORTHLAND DENTAL PARTNERS, PLLC",DENTAL CARE ON BRYANT,4552 BRYANT AVE S,MINNEAPOLIS,MN,55419,612-825-1697,"Dentist, General Practice",2025-01-17,44.920424069,-93.290934027335
nppes,1285377820,"NORTHLAND DENTAL PARTNERS, PLLC",METRO DENTALCARE BLAINE 10,261 COUNTY ROAD 10 NE STE 10,BLAINE,MN,55434,763-786-9644,"Dentist, General Practice",2022-04-20,45.129154830174,-93.258742180523
nppes,1497403810,"NORTHLAND DENTAL PARTNERS, PLLC",METRO DENTALCARE BROOKLYN CENTER,512 66TH AVE N,BROOKLYN CENTER,MN,55430,763-560-3334,"Dentist, General Practice",2022-03-15,,
nppes,1790433126,"NORTHLAND DENTAL PARTNERS, PLLC",DENTISTRY ON 77TH,4980 W 77TH ST,EDINA,MN,55435,952-835-3383,"Dentist, General Practice",2025-03-14,44.864200278546,-93.347920491644
nppes,1740938166,"NORTHLAND DENTAL PARTNERS, PLLC",CEDAR BEND DENTAL CARE,13040 RIVERDALE DR NW STE 600,COON RAPIDS,MN,55448,763-323-3042,"Dentist, General Practice",2025-08-04,45.208206901117,-93.359189006919
nppes,1790435428,"NORTHLAND DENTAL PARTNERS, PLLC",METRO DENTALCARE ST. LOUIS PARK WEST 36TH STREET,5806 W 36TH ST STE A,ST LOUIS PARK,MN,55416,952-929-5292,"Dentist, General Practice",2022-05-02,44.937845665597,-93.353239060249
nppes,1619619129,"NORTHLAND DENTAL PARTNERS, PLLC",CENTRAL AVENUE DENTAL CARE,12371 ULYSSES ST NE,BLAINE,MN,55434,763-203-6100,"Dentist, General Practice",2024-02-01,45.194576608309,-93.236297266435
nppes,1518616614,"NORTHLAND DENTAL PARTNERS, PLLC",MN DENTALCARE,6601 LYNDALE AVE S STE 230,RICHFIELD,MN,55423,612-866-1234,"Dentist, General Practice",2025-03-11,44.883315059624,-93.286475253869
nppes,1932200037,NORTHLAND ENDODONTICS PA,,"11800 ABERDEEN ST NE, SUITE 140",BLAINE,MN,55449,763-772-0330,"Dentist, Endodontics",2020-08-22,45.184437417368,-93.232873099149
nppes,1710161500,NORTHPARK DENTAL,,9120 BALTIMORE ST NE,BLAINE,MN,55449,763-786-1560,Dentist,2007-12-28,45.136231867638,-93.233604657513
nppes,1336337526,NORTHSIDE MINNESOTA ORAL AND MAXILLOFACIAL SURGEONS,,11441 OSAGE ST NW,COON RAPIDS,MN,55433,763-862-6442,Dentist,2007-10-12,45.178169282467,-93.319076644431
nppes,1336361534,NORTHTOWN CENTER DENTAL CENTER,NORTHTOWN DENTAL,113 NORTHTOWN DR NE,BLAINE,MN,55434,763-780-5007,Dentist,2020-08-22,45.12834306473,-93.259432899399
nppes,1093771248,NORTHWEST DENTAL CENTER P.A.,,2226 CENTRAL AVE NE,MINNEAPOLIS,MN,55418,612-788-3133,"Dentist, General Practice",2020-08-22,45.010167701032,-93.247406779411
nppes,1215083183,NORTHWOODS DENTAL,,"15600 36TH AVE N, SUITE 270",PLYMOUTH,MN,55446,763-557-0911,"Dentist, General Practice",2020-08-22,45.022217491321,-93.477489759207
nppes,1427156249,OCEANVIEW MANAGEMENT INC,DENTURES ASP,15910 46TH AVE N,PLYMOUTH,MN,55446,763-218-5350,"Dentist, General Practice",2007-11-29,45.038423300868,-93.481963927279
nppes,1548641657,OLUWAKAYODE ADEBOLA OLOWOYO,GRACEPOINT FAMILY DENTISTRY,4851 124TH LN NE,BLAINE,MN,55449,952-457-1462,Dentist,2015-06-15,45.195722834819,-93.149197269975
nppes,1528558244,ON-SITE DENTISTRY,,7600 FRANCE AVE S STE 1100,EDINA,MN,55435,763-545-7545,"Clinic/Center, Multi-Specialty",2018-05-17,44.865443721606,-93.329013866426
nppes,1699601310,"ONYX DENTAL, PLLC",,2232 HENNEPIN AVE,MINNEAPOLIS,MN,55405,612-749-3314,"Dentist, General Practice",2026-06-22,44.960204612814,-93.293348026142
nppes,1043095771,"ORTHODONTIC PARTNERS OF MINNESOTA, PLLC",PEARSON ORTHODONTICS,7450 FRANCE AVE S STE 270,EDINA,MN,55435,952-926-2551,"Dentist, Orthodontics and Dentofacial Orthopedics",2023-08-30,44.868191392684,-93.329108972522
nppes,1265586192,OSAGE DENTAL ASSOCIATES PA,,11441 OSAGE ST NW,COON RAPIDS,MN,55433,763-757-6600,"Dentist, General Practice",2020-08-22,45.178169282467,-93.319076644431
nppes,1255494712,OXBORO DENTAL CARE,,525 W 98TH ST,BLOOMINGTON,MN,55420,952-881-2243,"Dentist, General Practice",2020-08-22,,
nppes,1609718311,"PA K. YANG, DDS PPLC",,2936 ALDRICH AVE S,MINNEAPOLIS,MN,55408,612-256-4333,Dentist,2026-04-09,44.949389309677,-93.289445371
nppes,1710030796,PADULA DENTAL PA,,"7260 UNIVERSITY AVE NE, SUITE 115",FRIDLEY,MN,55432,763-571-1070,"Dentist, General Practice",2020-08-22,45.097885739498,-93.263811519383
nppes,1396089298,PAN ORTHODONTIC CLINICS,,"5101 VERNON AVE S, SUITE 502",EDINA,MN,55436,952-926-3747,"Dentist, Orthodontics and Dentofacial Orthopedics",2012-11-15,44.910740908449,-93.355437309761
nppes,1831528447,"PATRICK J. FOY DDS,PA",CREEKSIDE DENTAL,"3340 REPUBLIC AVE, STE 130",ST LOUIS PARK,MN,55426,952-938-2740,Dentist,2015-11-06,44.939528017203,-93.368162109115
nppes,1548690001,"PATRICK J. FOY DDS,PA",RIVERSIDE DENTAL,606 24TH AVE S STE 806,MINNEAPOLIS,MN,55454,612-332-3561,"Dentist, General Practice",2013-11-20,44.966827109419,-93.237846998074
nppes,1114981677,PATTI FROEBER COMPREHENSIVE DENTISTRY PA,,"312 CENTRAL AVE SE, SUITE 440",MINNEAPOLIS,MN,55414,612-379-2428,"Dentist, General Practice",2022-12-05,44.986936068879,-93.254679610011
nppes,1679765929,PAUL BOETTNER D.D.S. PLLC,BAY CREEK DENTAL,"1495 COUNTY ROAD 101 N, SUITE 2",PLYMOUTH,MN,55447,763-476-6774,"Dentist, General Practice",2012-06-15,44.995397961216,-93.502005685781
nppes,1467870303,PAUL BOETTNER DDS PLLC,,1485 COUNTY ROAD 101 N,PLYMOUTH,MN,55447,763-476-6774,"Dentist, General Practice",2014-03-28,44.995249653396,-93.50200776292
nppes,1679794176,PAUL S STONE DDS KEITH E JOHNSON DDS AND ASSOCIATES PA,STONE AND JOHNSON DENTAL GROUP,"3300 EDINBOROUGH WAY, SUITE 210",EDINA,MN,55435,952-831-1112,"Dentist, General Practice",2020-08-22,,
nppes,1659543320,PEIXIN LIU DDS,FAMILY DENTAL CARE,"2407 109TH AVENUE, SUITE 240",BLAINE,MN,55449,763-783-8200,"Dentist, General Practice",2008-04-02,45.167520021032,-93.210220615123
nppes,1962538330,PEIXIN LIU DDS,FAMILY DENTISTRY,"500 OSBORNE ROAD, SUITE 155 UNITY PROFESSIONAL BLDG",FRIDLEY,MN,55432,763-786-3800,"Dentist, General Practice",2020-08-22,45.107837324939,-93.258547420705
nppes,1093842841,PEIXIN LIU DDS,FAMILY DENTAL CARE,"2407 109TH AVENUE, SUITE 240",BLAINE,MN,55449,763-783-8200,"Dentist, General Practice",2020-08-22,45.167520021032,-93.210220615123
nppes,1376648402,PENN AVENUE FAMILY DENTAL,,5346 PENN AVE S,MINNEAPOLIS,MN,55419,612-922-0894,"Dentist, General Practice",2020-08-22,44.905829010205,-93.308718922261
nppes,1629166566,"PENTAGON DENTAL GROUP, LTD",,4940 VIKING DR STE 127,EDINA,MN,55435,952-835-3383,"Dentist, General Practice",2020-08-22,44.861965286358,-93.34876023778
nppes,1922278753,PHILIP F FABEL DDS PA,,4600 LAKE RD,ROBBINSDALE,MN,55422,763-537-1292,"Dentist, General Practice",2008-03-07,,
nppes,1992083125,"PIONEER DENTAL, P.A.",,4227 WINNETKA AVE N,NEW HOPE,MN,55428,763-536-1100,"Dentist, General Practice",2011-08-01,45.033124770035,-93.380395566697
nppes,1730384280,PLYMOUTH DENTAL CARE PC,,"4000 ANNAPOLIS LN N, SUITE 103",PLYMOUTH,MN,55447,763-551-0501,"Dentist, General Practice",2020-08-22,45.029065786826,-93.457352085292
nppes,1609095140,PLYMOUTH PLAZA DENTAL,,"1495 COUNTY ROAD 101 N, SUITE2",PLYMOUTH,MN,55447,763-476-6774,"Dentist, General Practice",2020-08-22,44.995397961216,-93.502005685781
nppes,1508574773,"PLYMOUTH SMILES DENTISTRY, PC",PLYMOUTH SMILES DENTISTRY,3405 VICKSBURG LN N STE 120,PLYMOUTH,MN,55447,763-390-2414,Dentist,2022-11-07,45.019139583229,-93.481831951281
nppes,1821145723,"POINT FAMILY DENTISTRY, LLC",,"10611 FRANCE AVE S, SUITE 201",BLOOMINGTON,MN,55431,952-881-8404,Dentist,2020-08-22,44.811656578526,-93.329455265117
nppes,1649332842,POSNICK DENTAL CARE PA,,3400 DAKOTA AVENUE SOUTH,SAINT LOUIS PARK,MN,55416,952-929-0459,Dentist,2020-08-22,44.942454553435,-93.360401919615
nppes,1053481010,PRINVEV DENTAL P.A,,4227 WINNETKA AVE N,NEW HOPE,MN,55428,763-536-1100,Dentist,2020-08-22,45.033124770035,-93.380395566697
nppes,1003654104,PROACTIVE HEALTHCARE EDUCATION CENTER,PROACTIVE DENTAL CLINIC CORP,334 E LAKE ST STE 105,MINNEAPOLIS,MN,55408,310-883-8932,"Dentist, Dental Public Health",2024-07-16,44.948410308469,-93.271296698216
nppes,1528805553,PROACTIVE HEALTHCARE EDUCATION CENTER,PROACTIVE DENTAL CLINIC CORP,334 E LAKE ST STE 105,MINNEAPOLIS,MN,55408,310-883-8932,"Dentist, Dental Public Health",2024-07-09,44.948410308469,-93.271296698216
nppes,1679911531,READY SET SMILE PA,ADT KIDS DENTAL SERVICES PA,3501 ALDRICH  AVE S,MINNEAPOLIS,MN,55408,612-721-6118,Dental Therapist,2026-03-10,44.939463459876,-93.289390438025
nppes,1952712366,REGENTS OF THE UNIVERSITY OF MINNESOTA,U OF MN SCHOOL OF DENTISTRY,"515 DELAWARE ST SE, 7-530 MOOS TOWER",MINNEAPOLIS,MN,55455,613-262-6423,Dentist,2014-05-20,44.972652777943,-93.231458404927
nppes,1467672709,REGENTS OF THE UNIVERSITY OF MINNESOTA,BOYNTON HEALTH SERVICE,410 CHURCH ST SE,MINNEAPOLIS,MN,55455,612-624-9998,"Clinic/Center, Dental",2025-07-24,44.972308310616,-93.233921309826
nppes,1457448615,REGENTS OF THE UNIVERSITY OF MINNESOTA,UNIVERSITY OF MINNESOTA SCHOOL OF DENTISTRY,"515 DELAWARE ST SE, 7-530 MOOS TOWER",MINNEAPOLIS,MN,55455,612-626-6529,"Clinic/Center, Dental",2024-06-24,44.972652777943,-93.231458404927
nppes,1619277043,"REKA KOERNER D.D.S.,P.A.",901 FAMILY DENTISTRY,901 23RD AVE NE,MINNEAPOLIS,MN,55418,612-789-9444,"Dentist, General Practice",2010-11-02,45.010929279126,-93.249033972536
nppes,1346273059,"RHODE ISLAND DENTAL, P.A.",,3645 RHODE ISLAND AVE S,ST LOUIS PARK,MN,55426,952-938-7628,"Dentist, General Practice",2020-08-22,44.93786876334,-93.378162301692
nppes,1548430101,"RICHARD C. RENDER, D.D.S., P.A.",,"8900 PENN AVE S, SUITE 307",BLOOMINGTON,MN,55431,952-884-7706,Dentist,2008-03-10,44.842011463058,-93.308932468547
nppes,1003231713,RICHFIELD DENTISTRY PC,RICHFIELD DENTISTRY,6411 RICHFIELD PKWY,RICHFIELD,MN,55423,612-869-3440,"Dentist, General Practice",2014-03-04,,
nppes,1669655890,RICHFIELD ORTHODONTIC ASSOCIATES,,"1537 E 66TH ST, SUITE 100",RICHFIELD,MN,55423,612-866-3333,"Dentist, Orthodontics and Dentofacial Orthopedics",2007-12-11,44.883437690062,-93.252856148865
nppes,1609098458,"RIVER BLUFF DENTAL, P.A.",,10851 RHODE ISLAND AVE S,BLOOMINGTON,MN,55438,952-884-5361,Dentist,2020-08-22,44.80739103796,-93.382060248376
nppes,1164474003,ROBBINSDALE DENTALCARE PA,,3920 W BROADWAY AVE,ROBBINSDALE,MN,55422,763-535-5555,"Dentist, General Practice",2024-02-29,45.026495589383,-93.333547671385
nppes,1225178361,"ROBBINSDALE FAMILY DENTISTRY, P.A.",MINNESOTA DENTAL GROUP,"4125 LAKELAND AVE N, 100",ROBBINSDALE,MN,55422,763-537-5123,"Dentist, General Practice",2020-08-22,45.030451792688,-93.33675006947
nppes,1972699908,ROBERT D THOMPSON DDS PA,BASS LAKE DENTAL GROUP,7123 BASS LAKE RD,NEW HOPE,MN,55428,763-533-5359,"Dentist, General Practice",2008-07-01,45.054615418725,-93.371046066792
nppes,1437134053,ROBERT J DONSKER DDS,,3844 CENTRAL AVE NE,COLUMBIA HEIGHTS,MN,55421,763-781-6976,Dentist,2020-08-22,45.03748713842,-93.247473307618
nppes,1033392014,ROBERT K. PETERSON DDS PA,,"7300 FRANCE AVE S, #110",EDINA,MN,55435,952-831-0414,"Dentist, General Practice",2007-12-12,44.871048701313,-93.329103280804
nppes,1932399557,"ROGER E AUSTIN, DDS, PA",FOLEY DENTAL CLINIC,11237 FOLEY BLVD NW,COON RAPIDS,MN,55448,763-757-3120,"Dentist, General Practice",2007-07-30,45.174440986393,-93.276475974852
nppes,1356967061,ROSEMARY LELICH PA,,5804 EXCELSIOR BLVD,ST LOUIS PARK,MN,55416,952-922-7117,"Dentist, Orthodontics and Dentofacial Orthopedics",2020-06-18,44.929356966149,-93.353281015316
nppes,1679705404,ROY KRENGEL DDS PA,,"8900 PENN AVE S, SUITE #112",BLOOMINGTON,MN,55431,952-888-1311,"Dentist, General Practice",2009-08-12,44.842011463058,-93.308932468547
nppes,1174884753,"RUSSELL N. FRYS JR,, DDS PA",,"7550 FRANCE AVE SOUTH, SUITE 138",EDINA,MN,55435,952-831-1332,"Dentist, General Practice",2012-05-31,44.866411114211,-93.329048469772
nppes,1992467161,"S AND A DENTAL, PLLC",OXBORO FAMILY DENTAL,9848 LYNDALE AVE S,BLOOMINGTON,MN,55420,952-888-3161,"Dentist, General Practice",2021-10-06,44.825403525768,-93.288666212575
nppes,1932012630,SAM SAUZA DDS PC,STACKED SMILES EDINA,7701 YORK AVE S STE 240,EDINA,MN,55435,651-505-5900,Dentist,2026-09-24,44.865460737703,-93.321148690399
nppes,1083849558,"SCOTT A. ARMSTRONG, D.D.S.",,"4001 STINSON BLVD, SUITE 420",MINNEAPOLIS,MN,55421,612-788-5151,"Dentist, General Practice",2009-05-27,45.041156495694,-93.226940407415
nppes,1689741787,SCOTT C. OSBORN D.D.S. AND ASSOCIATES PA,NICOLLET STATION DENTAL,"510 MARQUETTE AVE, SUITE 100",MINNEAPOLIS,MN,55402,612-338-5557,"Dentist, General Practice",2022-07-21,44.978123264842,-93.269441163747
nppes,1447372859,SCOTT R. KOIDAHL DDS PA,DOWNTOWN DENTAL ASSOCIATES,"825 NICOLLET MALL, SUITE 731",MINNEAPOLIS,MN,55402,612-339-5808,Dentist,2020-08-22,44.975586734473,-93.273227034334
nppes,1124677133,"SENIORWELL OF MINNESOTA, LLC","SENIORWELL OF MINNESOTA, LLC",100 S 5TH ST STE 1900,MINNEAPOLIS,MN,55402,844-882-3127,Dentist,2019-09-12,44.978252408435,-93.26914577235
nppes,1508476482,SENSATIONAL SMILES,MUVE ORTHODONTICS,950 NICOLLET MALL STE 220,MINNEAPOLIS,MN,55403,612-271-0773,"Dentist, Orthodontics and Dentofacial Orthopedics",2024-04-30,44.974455797275,-93.274374245668
nppes,1801090170,"SHAUNA ANDERSON NOVAK ,D.D.S.,P.A.",,"9800 SHELARD PKWY, SUITE 130",PLYMOUTH,MN,55441,763-525-5011,Dentist,2020-08-22,,
nppes,1144307232,"SKYWAY DENTAL CLINIC, P.L.L.C.",SKYWAY DENTAL CLINIC|DR. FREDRICK R SCHILLING DDS PA,"250 2ND AVE S., SUITE 250",MINNEAPOLIS,MN,55401,612-338-4122,"Dentist, General Practice",2021-03-22,44.980104942187,-93.26594383349
nppes,1023314564,"SMILE DESIGN DENTISTRY, PLLC",,"3475 PLYMOUTH BLVD, 100",PLYMOUTH,MN,55447,763-537-1238,"Dentist, General Practice",2011-02-01,45.019898534542,-93.476832935989
nppes,1063644888,SNORING AND SLEEP APNEA DENTAL TREATMENT CENTER,,"7225 OHMS LN, SUITE 180",EDINA,MN,55439,952-345-0290,"Dentist, General Practice",2023-10-02,44.871812288214,-93.354881502934
nppes,1285691220,SOUTHDALE DENTAL ASSOCIATES,,"7373 FRANCE AVE S, STE 600",EDINA,MN,55435,952-896-1111,"Dentist, Prosthodontics",2025-09-11,44.869024104026,-93.328733433821
nppes,1326044538,SOUTHDALE PERIODONTICS,,"6545 FRANCE AVE S, STE 190",EDINA,MN,55435,952-922-6949,"Dentist, Periodontics",2020-08-22,44.884796694699,-93.328756101197
nppes,1134547730,"SOUTHDALE PERIODONTICS, PLLC",,"6545 FRANCE AVE S, SUITE 190",EDINA,MN,55435,952-922-6949,"Dentist, Periodontics",2014-04-01,44.884796694699,-93.328756101197
nppes,1992822290,"SOUTHSIDE COMMUNITY HEALTH SERVICES, INC.",SOUTHSIDE DENTAL CLINIC,4243 4TH AVE S,MINNEAPOLIS,MN,55409,612-822-9030,Dentist,2026-01-05,44.926080372255,-93.270069319401
nppes,1376409276,"SOUTHSIDE COMMUNITY HEALTH SERVICES, INC.",SOUTHSIDE EAST LAKE STREET DENTAL CLINIC,1000 E LAKE ST,MINNEAPOLIS,MN,55407,612-822-9030,Dentist,2026-01-12,44.948417306575,-93.260036068628
nppes,1356586804,"STANLEY P. WILLIAMSON, D.D.S., P.A.",WILLIAMSON ORTHODONTICS,5101 VERNON AVE S STE 502,EDINA,MN,55436,952-926-3747,"Dentist, Orthodontics and Dentofacial Orthopedics",2008-12-12,44.910740908449,-93.355437309761
nppes,1588360903,STATE OF MINNESOTA MINNESOTA MANAGEMENT AND BUDGET,MINNESOTA VETERANS HOMES DENTAL CLINIC,5101 MINNEHAHA AVE. S,MINNEAPOLIS,MN,55417,612-548-5733,"Dentist, General Practice",2024-12-03,,
nppes,1386516433,STEADY DENTAL,,6230 HIGHWAY 65 NE STE 105,FRIDLEY,MN,55432,763-571-5497,"Dentist, General Practice",2025-09-18,45.081050733698,-93.243955786413
nppes,1619089737,STEPHEN G SINYKIN DDS PA,DOORSTEP DENTAL SERVICE,"715 FLORIDA AVE SO., #206",MINNEAPOLIS,MN,55426,763-541-6000,"Dentist, General Practice",2020-08-22,44.974300842663,-93.362798566986
nppes,1164758199,"STEPHEN P. BOGER, DDS, PA",BOGER DENTAL,"2720 ANNAPOLIS CIRCLE, SUITE A",PLYMOUTH,MN,55441,763-546-7707,Dentist,2009-10-27,45.009589144932,-93.453097455592
nppes,1740340561,"STEPHEN W. ROBINSON, DDS, PA",,"3475 PLYMOUTH BLVD, SUITE 300",PLYMOUTH,MN,55447,763-546-6700,"Dentist, Orthodontics and Dentofacial Orthopedics",2020-08-22,45.019898534542,-93.476832935989
nppes,1295907202,SUMMIT DENTAL P.A.,,10756 BUTTERNUT ST NW,COON RAPIDS,MN,55448,763-757-4170,"Dentist, General Practice",2008-03-31,45.166357815824,-93.268000586284
nppes,1831031871,SUNNY SMILES PLLC,,915 COUNTY HIGHWAY 10,MINNEAPOLIS,MN,55432,763-807-1743,Dentist,2026-05-22,45.124253435073,-93.248069674257
nppes,1932274107,SWEENDENT P.A.,,3548 NOBLE AVE N,CRYSTAL,MN,55422,763-521-2254,"Dentist, General Practice",2020-08-22,45.019590295112,-93.338724908659
nppes,1770205064,TARA KAUR DDS PLLC,,"7701 YORK AVE SOUTH, SUITE 140",EDINA,MN,55435,952-956-6700,Dentist,2022-09-14,44.865460737703,-93.321148690399
nppes,1720772791,TAXPAYER NAME: MORGANDIA D.C./DOING BUSINESS AS CITY IF LAKES DENTAL,,5524 NICOLLET AVE.,MINNEAPOLIS,MN,55419,612-823-1816,"Dentist, General Practice",2023-06-05,44.902743135155,-93.278149251116
nppes,1689028037,THE DENTIST'S HOUSE OF EDINA,,3930 SUNNYSIDE RD,EDINA,MN,55424,952-929-9131,Dentist,2016-04-21,44.921425493016,-93.330031789959
nppes,1922099845,THOMAS M DEWERD DDS PA,,3359 W BROADWAY AVE,ROBBINSDALE,MN,55422,763-522-4451,Dentist,2020-08-22,45.016865311715,-93.322816197954
nppes,1467420372,THOMAS W WAITE DDS PA,SANDPIPER DENTAL,5820 74TH AVE N,BROOKLYN PARK,MN,55443,763-561-7000,"Dentist, General Practice",2020-08-22,45.089838083622,-93.353709855964
nppes,1710052691,THOMAS W. ANDERSON,,11237 FOLEY BLVD. NW,COON RAPIDS,MN,55448,763-757-3120,Dentist,2013-12-09,45.174440986393,-93.276475974852
nppes,1356749659,TODAY'S DENTAL,,7960 BROOKLYN BLVD,BROOKLYN PARK,MN,55445,763-710-9937,"Dentist, General Practice",2014-12-18,45.094611257033,-93.374789108313
nppes,1316450091,TRAN DENTAL LLC,,3570 RIVER RAPIDS DR NW STE 110,COON RAPIDS,MN,55448,651-523-1093,"Dentist, General Practice",2023-06-13,45.199343839928,-93.352067149978
nppes,1114207362,"TRANQUILITY DENTAL, P.A.",TRANQUILITY DENTAL,"7415 WAYZATA BLVD, STE 201",ST LOUIS PARK,MN,55426,952-334-3304,"Dentist, General Practice",2011-08-19,44.97085371894,-93.374028426506
nppes,1902746951,TRINITY DENTAL PLLC,,7119 ANTRIM CT,EDINA,MN,55439,612-703-5935,"Dentist, General Practice",2026-03-30,44.874331776113,-93.373758923242
nppes,1871750026,TWIN CITIES DENTAL,,3803 SILVER LAKE RD NE,MINNEAPOLIS,MN,55421,612-782-7000,"Dentist, General Practice",2008-05-16,45.03695839294,-93.218212284557
nppes,1174706865,TWIN CITIES PERIODONTICS,,6600 EXCELSIOR BLVD STE 180,ST LOUIS PARK,MN,55426,952-935-9009,"Dentist, Periodontics",2008-04-28,44.927136610456,-93.362519950133
nppes,1225201213,"TWIN CITIES TMJ & FACIAL PAIN CLINIC, LTD.",,"6600 EXCELSIOR BLVD, SUITE 191",ST LOUIS PARK,MN,55426,952-931-9961,Dentist,2008-04-10,44.927136610456,-93.362519950133
nppes,1326479288,TWIN SMILES,ALPINE DENTAL,5237 DOUGLAS DR N,CRYSTAL,MN,55429,763-536-1118,Dentist,2013-12-03,45.048597629841,-93.360315372785
nppes,1679944698,TWINCARE DENTAL LLC,,2228 E LAKE ST,MINNEAPOLIS,MN,55407,612-886-3270,"Dentist, General Practice",2015-12-02,44.948429291302,-93.240004388813
nppes,1750230306,"UNITED ENDO - VALLEY VIEW, PLLC",,4018 WEST 65TH STREET SUITE 300,EDINA,MN,55435,952-653-4500,"Dentist, Endodontics",2026-01-27,44.886194363274,-93.333032303229
nppes,1093468852,"UNIVERSITY AVE DENTAL, PLLC",,10155 UNIVERSITY AVE NE STE 112,BLAINE,MN,55434,763-784-1242,"Dentist, General Practice",2022-02-01,45.154250897638,-93.266381305859
nppes,1992075287,UNIVERSITY OF MINNESOTA PEDIATRIC DENTAL CLINIC,,"701 25TH AVE S, SUITE 400",MINNEAPOLIS,MN,55454,651-659-4900,Dentist,2013-06-05,44.966530708931,-93.236085626371
nppes,1659458974,UPTOWN DENTAL ACQUISITION COMPANY,UPTOWN DENTAL,"1406 W LAKE ST, SUITE 100",MINNEAPOLIS,MN,55408,612-827-3736,"Dentist, General Practice",2020-08-22,44.948421290615,-93.297955370135
nppes,1932206539,UPTOWN SMILE LLC,UPTOWN SMILE,"1516 W LAKE ST, SUITE 302",MINNEAPOLIS,MN,55408,612-822-4184,"Dentist, General Practice",2020-08-22,44.948427904663,-93.301098422134
nppes,1013111202,V DENTAL CENTER,V DENTAL INC.,3903 COON RAPIDS BLVD NW,COON RAPIDS,MN,55433,763-422-2000,"Dentist, Pediatric Dentistry",2025-09-11,45.182799883064,-93.36505579319
nppes,1053711713,VIVAAN DENTAL SYSTEMS,REFLECTIONS DENTAL CARE,8511 JEFFERSON LN N,BROOKLYN PARK,MN,55445,763-205-0526,Dentist,2014-12-18,45.109095492802,-93.400010491889
nppes,1669743738,"W H DENTAL, PLLC",VERSA DENTAL CARE,"17610 19TH AVE N, SUITE 8",PLYMOUTH,MN,55447,763-475-2000,"Dentist, General Practice",2012-01-22,44.99986528843,-93.504054208785
nppes,1023238144,"WALKER METHODIST HEALTH CENTER, INC.",WALKER DENTAL CLINIC,3737 BRYANT AVE S,MINNEAPOLIS,MN,55409,612-827-5931,"Dentist, General Practice",2016-01-25,44.935214321361,-93.290694173048
nppes,1740737782,WALLACE E. LUNDEN III DDS PA,CEDAR POINT DENTISTRY,1401 E 66TH ST,RICHFIELD,MN,55423,612-866-7000,"Dentist, General Practice",2016-09-19,44.883437690238,-93.255389159282
nppes,1558218537,WELLSPRING DENTAL HEALTH,,7701 YORK AVE S STE 140,EDINA,MN,55435,952-956-6700,Dentist,2026-03-11,44.865460737703,-93.321148690399
nppes,1396690863,WEST END DENTAL PLLC,,1660 HIGHWAY 100 S STE 122,MINNEAPOLIS,MN,55416,952-544-4129,"Dentist, General Practice",2026-03-02,,
nppes,1235297672,WEST LAKE DENTAL CENTER PA,,"3033 EXCELSIOR BLVD, #310",MPLS,MN,55416,612-926-9000,"Dentist, General Practice",2020-08-22,44.947713106008,-93.319643816705
nppes,1033223581,WEST RIVER DENTAL CARE,,4103 E LAKE ST,MINNEAPOLIS,MN,55406,612-721-2424,"Dentist, General Practice",2020-08-22,44.948298445758,-93.213885774693
nppes,1255249470,WHAT IF I AM A SURROGATE OF THE ORGANIZATION,,334 E LAKE ST STE 104,MINNEAPOLIS,MN,55408,612-910-1131,"Dentist, General Practice",2026-08-29,44.948410308469,-93.271296698216
nppes,1831665603,WHITE SMILES FAMILY DENTISTRY PLLC,,1611 COUNTY HWY 10,MINNEAPOLIS,MN,55432,763-717-3989,Dentist,2018-10-19,,
nppes,1043480841,WILLIAM LEON DDS PA,,6209 42ND AVE N,CRYSTAL,MN,55422,763-537-7057,"Dentist, General Practice",2008-03-07,45.032615714863,-93.358987918845
nppes,1417399965,WILLOW GROVE FAMILY DENTAL,,28 NATHAN LN N,PLYMOUTH,MN,55441,763-544-5555,"Dentist, General Practice",2018-06-20,44.978900501823,-93.408326091549
nppes,1356404883,WOODDALE DENTAL GROUP PA,,3401 WOODDALE AVE S,ST LOUIS PARK,MN,55416,952-929-3336,"Dentist, General Practice",2020-08-22,44.941944540883,-93.359883802833
nppes,1649497025,YORK DENTAL P.L.L.C.,,3205 W 76TH ST,EDINA,MN,55435,952-841-0122,"Dentist, General Practice",2020-08-22,44.865459688509,-93.320077562799
nppes,1184354151,YOUR DENTAL,,9220 BASS LAKE RD STE 345,NEW HOPE,MN,55428,763-248-0680,"Dentist, General Practice",2022-06-13,45.058112295281,-93.394945511769
nppes,1205925500,"ZANE DENTAL, LLC",,7340 ZANE AVE N,BROOKLYN PARK,MN,55443,763-561-1200,"Dentist, General Practice",2014-09-19,45.089435956124,-93.356218850917
nppes,1801552138,ZAROU DENTAL CARE LLC,,8500 EDINBROOK PKWY STE D,BROOKLYN PARK,MN,55443,763-221-0898,"Dentist, General Practice",2021-11-10,45.110133470239,-93.308276152793
nppes,1306513023,ZOYA'S OROFACIAL PAIN AND DENTAL SLEEP REMEDIES PLLC,ZOYA'S OROFACIAL PAIN AND DENTAL SLEEP REMEDIES PLLC,"1405 LILAC LANE DRIVE NORTH, SUITE 150 K",GOLDEN VALLEY,MN,55422,763-762-6549,"Dentist, Orofacial Pain",2022-06-09,,
